{
  "welds": [
    {
      "start": {
        "xyz": [
          -2.81999998423,
          -145.866345492,
          5.0
        ],
        "pose": [
          0.2694064626786919,
          -0.7707702800015198,
          0.5773502691896258
        ]
      },
      "end": {
        "xyz": [
          -11.645823355046534,
          -141.6123102740928,
          5.0
        ],
        "pose": [
          -0.7707702800015198,
          -0.2694064626786919,
          0.5773502691896258
        ]
      }
    },
    {
      "start": {
        "xyz": [
          -11.645823355046534,
          -141.6123102740928,
          5.0
        ],
        "pose": [
          -0.7707702800015198,
          -0.2694064626786919,
          0.5773502691896258
        ]
      },
      "end": {
        "xyz": [
          91.58362911824639,
          72.55726461804912,
          5.0
        ],
        "pose": [
          -0.2694064626786919,
          0.7707702800015198,
          0.5773502691896258
        ]
      }
    },
    {
      "start": {
        "xyz": [
          91.58362911824639,
          72.55726461804912,
          5.0
        ],
        "pose": [
          -0.2694064626786919,
          0.7707702800015198,
          0.5773502691896258
        ]
      },
      "end": {
        "xyz": [
          100.40945248906188,
          68.30322940013976,
          5.0
        ],
        "pose": [
          0.7707702800015198,
          0.2694064626786919,
          0.5773502691896258
        ]
      }
    },
    {
      "start": {
        "xyz": [
          100.40945248906188,
          68.30322940013976,
          5.0
        ],
        "pose": [
          0.7707702800015198,
          0.2694064626786919,
          0.5773502691896258
        ]
      },
      "end": {
        "xyz": [
          -2.81999998423,
          -145.866345492,
          5.0
        ],
        "pose": [
          0.2694064626786919,
          -0.7707702800015198,
          0.5773502691896258
        ]
      }
    }
  ]
}