{
    "contact_edges": {
        "1": {
            "type": "line",
            "start": [
                40.733423799603,
                194.87622101338,
                5.0
            ],
            "end": [
                31.5019886236308,
                -19.645624261050155,
                5.0
            ],
            "length": 214.72037978579195,
            "solid_ids": [
                1,
                2
            ],
            "preferred_normal": [
                0.923025296077245,
                -0.03972018875569162,
                0.38268343236508984
            ]
        },
        "2": {
            "type": "line",
            "start": [
                40.733423799603,
                194.87622101338,
                5.0
            ],
            "end": [
                30.234891666778253,
                195.32800026552584,
                5.0
            ],
            "length": 10.508248257279767,
            "solid_ids": [
                1,
                2
            ],
            "preferred_normal": [
                0.03972018875569162,
                0.923025296077245,
                0.38268343236508984
            ]
        },
        "3": {
            "type": "line",
            "start": [
                31.501988623627,
                -19.64562426105,
                5.0
            ],
            "end": [
                21.003456490802254,
                -19.193845008904134,
                5.0
            ],
            "length": 10.508248257279764,
            "solid_ids": [
                1,
                2
            ],
            "preferred_normal": [
                -0.03972018875569162,
                -0.923025296077245,
                0.38268343236508984
            ]
        },
        "4": {
            "type": "line",
            "start": [
                30.234891666778,
                195.32800026552,
                5.0
            ],
            "end": [
                21.0034564908058,
                -19.193845008910156,
                5.0
            ],
            "length": 214.72037978579195,
            "solid_ids": [
                1,
                2
            ],
            "preferred_normal": [
                -0.923025296077245,
                0.03972018875569162,
                0.38268343236508984
            ]
        },
        "5": {
            "type": "line",
            "start": [
                15.855255520516998,
                93.76824658249897,
                5.0
            ],
            "end": [
                -99.15530708494008,
                98.71745141469758,
                5.0
            ],
            "length": 115.1170019558137,
            "solid_ids": [
                1,
                4
            ],
            "preferred_normal": [
                0.03972018875569162,
                0.923025296077245,
                0.38268343236508984
            ]
        },
        "6": {
            "type": "line",
            "start": [
                15.85525552051924,
                93.7682465824989,
                5.0
            ],
            "end": [
                15.631070259816818,
                88.55858688252187,
                5.0
            ],
            "length": 5.214481107519814,
            "solid_ids": [
                1,
                4
            ],
            "preferred_normal": [
                0.923025296077245,
                -0.03972018875569162,
                0.38268343236508984
            ]
        },
        "7": {
            "type": "line",
            "start": [
                -99.15530708493776,
                98.7174514146989,
                5.0
            ],
            "end": [
                -99.37949234564017,
                93.507791714722,
                5.0
            ],
            "length": 5.214481107519671,
            "solid_ids": [
                1,
                4
            ],
            "preferred_normal": [
                -0.923025296077245,
                0.03972018875569162,
                0.3826834323650898
            ]
        },
        "8": {
            "type": "line",
            "start": [
                15.631070259814,
                88.55858688252202,
                5.0
            ],
            "end": [
                -99.37949234564007,
                93.5077917147205,
                5.0
            ],
            "length": 115.11700195581071,
            "solid_ids": [
                1,
                4
            ],
            "preferred_normal": [
                -0.03972018875569162,
                -0.923025296077245,
                0.38268343236508984
            ]
        },
        "9": {
            "type": "line",
            "start": [
                -109.1460608964,
                99.147379639733,
                15.0
            ],
            "end": [
                -109.1460608964,
                99.147379639733,
                50.56638208881
            ],
            "length": 35.56638208881,
            "solid_ids": [
                3,
                4
            ],
            "preferred_normal": [
                0.4220497848043282,
                0.9065726551946183,
                0.0
            ]
        },
        "10": {
            "type": "line",
            "start": [
                -109.14606089636807,
                99.1473796397316,
                15.0
            ],
            "end": [
                -109.37024615707048,
                93.9377199397547,
                15.0
            ],
            "length": 5.214481107519671,
            "solid_ids": [
                3,
                4
            ],
            "preferred_normal": [
                0.9990753811465878,
                -0.04299282250330226,
                0.0
            ]
        },
        "11": {
            "type": "line",
            "start": [
                -109.1460608964,
                99.147379639733,
                50.56638208881
            ],
            "end": [
                -109.37024615710241,
                93.9377199397561,
                50.56638208881
            ],
            "length": 5.214481107519685,
            "solid_ids": [
                3,
                4
            ],
            "preferred_normal": [
                0.38232959604863664,
                -0.016452640882626785,
                0.9238795325112867
            ]
        },
        "12": {
            "type": "line",
            "start": [
                -109.3702461571,
                93.937719939756,
                15.0
            ],
            "end": [
                -109.3702461571,
                93.937719939756,
                50.56638208881
            ],
            "length": 35.56638208881,
            "solid_ids": [
                3,
                4
            ],
            "preferred_normal": [
                0.342609407292945,
                -0.9394779369598718,
                0.0
            ]
        },
        "13": {
            "type": "line",
            "start": [
                -106.414488899,
                162.62416891515,
                5.0
            ],
            "end": [
                -118.97808479957965,
                -129.33106063460093,
                5.0
            ],
            "length": 292.22542668871375,
            "solid_ids": [
                1,
                3
            ],
            "preferred_normal": [
                0.923025296077245,
                -0.03972018875569162,
                0.38268343236508984
            ]
        },
        "14": {
            "type": "line",
            "start": [
                -106.414488899,
                162.62416891515,
                5.0
            ],
            "end": [
                -121.65663118740031,
                163.2800780991229,
                5.0
            ],
            "length": 15.256248503398888,