{
  "welds": [
    {
      "start": {
        "xyz": [
          146.86624606034,
          -81.61087855207,
          5.0
        ],
        "pose": [
          0.5967386239478821,
          -0.5572877904238122,
          0.5773502691896257
        ]
      },
      "end": {
        "xyz": [
          129.45046160240028,
          -82.20624379222816,
          5.0
        ],
        "pose": [
          -0.5572877904238122,
          -0.5967386239478821,
          0.5773502691896257
        ]
      }
    },
    {
      "start": {
        "xyz": [
          129.45046160240028,
          -82.20624379222816,
          5.0
        ],
        "pose": [
          -0.5572877904238122,
          -0.5967386239478821,
          0.5773502691896257
        ]
      },
      "end": {
        "xyz": [
          123.34307507118005,
          96.44867297919701,
          5.0
        ],
        "pose": [
          -0.5967386239478821,
          0.5572877904238122,
          0.5773502691896257
        ]
      }
    },
    {
      "start": {
        "xyz": [
          123.34307507118005,
          96.44867297919701,
          5.0
        ],
        "pose": [
          -0.5967386239478821,
          0.5572877904238122,
          0.5773502691896257
        ]
      },
      "end": {
        "xyz": [
          140.75885952911977,
          97.044038219355,
          5.0
        ],
        "pose": [
          0.5572877904238122,
          0.5967386239478821,
          0.5773502691896257
        ]
      }
    },
    {
      "start": {
        "xyz": [
          140.75885952911977,
          97.044038219355,
          5.0
        ],
        "pose": [
          0.5572877904238122,
          0.5967386239478821,
          0.5773502691896257
        ]
      },
      "end": {
        "xyz": [
          146.86624606034,
          -81.61087855207,
          5.0
        ],
        "pose": [
          0.5967386239478821,
          -0.5572877904238122,
          0.5773502691896257
        ]
      }
    }
  ]
}