{
    "contact_edges": {
        "1": {
            "type": "line",
            "start": [
                130.21675050215,
                -108.9871043396,
                5.0
            ],
            "end": [
                118.18973438249411,
                -108.28905305012921,
                5.0
            ],
            "length": 12.047256631498916,
            "solid_ids": [
                1,
                2
            ],
            "preferred_normal": [
                -0.053532129240026316,
                -0.9223273289523101,
                0.38268343236508984
            ]
        },
        "2": {
            "type": "line",
            "start": [
                130.21675050215,
                -108.9871043396,
                5.0
            ],
            "end": [
                137.91331854726076,
                23.62026898787294,
                5.0
            ],
            "length": 132.83054099296893,
            "solid_ids": [
                1,
                2
            ],
            "preferred_normal": [
                0.9223273289523102,
                -0.05353212924002632,
                0.3826834323650899
            ]
        },
        "3": {
            "type": "line",
            "start": [
                118.18973438249,
                -108.2890530502,
                5.0
            ],
            "end": [
                125.88630242760486,
                24.3183202773437,
                5.0
            ],
            "length": 132.83054099303982,
            "solid_ids": [
                1,
                2
            ],
            "preferred_normal": [
                -0.9223273289523102,
                0.05353212924002632,
                0.3826834323650899
            ]
        },
        "4": {
            "type": "line",
            "start": [
                137.91331854726,
                23.620268987873,
                5.0
            ],
            "end": [
                125.8863024276,
                24.318320277344018,
                5.0
            ],
            "length": 12.047256631503016,
            "solid_ids": [
                1,
                2
            ],
            "preferred_normal": [
                0.053532129240026316,
                0.9223273289523101,
                0.38268343236508984
            ]
        }
    }
}