{
    "contact_edges": {
        "1": {
            "type": "line",
            "start": [
                181.67113234293,
                13.488695083498,
                5.0
            ],
            "end": [
                181.17416217010035,
                2.298919612700985,
                5.0
            ],
            "length": 11.200805972765215,
            "solid_ids": [
                1,
                2
            ],
            "preferred_normal": [
                0.9229697002164925,
                -0.040991743992560045,
                0.38268343236508984
            ]
        },
        "2": {
            "type": "line",
            "start": [
                181.67113234293,
                13.488695083498,
                5.0
            ],
            "end": [
                -4.645902457239221,
                21.76357148538854,
                5.0
            ],
            "length": 186.50069982762543,
            "solid_ids": [
                1,
                2
            ],
            "preferred_normal": [
                0.040991743992560045,
                0.9229697002164925,
                0.38268343236508984
            ]
        },
        "3": {
            "type": "line",
            "start": [
                181.1741621701,
                2.298919612701,
                5.0
            ],
            "end": [
                -5.142872630069282,
                10.573796014591542,
                5.0
            ],
            "length": 186.50069982762548,
            "solid_ids": [
                1,
                2
            ],
            "preferred_normal": [
                -0.040991743992560045,
                -0.9229697002164925,
                0.38268343236508984
            ]
        },
        "4": {
            "type": "line",
            "start": [
                -4.645902457239,
                21.763571485393,
                5.0
            ],
            "end": [
                -5.142872630068626,
                10.573796014596983,
                5.0
            ],
            "length": 11.200805972764217,
            "solid_ids": [
                1,
                2
            ],
            "preferred_normal": [
                -0.9229697002164925,
                0.040991743992560045,
                0.38268343236508984
            ]
        },
        "5": {
            "type": "line",
            "start": [
                127.93288645938,
                157.90071575405,
                5.0
            ],
            "end": [
                122.08124041346171,
                26.1451115583739,
                5.0
            ],
            "length": 131.88548441134213,
            "solid_ids": [
                1,
                3
            ],
            "preferred_normal": [
                0.9229697002164925,
                -0.040991743992560045,
                0.38268343236508984
            ]
        },
        "6": {
            "type": "line",
            "start": [
                127.93288645938,
                157.90071575405,
                5.0
            ],
            "end": [
                122.62681313922018,
                158.13637376004382,
                5.0
            ],
            "length": 5.3113038676676085,
            "solid_ids": [
                1,
                3
            ],
            "preferred_normal": [
                0.040991743992560045,
                0.9229697002164925,
                0.38268343236508984
            ]
        },
        "7": {
            "type": "line",
            "start": [
                122.08124041345981,
                26.14511155837043,
                5.0
            ],
            "end": [
                116.77516709329983,
                26.38076956436427,
                5.0
            ],
            "length": 5.311303867667766,
            "solid_ids": [
                1,
                3
            ],
            "preferred_normal": [
                -0.040991743992560045,
                -0.9229697002164925,
                0.38268343236508984
            ]
        },
        "8": {
            "type": "line",
            "start": [
                122.62681313922,
                158.13637376004,
                5.0
            ],
            "end": [
                116.77516709330189,
                26.380769564367895,
                5.0
            ],
            "length": 131.88548441133815,
            "solid_ids": [
                1,
                3
            ],
            "preferred_normal": [
                -0.9229697002164925,
                0.040991743992560045,
                0.38268343236508984
            ]
        },
        "9": {
            "type": "line",
            "start": [
                121.63754897372,
                16.154959512168,
                15.0
            ],
            "end": [
                121.63754897372,
                16.154959512168,
                50.23942198911
            ],
            "length": 35.23942198911,
            "solid_ids": [
                2,
                3
            ],
            "preferred_normal": [
                0.9399490365235368,
                0.341314823496541,
                0.0
            ]
        },
        "10": {
            "type": "line",
            "start": [
                121.63754897371989,
                16.15495951216543,
                15.0
            ],
            "end": [
                116.33147565355985,
                16.39061751815927,
                15.0
            ],
            "length": 5.311303867667823,
            "solid_ids": [
                2,
                3
            ],
            "preferred_normal": [
                0.016979336307044225,
                0.38230656748910113,
                -0.9238795325112866
            ]
        },
        "11": {
            "type": "line",
            "start": [
                121.63754897372,
                16.154959512168,
                50.23942198911
            ],
            "end": [
                116.33147565355999,
                16.39061751816184,
                50.23942198911
            ],
            "length": 5.311303867667794,
            "solid_ids": [
                2,
                3
            ],
            "preferred_normal": [
                0.016979336307044225,
                0.38230656748910113,
                0.9238795325112866
            ]
        },
        "12": {
            "type": "line",
            "start": [
                116.33147565356,
                16.390617518162,
                15.0
            ],
            "end": [
                116.33147565356,
                16.390617518162,
                50.23942198911
            ],
            "length": 35.23942198911,
            "solid_ids": [
                2,
                3
            ],
            "preferred_normal": [
                -0.9059903639094483,
                0.423298311481661,
                0.0
            ]
        }
    }
}