{
    "contact_edges": {
        "1": {
            "type": "line",
            "start": [
                -80.1069454982,
                199.28811998909,
                5.0
            ],
            "end": [
                -87.41323078667838,
                188.11652367758896,
                5.0
            ],
            "length": 13.34864670533232,
            "solid_ids": [
                1,
                2
            ],
            "preferred_normal": [
                -0.7732026628250968,
                0.5056787842034245,
                0.38268343236508984
            ]
        },
        "2": {
            "type": "line",
            "start": [
                120.06204876717,
                68.37649937281,
                5.0
            ],
            "end": [
                -80.10694549815385,
                199.28811998916072,
                5.0
            ],
            "length": 239.1766683386793,
            "solid_ids": [
                1,
                2
            ],
            "preferred_normal": [
                0.5056787842034245,
                0.7732026628250968,
                0.38268343236508984
            ]
        },
        "3": {
            "type": "line",
            "start": [
                112.75576347869,
                57.204903061304,
                5.0
            ],
            "end": [
                -87.41323078663659,
                188.11652367765652,
                5.0
            ],
            "length": 239.1766683386826,
            "solid_ids": [
                1,
                2
            ],
            "preferred_normal": [
                -0.5056787842034245,
                -0.7732026628250968,
                0.38268343236508984
            ]
        },
        "4": {
            "type": "line",
            "start": [
                120.06204876717,
                68.37649937281,
                5.0
            ],
            "end": [
                112.75576347868886,
                57.20490306130474,
                5.0
            ],
            "length": 13.348646705337355,
            "solid_ids": [
                1,
                2
            ],
            "preferred_normal": [
                0.7732026628250968,
                -0.5056787842034245,
                0.38268343236508984
            ]
        },
        "5": {
            "type": "line",
            "start": [
                97.62770571376102,
                55.14999877349456,
                5.0
            ],
            "end": [
                -53.17300325259747,
                -175.430190411969,
                5.0
            ],
            "length": 275.5142055676268,
            "solid_ids": [
                1,
                3
            ],
            "preferred_normal": [
                0.7732026628250968,
                -0.5056787842034245,
                0.38268343236508984
            ]
        },
        "6": {
            "type": "line",
            "start": [
                97.62770571384415,
                55.14999877360655,
                5.0
            ],
            "end": [
                92.03997775739171,
                58.80440351809398,
                5.0
            ],
            "length": 6.6766292207859195,
            "solid_ids": [
                1,
                3
            ],
            "preferred_normal": [
                0.5056787842034245,
                0.7732026628250968,
                0.38268343236508984
            ]
        },
        "7": {
            "type": "line",
            "start": [
                -53.17300325255,
                -175.430190412,
                5.0
            ],
            "end": [
                -58.76073120900649,
                -171.77578566750992,
                5.0
            ],
            "length": 6.67662922079076,
            "solid_ids": [
                1,
                3
            ],
            "preferred_normal": [
                -0.5056787842034245,
                -0.7732026628250968,
                0.38268343236508984
            ]
        },
        "8": {
            "type": "line",
            "start": [
                92.03997775731077,
                58.804403517977114,
                5.0
            ],
            "end": [
                -58.760731209039676,
                -171.77578566747417,
                5.0
            ],
            "length": 275.5142055676121,
            "solid_ids": [
                1,
                3
            ],
            "preferred_normal": [
                -0.7732026628250968,
                0.5056787842034245,
                0.38268343236508984
            ]
        },
        "9": {
            "type": "line",
            "start": [
                97.513405476062,
                67.173488832849,
                15.0
            ],
            "end": [
                97.513405476062,
                67.173488832849,
                75.933436501512
            ],
            "length": 60.933436501512006,
            "solid_ids": [
                2,
                3
            ],
            "preferred_normal": [
                -0.9826616734464928,
                0.18540775479827795,
                0.0
            ]
        },
        "10": {
            "type": "line",
            "start": [
                103.10113343256882,
                63.51908408845313,
                15.0
            ],
            "end": [
                97.5134054761202,
                67.17348883293808,
                15.0
            ],
            "length": 6.676629220781363,
            "solid_ids": [
                2,
                3
            ],
            "preferred_normal": [
                -0.5473427718751274,
                -0.8369085314871946,
                0.0
            ]
        },
        "11": {
            "type": "line",
            "start": [
                103.10113343251,
                63.519084088363,
                75.933436501512
            ],
            "end": [
                97.51340547606132,
                67.17348883284798,
                75.933436501512
            ],
            "length": 6.676629220781426,
            "solid_ids": [
                2,
                3
            ],
            "preferred_normal": [
                -0.20945901062139613,
                -0.3202710294051465,
                0.9238795325112866
            ]
        },
        "12": {
            "type": "line",
            "start": [
                103.10113343251,
                63.519084088363,
                15.0
            ],
            "end": [
                103.10113343251,
                63.519084088363,
                75.933436501512
            ],
            "length": 60.933436501512006,
            "solid_ids": [
                2,
                3
            ],
            "preferred_normal": [
                0.5637436522037005,
                -0.8259498136085709,
                0.0
            ]
        }
    }
}