{
    "contact_edges": {
        "1": {
            "type": "line",
            "start": [
                107.47995292699,
                78.446817186458,
                5.0
            ],
            "end": [
                -90.3555290276199,
                -31.36144142460019,
                5.0
            ],
            "length": 226.2669476070374,
            "solid_ids": [
                1,
                2
            ],
            "preferred_normal": [
                0.44836244844586226,
                -0.8077898894000254,
                0.38268343236508984
            ]
        },
        "2": {
            "type": "line",
            "start": [
                107.47995292699,
                78.446817186458,
                5.0
            ],
            "end": [
                101.79982408218564,
                88.68039198119558,
                5.0
            ],
            "length": 11.704269168686558,
            "solid_ids": [
                1,
                2
            ],
            "preferred_normal": [
                0.8077898894000254,
                0.44836244844586226,
                0.38268343236508984
            ]
        },
        "3": {
            "type": "line",
            "start": [
                -90.35552902762,
                -31.3614414246,
                5.0
            ],
            "end": [
                -96.03565787242435,
                -21.127866629862414,
                5.0
            ],
            "length": 11.704269168686565,
            "solid_ids": [
                1,
                2
            ],
            "preferred_normal": [
                -0.8077898894000254,
                -0.44836244844586226,
                0.38268343236508984
            ]
        },
        "4": {
            "type": "line",
            "start": [
                101.79982408219,
                88.680391981198,
                5.0
            ],
            "end": [
                -96.03565787241992,
                -21.12786662986021,
                5.0
            ],
            "length": 226.26694760703745,
            "solid_ids": [
                1,
                2
            ],
            "preferred_normal": [
                -0.44836244844586226,
                0.8077898894000254,
                0.38268343236508984
            ]
        },
        "5": {
            "type": "line",
            "start": [
                16.436227776641168,
                52.736595081049096,
                5.0
            ],
            "end": [
                -11.802724070322096,
                103.61315681876884,
                5.0
            ],
            "length": 58.1881683477588,
            "solid_ids": [
                1,
                3
            ],
            "preferred_normal": [
                0.8077898894000254,
                0.44836244844586226,
                0.38268343236508984
            ]
        },
        "6": {
            "type": "line",
            "start": [
                16.436227776640457,
                52.73659508104997,
                5.0
            ],
            "end": [
                12.001106778969664,
                50.274888471740596,
                5.0
            ],
            "length": 5.0725040851928185,
            "solid_ids": [
                1,
                3
            ],
            "preferred_normal": [
                0.44836244844586226,
                -0.8077898894000254,
                0.3826834323650897
            ]
        },
        "7": {
            "type": "line",
            "start": [
                -11.80272407032,
                103.61315681877,
                5.0
            ],
            "end": [
                -16.23784506799385,
                101.15145020945891,
                5.0
            ],
            "length": 5.072504085196317,
            "solid_ids": [
                1,
                3
            ],
            "preferred_normal": [
                -0.44836244844586226,
                0.8077898894000254,
                0.38268343236508984
            ]
        },
        "8": {
            "type": "line",
            "start": [
                12.001106778969742,
                50.27488847173986,
                5.0
            ],
            "end": [
                -16.237845067999462,
                101.1514502094703,
                5.0
            ],
            "length": 58.18816834777103,
            "solid_ids": [
                1,
                3
            ],
            "preferred_normal": [
                -0.8077898894000254,
                -0.44836244844586226,
                0.38268343236508984
            ]
        },
        "9": {
            "type": "line",
            "start": [
                21.289267947659,
                43.993140323433,
                15.0
            ],
            "end": [
                21.289267947659,
                43.993140323433,
                53.347796947338
            ],
            "length": 38.347796947338,
            "solid_ids": [
                2,
                3
            ],
            "preferred_normal": [
                0.6220720823949416,
                0.7829599761832152,
                0.0
            ]
        },
        "10": {
            "type": "line",
            "start": [
                21.289267947659113,
                43.993140323432776,
                15.0
            ],
            "end": [
                16.854146949987896,
                41.53143371412317,
                15.0
            ],
            "length": 5.072504085193302,
            "solid_ids": [
                2,
                3
            ],
            "preferred_normal": [
                -0.48530401710180193,
                0.8743454757616431,
                0.0
            ]
        },
        "11": {
            "type": "line",
            "start": [
                21.289267947659,
                43.993140323433,
                53.347796947338
            ],
            "end": [
                16.85414694998778,
                41.531433714123395,
                53.347796947338
            ],
            "length": 5.072504085193305,
            "solid_ids": [
                2,
                3
            ],
            "preferred_normal": [
                -0.1857178070050838,
                0.3345975277373531,
                0.9238795325112866
            ]
        },
        "12": {
            "type": "line",
            "start": [
                16.854146949988,
                41.531433714123,
                15.0
            ],
            "end": [
                16.854146949988,
                41.531433714123,
                53.347796947338
            ],
            "length": 38.347796947338,
            "solid_ids": [
                2,
                3
            ],
            "preferred_normal": [
                -0.9935076964051092,
                -0.11376492070850924,
                0.0
            ]
        }
    }
}