{
    "contact_edges": {
        "1": {
            "type": "line",
            "start": [
                -99.12960129575,
                -30.88043488773,
                5.0
            ],
            "end": [
                -99.91226322655172,
                -19.545303364000116,
                5.0
            ],
            "length": 11.362119800379736,
            "solid_ids": [
                1,
                2
            ],
            "preferred_normal": [
                -0.9216850549971775,
                -0.06364000304936861,
                0.38268343236508984
            ]
        },
        "2": {
            "type": "line",
            "start": [
                -99.12960129575,
                -30.88043488773,
                5.0
            ],
            "end": [
                91.65959145461682,
                -17.706927578926884,
                5.0
            ],
            "length": 191.24345051570188,
            "solid_ids": [
                1,
                2
            ],
            "preferred_normal": [
                0.06364000304936861,
                -0.9216850549971775,
                0.38268343236508984
            ]
        },
        "3": {
            "type": "line",
            "start": [
                -99.91226322655,
                -19.545303364,
                5.0
            ],
            "end": [
                90.87692952381471,
                -6.371796055197027,
                5.0
            ],
            "length": 191.24345051569975,
            "solid_ids": [
                1,
                2
            ],
            "preferred_normal": [
                -0.06364000304936861,
                0.9216850549971775,
                0.38268343236508984
            ]
        },
        "4": {
            "type": "line",
            "start": [
                91.659591454617,
                -17.70692757893,
                5.0
            ],
            "end": [
                90.87692952381536,
                -6.371796055200973,
                5.0
            ],
            "length": 11.362119800378872,
            "solid_ids": [
                1,
                2
            ],
            "preferred_normal": [
                0.9216850549971775,
                0.06364000304936861,
                0.38268343236508984
            ]
        }
    }
}