{
    "contact_edges": {
        "1": {
            "type": "line",
            "start": [
                70.291862527872,
                78.363850642792,
                5.0
            ],
            "end": [
                -57.57464114720626,
                -54.33353666535036,
                5.0
            ],
            "length": 184.27815757841717,
            "solid_ids": [
                1,
                2
            ],
            "preferred_normal": [
                0.665279063795428,
                -0.6410594027613608,
                0.38268343236508984
            ]
        },
        "2": {
            "type": "line",
            "start": [
                70.291862527872,
                78.363850642792,
                5.0
            ],
            "end": [
                62.84255531044239,
                85.54196385222822,
                5.0
            ],
            "length": 10.344925677216418,
            "solid_ids": [
                1,
                2
            ],
            "preferred_normal": [
                0.6410594027613608,
                0.665279063795428,
                0.38268343236508984
            ]
        },
        "3": {
            "type": "line",
            "start": [
                -57.5746411473,
                -54.33353666526,
                5.0
            ],
            "end": [
                -65.02394836472652,
                -47.155423455826764,
                5.0
            ],
            "length": 10.344925677212126,
            "solid_ids": [
                1,
                2
            ],
            "preferred_normal": [
                -0.6410594027613608,
                -0.665279063795428,
                0.38268343236508984
            ]
        },
        "4": {
            "type": "line",
            "start": [
                62.842555310447,
                85.541963852233,
                5.0
            ],
            "end": [
                -65.02394836462935,
                -47.155423455907375,
                5.0
            ],
            "length": 184.2781575784144,
            "solid_ids": [
                1,
                2
            ],
            "preferred_normal": [
                -0.665279063795428,
                0.6410594027613608,
                0.38268343236508984
            ]
        }
    }
}