{
    "contact_edges": {
        "1": {
            "type": "line",
            "start": [
                85.32938876452,
                4.916287213741,
                5.0
            ],
            "end": [
                -106.090355782626,
                -68.3864546035321,
                5.0
            ],
            "length": 204.9751462017394,
            "solid_ids": [
                1,
                2
            ],
            "preferred_normal": [
                0.3303956801439917,
                -0.8627815975873979,
                0.3826834323650898
            ]
        },
        "2": {
            "type": "line",
            "start": [
                85.32938876452,
                4.916287213741,
                5.0
            ],
            "end": [
                82.23740934321744,
                12.99055423701493,
                5.0
            ],
            "length": 8.646046767447386,
            "solid_ids": [
                1,
                2
            ],
            "preferred_normal": [
                0.8627815975873979,
                0.3303956801439917,
                0.3826834323650898
            ]
        },
        "3": {
            "type": "line",
            "start": [
                -106.0903557826,
                -68.3864546036,
                5.0
            ],
            "end": [
                -109.18233520390093,
                -60.31218758033035,
                5.0
            ],
            "length": 8.646046767442805,
            "solid_ids": [
                1,
                2
            ],
            "preferred_normal": [
                -0.8627815975873979,
                -0.3303956801439917,
                0.3826834323650898
            ]
        },
        "4": {
            "type": "line",
            "start": [
                82.237409343215,
                12.990554237014,
                5.0
            ],
            "end": [
                -109.18233520392766,
                -60.31218758025783,
                5.0
            ],
            "length": 204.9751462017358,
            "solid_ids": [
                1,
                2
            ],
            "preferred_normal": [
                -0.3303956801439917,
                0.8627815975873979,
                0.3826834323650898
            ]
        },
        "5": {
            "type": "line",
            "start": [
                31.881051223633,
                72.752767896975,
                15.0
            ],
            "end": [
                31.881051223633,
                72.752767896975,
                63.683157521102
            ],
            "length": 48.683157521102,
            "solid_ids": [
                3,
                5
            ],
            "preferred_normal": [
                0.9996359692525224,
                -0.026980158942634634,
                0.0
            ]
        },
        "6": {
            "type": "line",
            "start": [
                31.881051223623846,
                72.75276789699889,
                15.0
            ],
            "end": [
                26.568748033729157,
                70.71846161315565,
                15.0
            ],
            "length": 5.688494285647948,
            "solid_ids": [
                3,
                5
            ],
            "preferred_normal": [
                0.1368543716651244,
                -0.35737583908662607,
                -0.9238795325112868
            ]
        },
        "7": {
            "type": "line",
            "start": [
                31.881051223633,
                72.752767896975,
                63.683157521102
            ],
            "end": [
                26.568748033738323,
                70.71846161313177,
                63.683157521102
            ],
            "length": 5.688494285647938,
            "solid_ids": [
                3,
                5
            ],
            "preferred_normal": [
                0.1368543716651245,
                -0.35737583908662635,
                0.9238795325112867
            ]
        },
        "8": {
            "type": "line",
            "start": [
                26.568748033739,
                70.71846161313,
                15.0
            ],
            "end": [
                26.568748033739,
                70.71846161313,
                63.683157521102
            ],
            "length": 48.683157521102,
            "solid_ids": [
                3,
                5
            ],
            "preferred_normal": [
                -0.7259272259222734,
                -0.6877715192306181,
                0.0
            ]
        },
        "9": {
            "type": "line",
            "start": [
                54.70362271635049,
                13.154849773658954,
                5.0
            ],
            "end": [
                35.4572282956352,
                63.414087179138974,
                5.0
            ],
            "length": 53.81834856977816,
            "solid_ids": [
                1,
                5
            ],
            "preferred_normal": [
                0.8627815975873979,
                0.3303956801439917,
                0.3826834323650898
            ]
        },
        "10": {
            "type": "line",
            "start": [
                54.70362271633948,
                13.154849773680224,
                5.0
            ],
            "end": [
                49.39131952644567,
                11.12054348983732,
                5.0
            ],
            "length": 5.6884942856470095,
            "solid_ids": [
                1,
                5
            ],
            "preferred_normal": [
                0.33039568014399173,
                -0.8627815975873979,
                0.38268343236508984
            ]
        },
        "11": {
            "type": "line",
            "start": [
                35.45722829560861,
                63.41408717915388,
                5.0
            ],
            "end": [
                30.144925105714808,
                61.37978089531099,
                5.0
            ],
            "length": 5.688494285646996,
            "solid_ids": [
                1,
                5
            ],
            "preferred_normal": [
                -0.3303956801439917,
                0.8627815975873979,
                0.3826834323650898
            ]
        },
        "12": {
            "type": "line",
            "start": [
                49.39131952645782,
                11.120543489814084,
                5.0
            ],
            "end": [
                30.144925105742526,
                61.379780895294104,
                5.0
            ],
            "length": 53.81834856977816,
            "solid_ids": [
                1,
                5
            ],
            "preferred_normal": [
                -0.8627815975873979,
                -0.3303956801439917,
                0.3826834323650898
            ]
        },
        "13": {
            "type": "line",
            "start": [
                -47.52867148689334,
                -25.99423322769128,
                5.0
            ],
            "end": [
                -66.77506590760517,
                24.2650041777797,
                5.0
            ],
            "length": 53.81834856976848,
            "solid_ids": [
                1,
                4
            ],
            "preferred_normal": [
                0.8627815975873979,
                0.3303956801439917,
                0.3826834323650898
            ]
        },
        "14": {
            "type": "line",
            "start": [
                -47.528671486895895,
                -25.994233227674624,
                5.0
            ],
            "end": [
                -51.109609975657676,
                -27.365526508450007,
                5.0
            ],
            "length": 3.834522880645677,