{
    "contact_edges": {
        "1": {
            "type": "line",
            "start": [
                -96.06350663194,
                121.5908544256,
                5.0
            ],
            "end": [
                -97.29076950415559,
                -116.93661503760009,
                5.0
            ],
            "length": 238.53062667648229,
            "solid_ids": [
                1,
                2
            ],
            "preferred_normal": [
                0.9238673039569419,
                -0.004753448496107903,
                0.38268343236508984
            ]
        },
        "2": {
            "type": "line",
            "start": [
                -96.06350663194,
                121.5908544256,
                5.0
            ],
            "end": [
                -104.55313841459999,
                121.6345349706923,
                5.0
            ],
            "length": 8.489744153693332,
            "solid_ids": [
                1,
                2
            ],
            "preferred_normal": [
                0.004753448496107903,
                0.9238673039569419,
                0.38268343236508984
            ]
        },
        "3": {
            "type": "line",
            "start": [
                -97.29076950416,
                -116.9366150376,
                5.0
            ],
            "end": [
                -105.78040128680004,
                -116.8929344925078,
                5.0
            ],
            "length": 8.489744153673394,
            "solid_ids": [
                1,
                2
            ],
            "preferred_normal": [
                -0.004753448496107903,
                -0.9238673039569419,
                0.38268343236508984
            ]
        },
        "4": {
            "type": "line",
            "start": [
                -104.5531384146,
                121.63453497069,
                5.0
            ],
            "end": [
                -105.78040128681555,
                -116.89293449249998,
                5.0
            ],
            "length": 238.53062667647217,
            "solid_ids": [
                1,
                2
            ],
            "preferred_normal": [
                -0.9238673039569419,
                0.004753448496107903,
                0.38268343236508984
            ]
        },
        "5": {
            "type": "line",
            "start": [
                10.339479249234,
                17.988073966161,
                5.0
            ],
            "end": [
                9.602184948894173,
                -125.31043826880001,
                5.0
            ],
            "length": 143.3004089723354,
            "solid_ids": [
                1,
                3
            ],
            "preferred_normal": [
                0.9238673039569419,
                -0.004753448496107903,
                0.38268343236508984
            ]
        },
        "6": {
            "type": "line",
            "start": [
                10.339479249234,
                17.988073966161,
                5.0
            ],
            "end": [
                1.8986566531260012,
                18.031503379999474,
                5.0
            ],
            "length": 8.44093432108992,
            "solid_ids": [
                1,
                3
            ],
            "preferred_normal": [
                0.004753448496107903,
                0.9238673039569419,
                0.38268343236508984
            ]
        },
        "7": {
            "type": "line",
            "start": [
                9.602184948894,
                -125.3104382688,
                5.0
            ],
            "end": [
                1.1613623527861963,
                -125.26700885496152,
                5.0
            ],
            "length": 8.440934321089724,
            "solid_ids": [
                1,
                3
            ],
            "preferred_normal": [
                -0.004753448496107903,
                -0.9238673039569419,
                0.38268343236508984
            ]
        },
        "8": {
            "type": "line",
            "start": [
                1.898656653126,
                18.031503379999,
                5.0
            ],
            "end": [
                1.161362352785978,
                -125.26700885500001,
                5.0
            ],
            "length": 143.3004089723734,
            "solid_ids": [
                1,
                3
            ],
            "preferred_normal": [
                -0.9238673039569419,
                0.004753448496107903,
                0.38268343236508984
            ]
        }
    }
}