{
    "contact_edges": {
        "1": {
            "type": "line",
            "start": [
                145.54953868492,
                -163.1670035215,
                5.0
            ],
            "end": [
                -44.84283906690493,
                -138.52317651198322,
                5.0
            ],
            "length": 191.98066495266806,
            "solid_ids": [
                1,
                2
            ],
            "preferred_normal": [
                -0.11859489799378856,
                -0.9162361271872642,
                0.3826834323650898
            ]
        },
        "2": {
            "type": "line",
            "start": [
                145.54953868492,
                -163.1670035215,
                5.0
            ],
            "end": [
                146.72840397032164,
                -154.0593691979015,
                5.0
            ],
            "length": 9.18361183486728,
            "solid_ids": [
                1,
                2
            ],
            "preferred_normal": [
                0.9162361271872642,
                -0.11859489799378856,
                0.3826834323650898
            ]
        },
        "3": {
            "type": "line",
            "start": [
                -44.84283906692,
                -138.5231765121,
                5.0
            ],
            "end": [
                -43.663973781518216,
                -129.41554218850024,
                5.0
            ],
            "length": 9.183611834868568,
            "solid_ids": [
                1,
                2
            ],
            "preferred_normal": [
                -0.9162361271872642,
                0.11859489799378856,
                0.3826834323650898
            ]
        },
        "4": {
            "type": "line",
            "start": [
                146.72840397031,
                -154.0593691979,
                5.0
            ],
            "end": [
                -43.66397378150509,
                -129.4155421883845,
                5.0
            ],
            "length": 191.98066495265815,
            "solid_ids": [
                1,
                2
            ],
            "preferred_normal": [
                0.11859489799378856,
                0.9162361271872642,
                0.3826834323650898
            ]
        },
        "5": {
            "type": "line",
            "start": [
                71.97163974127659,
                -134.29965266200136,
                5.0
            ],
            "end": [
                79.44932110081561,
                -76.52885539243188,
                5.0
            ],
            "length": 58.25273157266099,
            "solid_ids": [
                1,
                4
            ],
            "preferred_normal": [
                0.9162361271872642,
                -0.11859489799378856,
                0.3826834323650898
            ]
        },
        "6": {
            "type": "line",
            "start": [
                71.9716397412647,
                -134.29965266200998,
                5.0
            ],
            "end": [
                67.17501898574626,
                -133.67879223931314,
                5.0
            ],
            "length": 4.836635022072837,
            "solid_ids": [
                1,
                4
            ],
            "preferred_normal": [
                -0.11859489799378856,
                -0.9162361271872642,
                0.38268343236508984
            ]
        },
        "7": {
            "type": "line",
            "start": [
                79.44932110080231,
                -76.52885539241966,
                5.0
            ],
            "end": [
                74.65270034528517,
                -75.90799496972299,
                5.0
            ],
            "length": 4.836635022071532,
            "solid_ids": [
                1,
                4
            ],
            "preferred_normal": [
                0.11859489799378856,
                0.9162361271872642,
                0.3826834323650898
            ]
        },
        "8": {
            "type": "line",
            "start": [
                67.1750189857586,
                -133.67879223930137,
                5.0
            ],
            "end": [
                74.65270034529635,
                -75.90799496974171,
                5.0
            ],
            "length": 58.252731572651086,
            "solid_ids": [
                1,
                4
            ],
            "preferred_normal": [
                -0.9162361271872642,
                0.11859489799378856,
                0.3826834323650898
            ]
        },
        "9": {
            "type": "line",
            "start": [
                80.732983026628,
                -66.6115870155,
                15.0
            ],
            "end": [
                80.732983026628,
                -66.6115870155,
                47.422614436839
            ],
            "length": 32.422614436839,
            "solid_ids": [
                3,
                4
            ],
            "preferred_normal": [
                0.8671125120099833,
                -0.4981123282109535,
                0.0
            ]
        },
        "10": {
            "type": "line",
            "start": [
                80.73298302663048,
                -66.61158701548072,
                15.0
            ],
            "end": [
                75.93636227111206,
                -65.99072659278389,
                15.0
            ],
            "length": 4.836635022072823,
            "solid_ids": [
                3,
                4
            ],
            "preferred_normal": [
                -0.12836619258294885,
                -0.9917268376936048,
                0.0
            ]
        },
        "11": {
            "type": "line",
            "start": [
                80.732983026628,
                -66.6115870155,
                47.422614436839
            ],
            "end": [
                75.93636227110959,
                -65.99072659280317,
                47.422614436839
            ],
            "length": 4.836635022072823,
            "solid_ids": [
                3,
                4
            ],
            "preferred_normal": [
                -0.049123615177281005,
                -0.37951743021716505,
                0.9238795325112867
            ]
        },
        "12": {
            "type": "line",
            "start": [
                75.93636227111,
                -65.9907265928,
                15.0
            ],
            "end": [
                75.93636227111,
                -65.9907265928,
                47.422614436839
            ],
            "length": 32.422614436839,
            "solid_ids": [
                3,
                4
            ],
            "preferred_normal": [
                -0.9653597423645452,
                -0.26092253222337636,
                0.0
            ]
        },
        "13": {
            "type": "line",
            "start": [
                138.02185824182,
                -74.02688980777,
                5.0
            ],
            "end": [
                -160.10136073189165,
                -35.43870091774489,
                5.0
            ],
            "length": 300.6102160823213,
            "solid_ids": [
                1,
                3
            ],
            "preferred_normal": [
                -0.11859489799378856,
                -0.9162361271872642,
                0.3826834323650898
            ]
        },
        "14": {
            "type": "line",
            "start": [
                138.02185824182,
                -74.02688980777,
                5.0
            ],
            "end": [
                139.05936543549188,
                -66.01135466132024,
                5.0
            ],
            "length": 8.082402171439647,