{
    "contact_edges": {
        "1": {
            "type": "line",
            "start": [
                -50.43089579854,
                -27.76934423578,
                5.0
            ],
            "end": [
                -63.35514736656542,
                106.78757509830047,
                5.0
            ],
            "length": 135.17618436422833,
            "solid_ids": [
                1,
                2
            ],
            "preferred_normal": [
                -0.9196470836576336,
                -0.08833250881347844,
                0.38268343236508984
            ]
        },
        "2": {
            "type": "line",
            "start": [
                -50.43089579854,
                -27.76934423578,
                5.0
            ],
            "end": [
                -37.09868140107058,
                -26.488779150873935,
                5.0
            ],
            "length": 13.393572625583191,
            "solid_ids": [
                1,
                2
            ],
            "preferred_normal": [
                0.08833250881347844,
                -0.9196470836576336,
                0.38268343236508984
            ]
        },
        "3": {
            "type": "line",
            "start": [
                -63.35514736657,
                106.7875750983,
                5.0
            ],
            "end": [
                -50.02293296910057,
                108.06814018320605,
                5.0
            ],
            "length": 13.393572625583197,
            "solid_ids": [
                1,
                2
            ],
            "preferred_normal": [
                -0.08833250881347844,
                0.9196470836576336,
                0.38268343236508984
            ]
        },
        "4": {
            "type": "line",
            "start": [
                -37.09868140107,
                -26.48877915088,
                5.0
            ],
            "end": [
                -50.02293296909542,
                108.06814018320047,
                5.0
            ],
            "length": 135.17618436422833,
            "solid_ids": [
                1,
                2
            ],
            "preferred_normal": [
                0.9196470836576336,
                0.08833250881347844,
                0.38268343236508984
            ]
        },
        "5": {
            "type": "line",
            "start": [
                -34.784095712,
                54.004727054172,
                5.0
            ],
            "end": [
                93.00691867885746,
                66.27911046228174,
                5.0
            ],
            "length": 128.3791410124465,
            "solid_ids": [
                1,
                4
            ],
            "preferred_normal": [
                0.08833250881347844,
                -0.9196470836576336,
                0.38268343236508984
            ]
        },
        "6": {
            "type": "line",
            "start": [
                -34.784095711991014,
                54.00472705417289,
                5.0
            ],
            "end": [
                -35.73292434628057,
                63.883168164203916,
                5.0
            ],
            "length": 9.92390419852987,
            "solid_ids": [
                1,
                4
            ],
            "preferred_normal": [
                -0.9196470836576336,
                -0.08833250881347844,
                0.38268343236508984
            ]
        },
        "7": {
            "type": "line",
            "start": [
                93.00691867885867,
                66.2791104622862,
                5.0
            ],
            "end": [
                92.0580900445691,
                76.15755157231725,
                5.0
            ],
            "length": 9.923904198529893,
            "solid_ids": [
                1,
                4
            ],
            "preferred_normal": [
                0.9196470836576336,
                0.08833250881347846,
                0.3826834323650898
            ]
        },
        "8": {
            "type": "line",
            "start": [
                -35.73292434629,
                63.883168164203,
                5.0
            ],
            "end": [
                92.05809004456744,
                76.15755157231274,
                5.0
            ],
            "length": 128.37914101244647,
            "solid_ids": [
                1,
                4
            ],
            "preferred_normal": [
                -0.08833250881347844,
                0.9196470836576336,
                0.38268343236508984
            ]
        },
        "9": {
            "type": "line",
            "start": [
                102.96110698258,
                67.235214648005,
                15.0
            ],
            "end": [
                102.96110698258,
                67.235214648005,
                66.60832930483
            ],
            "length": 51.608329304829994,
            "solid_ids": [
                3,
                4
            ],
            "preferred_normal": [
                -0.29259778583437784,
                -0.9562356068066171,
                0.0
            ]
        },
        "10": {
            "type": "line",
            "start": [
                102.96110698257878,
                67.23521464800491,
                15.0
            ],
            "end": [
                102.01227834828914,
                77.11365575803696,
                15.0
            ],
            "length": 9.92390419853089,
            "solid_ids": [
                3,
                4
            ],
            "preferred_normal": [
                -0.38093029464785555,
                -0.03658852314898367,
                -0.9238795325112871
            ]
        },
        "11": {
            "type": "line",
            "start": [
                102.96110698258,
                67.235214648005,
                66.60832930483
            ],
            "end": [
                102.01227834829035,
                77.11365575803704,
                66.60832930483
            ],
            "length": 9.923904198530892,
            "solid_ids": [
                3,
                4
            ],
            "preferred_normal": [
                -0.38093029464785627,
                -0.03658852314898373,
                0.9238795325112866
            ]
        },
        "12": {
            "type": "line",
            "start": [
                102.01227834829,
                77.113655758037,
                15.0
            ],
            "end": [
                102.01227834829,
                77.113655758037,
                66.60832930483
            ],
            "length": 51.608329304829994,
            "solid_ids": [
                3,
                4
            ],
            "preferred_normal": [
                -0.4692628034613348,
                0.8830585605086497,
                0.0
            ]
        },
        "13": {
            "type": "line",
            "start": [
                116.10469057505,
                -69.60521343433,
                5.0
            ],
            "end": [
                97.91929648801242,
                119.72649311352008,
                5.0
            ],
            "length": 190.20305902488025,
            "solid_ids": [
                1,
                3
            ],
            "preferred_normal": [
                -0.9196470836576336,
                -0.08833250881347844,
                0.38268343236508984
            ]
        },
        "14": {
            "type": "line",
            "start": [
                116.10469057505,
                -69.60521343433,
                5.0
            ],
            "end": [
                131.75034531086953,
                -68.10244138252527,
                5.0
            ],
            "length": 15.7176600024354,