{
    "contact_edges": {
        "1": {
            "type": "line",
            "start": [
                -114.125321097,
                23.658271477297,
                5.0
            ],
            "end": [
                -119.95396999818963,
                33.13694222479837,
                5.0
            ],
            "length": 11.127369282668628,
            "solid_ids": [
                1,
                2
            ],
            "preferred_normal": [
                -0.7869919364201942,
                -0.4839391310928128,
                0.3826834323650898
            ]
        },
        "2": {
            "type": "line",
            "start": [
                -114.125321097,
                23.658271477297,
                5.0
            ],
            "end": [
                62.206085285299864,
                132.08843910669202,
                5.0
            ],
            "length": 207.00209208821656,
            "solid_ids": [
                1,
                2
            ],
            "preferred_normal": [
                0.4839391310928128,
                -0.7869919364201942,
                0.3826834323650898
            ]
        },
        "3": {
            "type": "line",
            "start": [
                -119.9539699982,
                33.136942224792,
                5.0
            ],
            "end": [
                56.377436384110084,
                141.56710985419332,
                5.0
            ],
            "length": 207.00209208822858,
            "solid_ids": [
                1,
                2
            ],
            "preferred_normal": [
                -0.4839391310928128,
                0.7869919364201942,
                0.3826834323650898
            ]
        },
        "4": {
            "type": "line",
            "start": [
                62.206085285258,
                132.08843910676,
                5.0
            ],
            "end": [
                56.37743638406915,
                141.56710985426008,
                5.0
            ],
            "length": 11.127369282667113,
            "solid_ids": [
                1,
                2
            ],
            "preferred_normal": [
                0.7869919364201942,
                0.4839391310928128,
                0.3826834323650898
            ]
        },
        "5": {
            "type": "line",
            "start": [
                13.648333695664,
                -113.0096189344,
                5.0
            ],
            "end": [
                -77.15326820418669,
                34.653845162521776,
                5.0
            ],
            "length": 173.34771281064502,
            "solid_ids": [
                1,
                3
            ],
            "preferred_normal": [
                -0.7869919364201942,
                -0.4839391310928128,
                0.3826834323650898
            ]
        },
        "6": {
            "type": "line",
            "start": [
                13.648333695664,
                -113.0096189344,
                5.0
            ],
            "end": [
                17.73089099392345,
                -110.49916216842188,
                5.0
            ],
            "length": 4.792668073987266,
            "solid_ids": [
                1,
                3
            ],
            "preferred_normal": [
                0.4839391310928128,
                -0.7869919364201942,
                0.3826834323650898
            ]
        },
        "7": {
            "type": "line",
            "start": [
                -77.15326820419361,
                34.653845162413624,
                5.0
            ],
            "end": [
                -73.07071090594373,
                37.16430192838587,
                5.0
            ],
            "length": 4.792668073976038,
            "solid_ids": [
                1,
                3
            ],
            "preferred_normal": [
                -0.4839391310928128,
                0.7869919364201943,
                0.3826834323650899
            ]
        },
        "8": {
            "type": "line",
            "start": [
                17.73089099391,
                -110.4991621684,
                5.0
            ],
            "end": [
                -73.07071090592709,
                37.16430192849966,
                5.0
            ],
            "length": 173.3477128106191,
            "solid_ids": [
                1,
                3
            ],
            "preferred_normal": [
                0.7869919364201942,
                0.4839391310928128,
                0.3826834323650898
            ]
        },
        "9": {
            "type": "line",
            "start": [
                -82.39138761335,
                43.17218449923,
                15.0
            ],
            "end": [
                -82.39138761335,
                43.17218449923,
                88.01248526325
            ],
            "length": 73.01248526325,
            "solid_ids": [
                2,
                3
            ],
            "preferred_normal": [
                -0.5865377849585,
                -0.8099218646363218,
                0.0
            ]
        },
        "10": {
            "type": "line",
            "start": [
                -82.39138761330041,
                43.172184499149445,
                15.0
            ],
            "end": [
                -78.30883031505779,
                45.68264126511722,
                15.0
            ],
            "length": 4.792668073967511,
            "solid_ids": [
                2,
                3
            ],
            "preferred_normal": [
                0.20045415146169368,
                -0.3259827335435081,
                -0.9238795325112872
            ]
        },
        "11": {
            "type": "line",
            "start": [
                -82.39138761335,
                43.17218449923,
                88.01248526325
            ],
            "end": [
                -78.3088303151074,
                45.682641265197766,
                88.01248526325
            ],
            "length": 4.792668073967495,
            "solid_ids": [
                2,
                3
            ],
            "preferred_normal": [
                0.20045415146169432,
                -0.3259827335435091,
                0.9238795325112867
            ]
        },
        "12": {
            "type": "line",
            "start": [
                -78.30883031511,
                45.682641265202,
                15.0
            ],
            "end": [
                -78.30883031511,
                45.682641265202,
                88.01248526325
            ],
            "length": 73.01248526325,
            "solid_ids": [
                2,
                3
            ],
            "preferred_normal": [
                0.9874460878818885,
                0.1579563975493038,
                0.0
            ]
        }
    }
}