{
    "contact_edges": {
        "1": {
            "type": "line",
            "start": [
                29.565471900491,
                -19.85956053336,
                5.0
            ],
            "end": [
                20.96872606301606,
                -35.0095355394089,
                5.0
            ],
            "length": 17.419121151138743,
            "solid_ids": [
                1,
                2
            ],
            "preferred_normal": [
                0.8035280141117295,
                -0.4559562710731523,
                0.38268343236508984
            ]
        },
        "2": {
            "type": "line",
            "start": [
                29.565471900491,
                -19.85956053336,
                5.0
            ],
            "end": [
                -150.21520234662069,
                82.15570763541355,
                5.0
            ],
            "length": 206.7080205804624,
            "solid_ids": [
                1,
                2
            ],
            "preferred_normal": [
                0.4559562710731523,
                0.8035280141117295,
                0.38268343236508984
            ]
        },
        "3": {
            "type": "line",
            "start": [
                20.968726063018,
                -35.00953553941,
                5.0
            ],
            "end": [
                -158.81194818411757,
                67.00573262937709,
                5.0
            ],
            "length": 206.70802058048986,
            "solid_ids": [
                1,
                2
            ],
            "preferred_normal": [
                -0.4559562710731523,
                -0.8035280141117295,
                0.38268343236508984
            ]
        },
        "4": {
            "type": "line",
            "start": [
                -150.2152023466,
                82.15570763545,
                5.0
            ],
            "end": [
                -158.81194818407806,
                67.00573262939557,
                5.0
            ],
            "length": 17.4191211511451,
            "solid_ids": [
                1,
                2
            ],
            "preferred_normal": [
                -0.8035280141117295,
                0.4559562710731523,
                0.38268343236508984
            ]
        },
        "5": {
            "type": "line",
            "start": [
                4.065501070121755,
                -36.91570914050043,
                5.0
            ],
            "end": [
                -75.75271877616628,
                -177.5787063443078,
                5.0
            ],
            "length": 161.73134205152903,
            "solid_ids": [
                1,
                3
            ],
            "preferred_normal": [
                0.8035280141117295,
                -0.4559562710731523,
                0.38268343236508984
            ]
        },
        "6": {
            "type": "line",
            "start": [
                4.065501070121443,
                -36.915709140499224,
                5.0
            ],
            "end": [
                -2.9255373630680883,
                -32.9486939786819,
                5.0
            ],
            "length": 8.038148273602674,
            "solid_ids": [
                1,
                3
            ],
            "preferred_normal": [
                0.4559562710731523,
                0.8035280141117295,
                0.38268343236508984
            ]
        },
        "7": {
            "type": "line",
            "start": [
                -75.75271877618,
                -177.5787063443,
                5.0
            ],
            "end": [
                -82.74375720939781,
                -173.61169118246664,
                5.0
            ],
            "length": 8.038148273635183,
            "solid_ids": [
                1,
                3
            ],
            "preferred_normal": [
                -0.4559562710731523,
                -0.8035280141117295,
                0.38268343236508984
            ]
        },
        "8": {
            "type": "line",
            "start": [
                -2.925537363066999,
                -32.94869397868,
                5.0
            ],
            "end": [
                -82.74375720931873,
                -173.6116911824234,
                5.0
            ],
            "length": 161.73134205145553,
            "solid_ids": [
                1,
                3
            ],
            "preferred_normal": [
                -0.8035280141117295,
                0.4559562710731523,
                0.38268343236508984
            ]
        },
        "9": {
            "type": "line",
            "start": [
                9.000736184962,
                -28.21838458859,
                15.0
            ],
            "end": [
                9.000736184962,
                -28.21838458859,
                51.160403182538
            ],
            "length": 36.160403182538,
            "solid_ids": [
                2,
                3
            ],
            "preferred_normal": [
                0.6146647427841665,
                -0.7887884722649504,
                0.0
            ]
        },
        "10": {
            "type": "line",
            "start": [
                9.000736184957907,
                -28.218384588597207,
                15.0
            ],
            "end": [
                2.0096977517676082,
                -24.251369426779455,
                15.0
            ],
            "length": 8.038148273603554,
            "solid_ids": [
                2,
                3
            ],
            "preferred_normal": [
                -0.49352351148398454,
                -0.8697324551909728,
                0.0
            ]
        },
        "11": {
            "type": "line",
            "start": [
                9.000736184962,
                -28.21838458859,
                51.160403182538
            ],
            "end": [
                2.00969775177172,
                -24.251369426772253,
                51.160403182538
            ],
            "length": 8.038148273603534,
            "solid_ids": [
                2,
                3
            ],
            "preferred_normal": [
                -0.18886327132756306,
                -0.3328322011917982,
                0.9238795325112866
            ]
        },
        "12": {
            "type": "line",
            "start": [
                2.009697751773,
                -24.25136942677,
                15.0
            ],
            "end": [
                2.009697751773,
                -24.25136942677,
                51.160403182538
            ],
            "length": 36.160403182538,
            "solid_ids": [
                2,
                3
            ],
            "preferred_normal": [
                -0.9923912854392927,
                0.12312406988135413,
                0.0
            ]
        }
    }
}