{
    "contact_edges": {
        "1": {
            "type": "line",
            "start": [
                -147.2267926779,
                -122.316367788,
                5.0
            ],
            "end": [
                -148.0108592278353,
                -110.05265884750226,
                5.0
            ],
            "length": 12.288747590050484,
            "solid_ids": [
                1,
                2
            ],
            "preferred_normal": [
                -0.9219971034293974,
                -0.05894685624420103,
                0.38268343236508984
            ]
        },
        "2": {
            "type": "line",
            "start": [
                -147.2267926779,
                -122.316367788,
                5.0
            ],
            "end": [
                61.69567885924402,
                -108.95914264046323,
                5.0
            ],
            "length": 209.3490257365215,
            "solid_ids": [
                1,
                2
            ],
            "preferred_normal": [
                0.05894685624420103,
                -0.9219971034293974,
                0.38268343236508984
            ]
        },
        "3": {
            "type": "line",
            "start": [
                -148.0108592278,
                -110.0526588475,
                5.0
            ],
            "end": [
                60.91161230930307,
                -96.69543369996585,
                5.0
            ],
            "length": 209.34902573648048,
            "solid_ids": [
                1,
                2
            ],
            "preferred_normal": [
                -0.05894685624420103,
                0.9219971034293974,
                0.38268343236508984
            ]
        },
        "4": {
            "type": "line",
            "start": [
                61.69567885924,
                -108.9591426404,
                5.0
            ],
            "end": [
                60.911612309309625,
                -96.69543369997965,
                5.0
            ],
            "length": 12.288747589972948,
            "solid_ids": [
                1,
                2
            ],
            "preferred_normal": [
                0.9219971034293974,
                0.05894685624420103,
                0.38268343236508984
            ]
        },
        "5": {
            "type": "line",
            "start": [
                -128.1042536390034,
                -98.75953536118021,
                5.0
            ],
            "end": [
                -144.89944327264615,
                163.93668256120344,
                5.0
            ],
            "length": 263.23256125630525,
            "solid_ids": [
                1,
                3
            ],
            "preferred_normal": [
                -0.9219971034293974,
                -0.05894685624420103,
                0.38268343236508984
            ]
        },
        "6": {
            "type": "line",
            "start": [
                -128.1042536390038,
                -98.75953536112026,
                5.0
            ],
            "end": [
                -122.83629192070354,
                -98.42273410550506,
                5.0
            ],
            "length": 5.278717244867432,
            "solid_ids": [
                1,
                3
            ],
            "preferred_normal": [
                0.05894685624420103,
                -0.9219971034293974,
                0.38268343236508984
            ]
        },
        "7": {
            "type": "line",
            "start": [
                -144.8994432727,
                163.9366825612,
                5.0
            ],
            "end": [
                -139.6314815543001,
                164.27348381682157,
                5.0
            ],
            "length": 5.278717244967296,
            "solid_ids": [
                1,
                3
            ],
            "preferred_normal": [
                -0.05894685624420103,
                0.9219971034293974,
                0.38268343236508984
            ]
        },
        "8": {
            "type": "line",
            "start": [
                -122.83629192070468,
                -98.4227341055603,
                5.0
            ],
            "end": [
                -139.631481554347,
                164.273483816817,
                5.0
            ],
            "length": 263.2325612562989,
            "solid_ids": [
                1,
                3
            ],
            "preferred_normal": [
                0.9219971034293974,
                0.05894685624420103,
                0.38268343236508984
            ]
        },
        "9": {
            "type": "line",
            "start": [
                -127.4662174647,
                -108.7391600956,
                15.0
            ],
            "end": [
                -127.4662174647,
                -108.7391600956,
                70.339669655945
            ],
            "length": 55.339669655945,
            "solid_ids": [
                2,
                3
            ],
            "preferred_normal": [
                -0.9464136907450028,
                0.3229568484649647,
                0.0
            ]
        },
        "10": {
            "type": "line",
            "start": [
                -127.46621746469874,
                -108.73916009561994,
                15.0
            ],
            "end": [
                -122.19825574639968,
                -108.40235884000481,
                15.0
            ],
            "length": 5.27871724486625,
            "solid_ids": [
                2,
                3
            ],
            "preferred_normal": [
                -0.0638036174304802,
                0.9979624734441596,
                0.0
            ]
        },
        "11": {
            "type": "line",
            "start": [
                -127.4662174647,
                -108.7391600956,
                70.339669655945
            ],
            "end": [
                -122.19825574640096,
                -108.40235883998487,
                70.339669655945
            ],
            "length": 5.278717244866222,
            "solid_ids": [
                2,
                3
            ],
            "preferred_normal": [
                -0.024416587315605236,
                0.38190370470916585,
                0.9238795325112867
            ]
        },
        "12": {
            "type": "line",
            "start": [
                -122.1982557464,
                -108.40235884,
                15.0
            ],
            "end": [
                -122.1982557464,
                -108.40235884,
                70.339669655945
            ],
            "length": 55.339669655945,
            "solid_ids": [
                2,
                3
            ],
            "preferred_normal": [
                0.8975805161137923,
                0.44085056095336667,
                0.0
            ]
        }
    }
}