{
    "contact_edges": {
        "1": {
            "type": "line",
            "start": [
                54.514309747539,
                -195.7082713059,
                5.0
            ],
            "end": [
                -153.3344065702112,
                -167.3028045389819,
                5.0
            ],
            "length": 209.78074129238624,
            "solid_ids": [
                1,
                2
            ],
            "preferred_normal": [
                -0.1250983726900277,
                -0.9153708471125682,
                0.3826834323650899
            ]
        },
        "2": {
            "type": "line",
            "start": [
                54.514309747539,
                -195.7082713059,
                5.0
            ],
            "end": [
                56.55836354444003,
                -180.75150396049946,
                5.0
            ],
            "length": 15.095795618286097,
            "solid_ids": [
                1,
                2
            ],
            "preferred_normal": [
                0.9153708471125682,
                -0.1250983726900277,
                0.3826834323650899
            ]
        },
        "3": {
            "type": "line",
            "start": [
                -153.3344065702,
                -167.3028045389,
                5.0
            ],
            "end": [
                -151.29035277329908,
                -152.3460371935001,
                5.0
            ],
            "length": 15.095795618285436,
            "solid_ids": [
                1,
                2
            ],
            "preferred_normal": [
                -0.9153708471125682,
                0.1250983726900277,
                0.3826834323650899
            ]
        },
        "4": {
            "type": "line",
            "start": [
                56.558363544444,
                -180.7515039605,
                5.0
            ],
            "end": [
                -151.2903527733111,
                -152.3460371935812,
                5.0
            ],
            "length": 209.7807412923912,
            "solid_ids": [
                1,
                2
            ],
            "preferred_normal": [
                0.1250983726900277,
                0.9153708471125682,
                0.3826834323650899
            ]
        },
        "5": {
            "type": "line",
            "start": [
                -40.90149178330999,
                -157.3392828953,
                5.0
            ],
            "end": [
                -11.572067363098098,
                57.270224003534054,
                5.0
            ],
            "length": 216.60437573646018,
            "solid_ids": [
                1,
                4
            ],
            "preferred_normal": [
                0.9153708471125682,
                -0.1250983726900277,
                0.3826834323650899
            ]
        },
        "6": {
            "type": "line",
            "start": [
                -40.90149178332802,
                -157.33928289543172,
                5.0
            ],
            "end": [
                -49.60127706843453,
                -156.15033419190627,
                5.0
            ],
            "length": 8.780652767680236,
            "solid_ids": [
                1,
                4
            ],
            "preferred_normal": [
                -0.1250983726900277,
                -0.9153708471125682,
                0.3826834323650899
            ]
        },
        "7": {
            "type": "line",
            "start": [
                -11.572067363021707,
                57.27022400343641,
                5.0
            ],
            "end": [
                -20.271852648142076,
                58.45917270696375,
                5.0
            ],
            "length": 8.780652767694223,
            "solid_ids": [
                1,
                4
            ],
            "preferred_normal": [
                0.1250983726900277,
                0.9153708471125682,
                0.38268343236508984
            ]
        },
        "8": {
            "type": "line",
            "start": [
                -49.601277068429816,
                -156.15033419179866,
                5.0
            ],
            "end": [
                -20.27185264821408,
                58.4591727070635,
                5.0
            ],
            "length": 216.60437573648855,
            "solid_ids": [
                1,
                4
            ],
            "preferred_normal": [
                -0.9153708471125682,
                0.1250983726900277,
                0.3826834323650899
            ]
        },
        "9": {
            "type": "line",
            "start": [
                -10.21801233432,
                67.178126656418,
                15.0
            ],
            "end": [
                -10.21801233432,
                67.178126656418,
                54.87479184332
            ],
            "length": 39.87479184332,
            "solid_ids": [
                3,
                4
            ],
            "preferred_normal": [
                0.8635534045135547,
                -0.5042573921650024,
                0.0
            ]
        },
        "10": {
            "type": "line",
            "start": [
                -10.218012334331709,
                67.17812665633241,
                15.0
            ],
            "end": [
                -18.917797619442247,
                68.3670753598584,
                15.0
            ],
            "length": 8.780652767684302,
            "solid_ids": [
                3,
                4
            ],
            "preferred_normal": [
                -0.135405502868957,
                -0.9907902652896853,
                0.0
            ]
        },
        "11": {
            "type": "line",
            "start": [
                -10.21801233432,
                67.178126656418,
                54.87479184332
            ],
            "end": [
                -18.917797619430548,
                68.367075359944,
                54.87479184332
            ],
            "length": 8.780652767684312,
            "solid_ids": [
                3,
                4
            ],
            "preferred_normal": [
                -0.05181744259901349,
                -0.37915901947497477,
                0.9238795325112866
            ]
        },
        "12": {
            "type": "line",
            "start": [
                -18.91779761943,
                68.367075359948,
                15.0
            ],
            "end": [
                -18.91779761943,
                68.367075359948,
                54.87479184332
            ],
            "length": 39.87479184332,
            "solid_ids": [
                3,
                4
            ],
            "preferred_normal": [
                -0.9671882897115816,
                -0.254060646784947,
                0.0
            ]
        },
        "13": {
            "type": "line",
            "start": [
                117.79085551127,
                49.683904387998,
                5.0
            ],
            "end": [
                -154.24282706981498,
                86.86115458677376,
                5.0
            ],
            "length": 274.56232879069347,
            "solid_ids": [
                1,
                3
            ],
            "preferred_normal": [
                -0.1250983726900277,
                -0.9153708471125682,
                0.3826834323650899
            ]
        },
        "14": {
            "type": "line",
            "start": [
                117.79085551127,
                49.683904387998,
                5.0
            ],
            "end": [
                119.94456152349541,
                65.44301983010763,
                5.0
            ],
            "length": 15.905601815235856,