{
  "welds": [
    {
      "start": {
        "xyz": [
          140.37424836998,
          -85.63767715831,
          5.0
        ],
        "pose": [
          0.7457959921636679,
          -0.3323477166151091,
          0.5773502691896257
        ]
      },
      "end": {
        "xyz": [
          125.87817511674497,
          -91.19665453764689,
          5.0
        ],
        "pose": [
          -0.3323477166151091,
          -0.7457959921636679,
          0.5773502691896257
        ]
      }
    },
    {
      "start": {
        "xyz": [
          125.87817511674497,
          -91.19665453764689,
          5.0
        ],
        "pose": [
          -0.3323477166151091,
          -0.7457959921636679,
          0.5773502691896257
        ]
      },
      "end": {
        "xyz": [
          44.09618181835766,
          122.06518927838482,
          5.0
        ],
        "pose": [
          -0.7457959921636679,
          0.3323477166151091,
          0.5773502691896257
        ]
      }
    },
    {
      "start": {
        "xyz": [
          44.09618181835766,
          122.06518927838482,
          5.0
        ],
        "pose": [
          -0.7457959921636679,
          0.3323477166151091,
          0.5773502691896257
        ]
      },
      "end": {
        "xyz": [
          58.59225507158829,
          127.62416665773314,
          5.0
        ],
        "pose": [
          0.3323477166151091,
          0.7457959921636679,
          0.5773502691896257
        ]
      }
    },
    {
      "start": {
        "xyz": [
          58.59225507158829,
          127.62416665773314,
          5.0
        ],
        "pose": [
          0.3323477166151091,
          0.7457959921636679,
          0.5773502691896257
        ]
      },
      "end": {
        "xyz": [
          140.37424836998,
          -85.63767715831,
          5.0
        ],
        "pose": [
          0.7457959921636679,
          -0.3323477166151091,
          0.5773502691896257
        ]
      }
    }
  ]
}