{
    "contact_edges": {
        "1": {
            "type": "line",
            "start": [
                85.40857098836,
                89.912177327293,
                5.0
            ],
            "end": [
                -80.05211663871586,
                -101.94912281560713,
                5.0
            ],
            "length": 253.35350331611517,
            "solid_ids": [
                1,
                2
            ],
            "preferred_normal": [
                0.6996419073071306,
                -0.6033693662533045,
                0.38268343236508984
            ]
        },
        "2": {
            "type": "line",
            "start": [
                85.40857098836,
                89.912177327293,
                5.0
            ],
            "end": [
                73.09336758359763,
                100.53277680254726,
                5.0
            ],
            "length": 16.2622682339962,
            "solid_ids": [
                1,
                2
            ],
            "preferred_normal": [
                0.6033693662533044,
                0.6996419073071305,
                0.3826834323650898
            ]
        },
        "3": {
            "type": "line",
            "start": [
                -80.05211663884,
                -101.9491228155,
                5.0
            ],
            "end": [
                -92.36732004356429,
                -91.32852334027858,
                5.0
            ],
            "length": 16.26226823394591,
            "solid_ids": [
                1,
                2
            ],
            "preferred_normal": [
                -0.6033693662533044,
                -0.6996419073071305,
                0.3826834323650898
            ]
        },
        "4": {
            "type": "line",
            "start": [
                73.0933675836,
                100.53277680255,
                5.0
            ],
            "end": [
                -92.36732004351394,
                -91.32852334039428,
                5.0
            ],
            "length": 253.3535033161735,
            "solid_ids": [
                1,
                2
            ],
            "preferred_normal": [
                -0.6996419073071306,
                0.6033693662533045,
                0.38268343236508984
            ]
        },
        "5": {
            "type": "line",
            "start": [
                -7.758425809079696,
                22.092421258502878,
                5.0
            ],
            "end": [
                -118.58673567315516,
                117.6704682382661,
                5.0
            ],
            "length": 146.3491623884242,
            "solid_ids": [
                1,
                3
            ],
            "preferred_normal": [
                0.6033693662533044,
                0.6996419073071305,
                0.3826834323650898
            ]
        },
        "6": {
            "type": "line",
            "start": [
                -7.75842580902408,
                22.092421258460313,
                5.0
            ],
            "end": [
                -11.257588652975556,
                18.034938225600015,
                5.0
            ],
            "length": 5.357920228077289,
            "solid_ids": [
                1,
                3
            ],
            "preferred_normal": [
                0.6996419073071305,
                -0.6033693662533045,
                0.3826834323650899
            ]
        },
        "7": {
            "type": "line",
            "start": [
                -118.5867356731,
                117.67046823833,
                5.0
            ],
            "end": [
                -122.08589851702938,
                113.61298520549532,
                5.0
            ],
            "length": 5.3579202280434615,
            "solid_ids": [
                1,
                3
            ],
            "preferred_normal": [
                -0.6996419073071306,
                0.6033693662533045,
                0.38268343236508984
            ]
        },
        "8": {
            "type": "line",
            "start": [
                -11.257588653032697,
                18.034938225643877,
                5.0
            ],
            "end": [
                -122.08589851707727,
                113.61298520538045,
                5.0
            ],
            "length": 146.34916238838338,
            "solid_ids": [
                1,
                3
            ],
            "preferred_normal": [
                -0.6033693662533044,
                -0.6996419073071305,
                0.3826834323650898
            ]
        },
        "9": {
            "type": "line",
            "start": [
                -0.185556374411,
                15.561598299224,
                15.0
            ],
            "end": [
                -0.185556374411,
                15.561598299224,
                59.681494615349
            ],
            "length": 44.681494615349,
            "solid_ids": [
                2,
                3
            ],
            "preferred_normal": [
                0.3135681994421111,
                0.9495656819297085,
                0.0
            ]
        },
        "10": {
            "type": "line",
            "start": [
                -0.1855563743587077,
                15.561598299178867,
                15.0
            ],
            "end": [
                -3.684719218310204,
                11.504115266318546,
                15.0
            ],
            "length": 5.357920228077319,
            "solid_ids": [
                2,
                3
            ],
            "preferred_normal": [
                -0.2898011668111928,
                0.2499237746225775,
                -0.9238795325112871
            ]
        },
        "11": {
            "type": "line",
            "start": [
                -0.185556374411,
                15.561598299224,
                59.681494615349
            ],
            "end": [
                -3.6847192183624853,
                11.504115266363693,
                59.681494615349
            ],
            "length": 5.357920228077302,
            "solid_ids": [
                2,
                3
            ],
            "preferred_normal": [
                0.0,
                0.0,
                1.0
            ]
        },
        "12": {
            "type": "line",
            "start": [
                -3.684719218364,
                11.504115266365,
                15.0
            ],
            "end": [
                -3.684719218364,
                11.504115266365,
                59.681494615349
            ],
            "length": 44.681494615349,
            "solid_ids": [
                2,
                3
            ],
            "preferred_normal": [
                -0.8931705330644979,
                -0.4497181326845526,
                0.0
            ]
        }
    }
}