{
  "welds": [
    {
      "start": {
        "xyz": [
          130.72804649746,
          -37.80808741363,
          5.0
        ],
        "pose": [
          0.755784804790597,
          -0.30895953701788514,
          0.5773502691896257
        ]
      },
      "end": {
        "xyz": [
          125.01647782586284,
          -24.197934039253,
          5.0
        ],
        "pose": [
          0.30895953701788514,
          0.755784804790597,
          0.5773502691896257
        ]
      }
    },
    {
      "start": {
        "xyz": [
          125.01647782586284,
          -24.197934039253,
          5.0
        ],
        "pose": [
          0.30895953701788514,
          0.755784804790597,
          0.5773502691896257
        ]
      },
      "end": {
        "xyz": [
          -81.3361050079458,
          -110.79482350810243,
          5.0
        ],
        "pose": [
          -0.755784804790597,
          0.30895953701788514,
          0.5773502691896257
        ]
      }
    },
    {
      "start": {
        "xyz": [
          -81.3361050079458,
          -110.79482350810243,
          5.0
        ],
        "pose": [
          -0.755784804790597,
          0.30895953701788514,
          0.5773502691896257
        ]
      },
      "end": {
        "xyz": [
          -75.62453633630334,
          -124.40497688258746,
          5.0
        ],
        "pose": [
          -0.30895953701788514,
          -0.755784804790597,
          0.5773502691896257
        ]
      }
    },
    {
      "start": {
        "xyz": [
          -75.62453633630334,
          -124.40497688258746,
          5.0
        ],
        "pose": [
          -0.30895953701788514,
          -0.755784804790597,
          0.5773502691896257
        ]
      },
      "end": {
        "xyz": [
          130.72804649746,
          -37.80808741363,
          5.0
        ],
        "pose": [
          0.755784804790597,
          -0.30895953701788514,
          0.5773502691896257
        ]
      }
    }
  ]
}