{
    "contact_edges": {
        "1": {
            "type": "line",
            "start": [
                -61.86966487826,
                -76.76215535344,
                5.0
            ],
            "end": [
                -76.3460208547897,
                -72.02869204256909,
                5.0
            ],
            "length": 15.23057967624897,
            "solid_ids": [
                1,
                2
            ],
            "preferred_normal": [
                -0.28712957508940784,
                -0.8781286908547344,
                0.3826834323650898
            ]
        },
        "2": {
            "type": "line",
            "start": [
                -61.86966487826,
                -76.76215535344,
                5.0
            ],
            "end": [
                -6.313479436798601,
                93.14538682643571,
                5.0
            ],
            "length": 178.75979030646764,
            "solid_ids": [
                1,
                2
            ],
            "preferred_normal": [
                0.8781286908547344,
                -0.28712957508940784,
                0.3826834323650898
            ]
        },
        "3": {
            "type": "line",
            "start": [
                -76.34602085479,
                -72.02869204257,
                5.0
            ],
            "end": [
                -20.789835413326756,
                97.87885013731135,
                5.0
            ],
            "length": 178.7597903064736,
            "solid_ids": [
                1,
                2
            ],
            "preferred_normal": [
                -0.8781286908547344,
                0.28712957508940784,
                0.3826834323650898
            ]
        },
        "4": {
            "type": "line",
            "start": [
                -6.31347943676,
                93.145386826423,
                5.0
            ],
            "end": [
                -20.78983541328155,
                97.87885013729125,
                5.0
            ],
            "length": 15.230579676240396,
            "solid_ids": [
                1,
                2
            ],
            "preferred_normal": [
                0.28712957508940784,
                0.8781286908547344,
                0.3826834323650898
            ]
        },
        "5": {
            "type": "line",
            "start": [
                20.620811071396,
                -113.9646453293,
                5.0
            ],
            "end": [
                9.0390267508075,
                -110.177645945974,
                5.0
            ],
            "length": 12.185199726633169,
            "solid_ids": [
                1,
                3
            ],
            "preferred_normal": [
                -0.28712957508940784,
                -0.8781286908547344,
                0.3826834323650898
            ]
        },
        "6": {
            "type": "line",
            "start": [
                20.620811071396,
                -113.9646453293,
                5.0
            ],
            "end": [
                85.94146623720728,
                85.80558519699245,
                5.0
            ],
            "length": 210.1783361714971,
            "solid_ids": [
                1,
                3
            ],
            "preferred_normal": [
                0.8781286908547344,
                -0.28712957508940784,
                0.3826834323650898
            ]
        },
        "7": {
            "type": "line",
            "start": [
                9.039026750799,
                -110.177645946,
                5.0
            ],
            "end": [
                74.35968191661973,
                89.59258458032137,
                5.0
            ],
            "length": 210.17833617152755,
            "solid_ids": [
                1,
                3
            ],
            "preferred_normal": [
                -0.8781286908547344,
                0.28712957508940784,
                0.3826834323650898
            ]
        },
        "8": {
            "type": "line",
            "start": [
                85.941466237282,
                85.805585196968,
                5.0
            ],
            "end": [
                74.35968191668405,
                89.59258458029709,
                5.0
            ],
            "length": 12.185199726643111,
            "solid_ids": [
                1,
                3
            ],
            "preferred_normal": [
                0.28712957508940784,
                0.8781286908547344,
                0.3826834323650898
            ]
        }
    }
}