{
    "contact_edges": {
        "1": {
            "type": "line",
            "start": [
                70.891440108162,
                -40.53543603221,
                5.0
            ],
            "end": [
                56.832993324356245,
                -37.81161299209387,
                5.0
            ],
            "length": 14.31988610034891,
            "solid_ids": [
                1,
                2
            ],
            "preferred_normal": [
                -0.17573354559605403,
                -0.9070121893037124,
                0.38268343236508984
            ]
        },
        "2": {
            "type": "line",
            "start": [
                70.891440108162,
                -40.53543603221,
                5.0
            ],
            "end": [
                95.2642352138158,
                85.25968278388838,
                5.0
            ],
            "length": 128.13448036816044,
            "solid_ids": [
                1,
                2
            ],
            "preferred_normal": [
                0.9070121893037124,
                -0.17573354559605403,
                0.38268343236508984
            ]
        },
        "3": {
            "type": "line",
            "start": [
                56.832993324357,
                -37.81161299209,
                5.0
            ],
            "end": [
                81.20578843000894,
                87.98350582399875,
                5.0
            ],
            "length": 128.1344803681506,
            "solid_ids": [
                1,
                2
            ],
            "preferred_normal": [
                -0.9070121893037124,
                0.17573354559605403,
                0.38268343236508984
            ]
        },
        "4": {
            "type": "line",
            "start": [
                95.264235213766,
                85.259682783898,
                5.0
            ],
            "end": [
                81.20578842996211,
                87.98350582401378,
                5.0
            ],
            "length": 14.319886100347007,
            "solid_ids": [
                1,
                2
            ],
            "preferred_normal": [
                0.17573354559605403,
                0.9070121893037124,
                0.38268343236508984
            ]
        }
    }
}