{
    "contact_edges": {
        "1": {
            "type": "line",
            "start": [
                28.299760288229,
                -55.81196075668,
                5.0
            ],
            "end": [
                14.361216451245967,
                -60.14512070324634,
                5.0
            ],
            "length": 14.596550257441805,
            "solid_ids": [
                1,
                2
            ],
            "preferred_normal": [
                0.2742646526147038,
                -0.8822314270753505,
                0.38268343236508984
            ]
        },
        "2": {
            "type": "line",
            "start": [
                28.299760288229,
                -55.81196075668,
                5.0
            ],
            "end": [
                -18.226870575147032,
                93.8509854242442,
                5.0
            ],
            "length": 156.72818776165016,
            "solid_ids": [
                1,
                2
            ],
            "preferred_normal": [
                0.8822314270753505,
                0.2742646526147038,
                0.38268343236508984
            ]
        },
        "3": {
            "type": "line",
            "start": [
                14.361216451244,
                -60.14512070324,
                5.0
            ],
            "end": [
                -32.165414412132186,
                89.5178254776847,
                5.0
            ],
            "length": 156.7281877616507,
            "solid_ids": [
                1,
                2
            ],
            "preferred_normal": [
                -0.8822314270753505,
                -0.2742646526147038,
                0.38268343236508984
            ]
        },
        "4": {
            "type": "line",
            "start": [
                -18.22687057508,
                93.850985424265,
                5.0
            ],
            "end": [
                -32.165414412067875,
                89.51782547769716,
                5.0
            ],
            "length": 14.596550257446879,
            "solid_ids": [
                1,
                2
            ],
            "preferred_normal": [
                -0.2742646526147038,
                0.8822314270753505,
                0.38268343236508984
            ]
        }
    }
}