{
    "contact_edges": {
        "1": {
            "type": "line",
            "start": [
                111.33341931437,
                -44.71357492196,
                5.0
            ],
            "end": [
                103.0049369544992,
                -50.07193921151876,
                5.0
            ],
            "length": 9.903316933144051,
            "solid_ids": [
                1,
                2
            ],
            "preferred_normal": [
                0.4998813153494688,
                -0.7769633589544352,
                0.38268343236508984
            ]
        },
        "2": {
            "type": "line",
            "start": [
                111.33341931437,
                -44.71357492196,
                5.0
            ],
            "end": [
                11.535712833742473,
                110.40156713716914,
                5.0
            ],
            "length": 184.44589861207893,
            "solid_ids": [
                1,
                2
            ],
            "preferred_normal": [
                0.7769633589544352,
                0.4998813153494687,
                0.38268343236508984
            ]
        },
        "3": {
            "type": "line",
            "start": [
                103.0049369545,
                -50.07193921152,
                5.0
            ],
            "end": [
                3.2072304738682202,
                105.04320284761573,
                5.0
            ],
            "length": 184.44589861208678,
            "solid_ids": [
                1,
                2
            ],
            "preferred_normal": [
                -0.7769633589544352,
                -0.4998813153494687,
                0.38268343236508984
            ]
        },
        "4": {
            "type": "line",
            "start": [
                11.535712833775,
                110.40156713719,
                5.0
            ],
            "end": [
                3.207230473909454,
                105.04320284763463,
                5.0
            ],
            "length": 9.903316933137795,
            "solid_ids": [
                1,
                2
            ],
            "preferred_normal": [
                -0.4998813153494688,
                0.7769633589544352,
                0.38268343236508984
            ]
        },
        "5": {
            "type": "line",
            "start": [
                60.775110976916,
                135.91487254119,
                5.0
            ],
            "end": [
                22.7513119569395,
                111.451187800293,
                5.0
            ],
            "length": 45.21372759476442,
            "solid_ids": [
                1,
                3
            ],
            "preferred_normal": [
                0.4998813153494688,
                -0.7769633589544352,
                0.38268343236508984
            ]
        },
        "6": {
            "type": "line",
            "start": [
                60.775110976916,
                135.91487254119,
                5.0
            ],
            "end": [
                58.735546294766756,
                139.08495907490982,
                5.0
            ],
            "length": 3.769518898207344,
            "solid_ids": [
                1,
                3
            ],
            "preferred_normal": [
                0.7769633589544352,
                0.4998813153494687,
                0.38268343236508984
            ]
        },
        "7": {
            "type": "line",
            "start": [
                22.751311956928856,
                111.45118780029607,
                5.0
            ],
            "end": [
                20.71174727477506,
                114.62127433402297,
                5.0
            ],
            "length": 3.76951889821576,
            "solid_ids": [
                1,
                3
            ],
            "preferred_normal": [
                -0.7769633589544352,
                -0.4998813153494687,
                0.38268343236508984
            ]
        },
        "8": {
            "type": "line",
            "start": [
                58.735546294767,
                139.08495907491,
                5.0
            ],
            "end": [
                20.711747274795048,
                114.62127433401592,
                5.0
            ],
            "length": 45.213727594759014,
            "solid_ids": [
                1,
                3
            ],
            "preferred_normal": [
                -0.4998813153494688,
                0.7769633589544352,
                0.38268343236508984
            ]
        },
        "9": {
            "type": "line",
            "start": [
                14.341521160481,
                106.04051143225,
                74.798412766333
            ],
            "end": [
                12.301956478331755,
                109.21059796596984,
                74.798412766333
            ],
            "length": 3.769518898207358,
            "solid_ids": [
                2,
                3
            ],
            "preferred_normal": [
                0.32182876074588257,
                0.2070576203946521,
                0.9238795325112866
            ]
        },
        "10": {
            "type": "line",
            "start": [
                14.341521160481,
                106.04051143225,
                15.0
            ],
            "end": [
                14.341521160481,
                106.04051143225,
                74.798412766333
            ],
            "length": 59.798412766333,
            "solid_ids": [
                2,
                3
            ],
            "preferred_normal": [
                0.8217100760953513,
                -0.5699057385597832,
                0.0
            ]
        },
        "11": {
            "type": "line",
            "start": [
                12.301956478332,
                109.21059796597,
                15.0
            ],
            "end": [
                12.301956478332,
                109.21059796597,
                74.798412766333
            ],
            "length": 59.798412766333,
            "solid_ids": [
                2,
                3
            ],
            "preferred_normal": [
                -0.17805255460358638,
                0.9840209793490873,
                0.0
            ]
        },
        "12": {
            "type": "line",
            "start": [
                14.341521160470306,
                106.04051143224314,
                15.0
            ],
            "end": [
                12.301956478321065,
                109.21059796596298,
                15.0
            ],
            "length": 3.769518898207356,
            "solid_ids": [
                2,
                3
            ],
            "preferred_normal": [
                0.8409790796452604,
                0.5410676368061677,
                0.0
            ]
        }
    }
}