{
    "contact_edges": {
        "1": {
            "type": "line",
            "start": [
                65.778682506528,
                24.357845286523,
                5.0
            ],
            "end": [
                -119.73456450992487,
                100.85945503897977,
                5.0
            ],
            "length": 200.66803709934635,
            "solid_ids": [
                1,
                2
            ],
            "preferred_normal": [
                -0.3522148941909936,
                -0.854106585212467,
                0.38268343236508984
            ]
        },
        "2": {
            "type": "line",
            "start": [
                65.778682506528,
                24.357845286523,
                5.0
            ],
            "end": [
                70.73322905458161,
                36.37241622950981,
                5.0
            ],
            "length": 12.996055033774402,
            "solid_ids": [
                1,
                2
            ],
            "preferred_normal": [
                0.854106585212467,
                -0.3522148941909936,
                0.38268343236508984
            ]
        },
        "3": {
            "type": "line",
            "start": [
                -119.7345645099,
                100.85945503904,
                5.0
            ],
            "end": [
                -114.78001796184205,
                112.87402598203734,
                5.0
            ],
            "length": 12.996055033785787,
            "solid_ids": [
                1,
                2
            ],
            "preferred_normal": [
                -0.854106585212467,
                0.3522148941909936,
                0.38268343236508984
            ]
        },
        "4": {
            "type": "line",
            "start": [
                70.733229054586,
                36.372416229508,
                5.0
            ],
            "end": [
                -114.78001796182922,
                112.87402598194925,
                5.0
            ],
            "length": 200.66803709930565,
            "solid_ids": [
                1,
                2
            ],
            "preferred_normal": [
                0.3522148941909936,
                0.854106585212467,
                0.38268343236508984
            ]
        },
        "5": {
            "type": "line",
            "start": [
                16.740191367067,
                -76.49567271332,
                5.0
            ],
            "end": [
                10.948270439951793,
                -74.1072110718505,
                5.0
            ],
            "length": 6.265069595680981,
            "solid_ids": [
                1,
                3
            ],
            "preferred_normal": [
                -0.3522148941909936,
                -0.854106585212467,
                0.38268343236508984
            ]
        },
        "6": {
            "type": "line",
            "start": [
                16.740191367067,
                -76.49567271332,
                5.0
            ],
            "end": [
                55.600225670053256,
                17.738307016579864,
                5.0
            ],
            "length": 101.93206169682064,
            "solid_ids": [
                1,
                3
            ],
            "preferred_normal": [
                0.854106585212467,
                -0.3522148941909936,
                0.38268343236508984
            ]
        },
        "7": {
            "type": "line",
            "start": [
                10.948270439952,
                -74.10721107185,
                5.0
            ],
            "end": [
                49.80830474293861,
                20.126768658050718,
                5.0
            ],
            "length": 101.93206169682156,
            "solid_ids": [
                1,
                3
            ],
            "preferred_normal": [
                -0.854106585212467,
                0.3522148941909936,
                0.38268343236508984
            ]
        },
        "8": {
            "type": "line",
            "start": [
                55.60022567006843,
                17.738307016535128,
                5.0
            ],
            "end": [
                49.808304742952885,
                20.126768658004774,
                5.0
            ],
            "length": 6.265069595681353,
            "solid_ids": [
                1,
                3
            ],
            "preferred_normal": [
                0.3522148941909936,
                0.854106585212467,
                0.38268343236508984
            ]
        },
        "9": {
            "type": "line",
            "start": [
                59.412572213076,
                26.98309007709,
                15.0
            ],
            "end": [
                59.412572213076,
                26.98309007709,
                61.425452327857
            ],
            "length": 46.425452327857,
            "solid_ids": [
                2,
                3
            ],
            "preferred_normal": [
                0.7082143991687527,
                -0.7059974254981691,
                0.0
            ]
        },
        "10": {
            "type": "line",
            "start": [
                59.41257221306613,
                26.983090077066088,
                15.0
            ],
            "end": [
                53.620651285950224,
                29.37155171853588,
                15.0
            ],
            "length": 6.265069595681736,
            "solid_ids": [
                2,
                3
            ],
            "preferred_normal": [
                -0.38123465429914233,
                -0.9244783060523452,
                0.0
            ]
        },
        "11": {
            "type": "line",
            "start": [
                59.412572213076,
                26.98309007709,
                61.425452327857
            ],
            "end": [
                53.62065128596009,
                29.371551718559797,
                61.425452327857
            ],
            "length": 6.265069595681738,
            "solid_ids": [
                2,
                3
            ],
            "preferred_normal": [
                -0.14589218604371423,
                -0.3537825313071754,
                0.9238795325112867
            ]
        },
        "12": {
            "type": "line",
            "start": [
                53.620651285961,
                29.371551718562,
                15.0
            ],
            "end": [
                53.620651285961,
                29.371551718562,
                61.425452327857
            ],
            "length": 46.425452327857,
            "solid_ids": [
                2,
                3
            ],
            "preferred_normal": [
                -0.9999987712561811,
                -0.0015676371161819195,
                0.0
            ]
        }
    }
}