{
    "contact_edges": {
        "1": {
            "type": "line",
            "start": [
                -24.66582252047,
                -197.72528085,
                5.0
            ],
            "end": [
                -34.16416837959208,
                -191.86422765877094,
                5.0
            ],
            "length": 11.161116367546647,
            "solid_ids": [
                1,
                2
            ],
            "preferred_normal": [
                -0.4851581960099876,
                -0.7862410034064671,
                0.3826834323650899
            ]
        },
        "2": {
            "type": "line",
            "start": [
                -24.66582252047,
                -197.72528085,
                5.0
            ],
            "end": [
                83.75112560508026,
                -22.026197990963414,
                5.0
            ],
            "length": 206.45678084859517,
            "solid_ids": [
                1,
                2
            ],
            "preferred_normal": [
                0.7862410034064671,
                -0.48515819600998766,
                0.3826834323650899
            ]
        },
        "3": {
            "type": "line",
            "start": [
                -34.16416837961,
                -191.8642276588,
                5.0
            ],
            "end": [
                74.25277974596096,
                -16.165144799729866,
                5.0
            ],
            "length": 206.45678084863462,
            "solid_ids": [
                1,
                2
            ],
            "preferred_normal": [
                -0.7862410034064671,
                0.48515819600998766,
                0.3826834323650899
            ]
        },
        "4": {
            "type": "line",
            "start": [
                83.751125605172,
                -22.02619799102,
                5.0
            ],
            "end": [
                74.25277974602324,
                -16.165144799774474,
                5.0
            ],
            "length": 11.161116367578018,
            "solid_ids": [
                1,
                2
            ],
            "preferred_normal": [
                0.4851581960099876,
                0.7862410034064671,
                0.3826834323650899
            ]
        },
        "5": {
            "type": "line",
            "start": [
                9.197481490996804,
                -102.55005594100679,
                5.0
            ],
            "end": [
                -193.73289953592845,
                22.67024819994189,
                5.0
            ],
            "length": 238.4551616402647,
            "solid_ids": [
                1,
                3
            ],
            "preferred_normal": [
                -0.4851581960099876,
                -0.7862410034064671,
                0.3826834323650899
            ]
        },
        "6": {
            "type": "line",
            "start": [
                9.197481490963703,
                -102.55005594097697,
                5.0
            ],
            "end": [
                10.919401459681572,
                -99.75953504464958,
                5.0
            ],
            "length": 3.2790265707232664,
            "solid_ids": [
                1,
                3
            ],
            "preferred_normal": [
                0.7862410034064671,
                -0.48515819600998766,
                0.3826834323650899
            ]
        },
        "7": {
            "type": "line",
            "start": [
                -193.7328995359,
                22.670248199988,
                5.0
            ],
            "end": [
                -192.01097956714045,
                25.46076909638295,
                5.0
            ],
            "length": 3.2790265708026487,
            "solid_ids": [
                1,
                3
            ],
            "preferred_normal": [
                -0.7862410034064671,
                0.48515819600998766,
                0.3826834323650899
            ]
        },
        "8": {
            "type": "line",
            "start": [
                10.919401459782748,
                -99.75953504463206,
                5.0
            ],
            "end": [
                -192.01097956713022,
                25.460769096309036,
                5.0
            ],
            "length": 238.45516164025025,
            "solid_ids": [
                1,
                3
            ],
            "preferred_normal": [
                0.4851581960099876,
                0.7862410034064671,
                0.3826834323650899
            ]
        },
        "9": {
            "type": "line",
            "start": [
                17.707692787372,
                -107.8013704137,
                15.0
            ],
            "end": [
                17.707692787372,
                -107.8013704137,
                54.447851297341
            ],
            "length": 39.447851297341,
            "solid_ids": [
                2,
                3
            ],
            "preferred_normal": [
                -0.8108298829147771,
                -0.5852818987226658,
                0.0
            ]
        },
        "10": {
            "type": "line",
            "start": [
                17.707692787355704,
                -107.80137041368995,
                15.0
            ],
            "end": [
                19.429612756113514,
                -105.01084951729784,
                15.0
            ],
            "length": 3.279026570799316,
            "solid_ids": [
                2,
                3
            ],
            "preferred_normal": [
                -0.3256716869047891,
                0.20095910468380107,
                -0.923879532511287
            ]
        },
        "11": {
            "type": "line",
            "start": [
                17.707692787372,
                -107.8013704137,
                54.447851297341
            ],
            "end": [
                19.4296127561298,
                -105.0108495173079,
                54.447851297341
            ],
            "length": 3.279026570799298,
            "solid_ids": [
                2,
                3
            ],
            "preferred_normal": [
                -0.32567168690478965,
                0.20095910468380135,
                0.9238795325112867
            ]
        },
        "12": {
            "type": "line",
            "start": [
                19.429612756117,
                -105.0108495173,
                15.0
            ],
            "end": [
                19.429612756117,
                -105.0108495173,
                54.447851297341
            ],
            "length": 39.447851297341,
            "solid_ids": [
                2,
                3
            ],
            "preferred_normal": [
                0.1594865091051981,
                0.9872001080902684,
                0.0
            ]
        }
    }
}