{
    "contact_edges": {
        "1": {
            "type": "line",
            "start": [
                -27.44253880884,
                -140.5629614278,
                5.0
            ],
            "end": [
                -35.26656761531576,
                -131.3540565290879,
                5.0
            ],
            "length": 12.08384691222485,
            "solid_ids": [
                1,
                2
            ],
            "preferred_normal": [
                -0.7040736956172317,
                -0.5981919606055965,
                0.3826834323650898
            ]
        },
        "2": {
            "type": "line",
            "start": [
                -27.44253880884,
                -140.5629614278,
                5.0
            ],
            "end": [
                128.2695632823973,
                -8.267538065449944,
                5.0
            ],
            "length": 204.32409985191504,
            "solid_ids": [
                1,
                2
            ],
            "preferred_normal": [
                0.5981919606055965,
                -0.7040736956172317,
                0.3826834323650899
            ]
        },
        "3": {
            "type": "line",
            "start": [
                -35.26656761533,
                -131.3540565291,
                5.0
            ],
            "end": [
                120.44553447592597,
                0.9413668332659022,
                5.0
            ],
            "length": 204.3240998519395,
            "solid_ids": [
                1,
                2
            ],
            "preferred_normal": [
                -0.5981919606055965,
                0.7040736956172317,
                0.3826834323650899
            ]
        },
        "4": {
            "type": "line",
            "start": [
                128.26956328245,
                -8.267538065512,
                5.0
            ],
            "end": [
                120.4455344759656,
                0.9413668332102602,
                5.0
            ],
            "length": 12.083846912238199,
            "solid_ids": [
                1,
                2
            ],
            "preferred_normal": [
                0.7040736956172317,
                0.5981919606055965,
                0.3826834323650898
            ]
        },
        "5": {
            "type": "line",
            "start": [
                51.77966150888,
                -147.3061376285,
                5.0
            ],
            "end": [
                21.71496276626154,
                -111.91989885340125,
                5.0
            ],
            "length": 46.43352242865823,
            "solid_ids": [
                1,
                3
            ],
            "preferred_normal": [
                -0.7040736956172317,
                -0.5981919606055965,
                0.3826834323650898
            ]
        },
        "6": {
            "type": "line",
            "start": [
                51.77966150888,
                -147.3061376285,
                5.0
            ],
            "end": [
                56.658728566706586,
                -143.16080638346773,
                5.0
            ],
            "length": 6.402270416485818,
            "solid_ids": [
                1,
                3
            ],
            "preferred_normal": [
                0.5981919606055965,
                -0.7040736956172317,
                0.3826834323650899
            ]
        },
        "7": {
            "type": "line",
            "start": [
                21.714962766247414,
                -111.91989885338164,
                5.0
            ],
            "end": [
                26.59402982407399,
                -107.77456760834936,
                5.0
            ],
            "length": 6.402270416485807,
            "solid_ids": [
                1,
                3
            ],
            "preferred_normal": [
                -0.5981919606055965,
                0.7040736956172317,
                0.38268343236508984
            ]
        },
        "8": {
            "type": "line",
            "start": [
                56.658728566734,
                -143.1608063835,
                5.0
            ],
            "end": [
                26.59402982411555,
                -107.77456760840124,
                5.0
            ],
            "length": 46.433522428658215,
            "solid_ids": [
                1,
                3
            ],
            "preferred_normal": [
                0.7040736956172317,
                0.5981919606055965,
                0.3826834323650898
            ]
        },
        "9": {
            "type": "line",
            "start": [
                15.240179641892,
                -104.2990600877,
                15.0
            ],
            "end": [
                15.240179641892,
                -104.2990600877,
                65.12363806784
            ],
            "length": 50.123638067840005,
            "solid_ids": [
                2,
                3
            ],
            "preferred_normal": [
                -0.45629447263184125,
                -0.8898288342404004,
                0.0
            ]
        },
        "10": {
            "type": "line",
            "start": [
                15.240179641926172,
                -104.2990600877402,
                15.0
            ],
            "end": [
                20.119246699752747,
                -100.15372884270793,
                15.0
            ],
            "length": 6.4022704164857975,
            "solid_ids": [
                2,
                3
            ],
            "preferred_normal": [
                0.6474783124371126,
                -0.7620838765671327,
                0.0
            ]
        },
        "11": {
            "type": "line",
            "start": [
                15.240179641892,
                -104.2990600877,
                65.12363806784
            ],
            "end": [
                20.119246699719152,
                -100.15372884266723,
                65.12363806784
            ],
            "length": 6.40227041648656,
            "solid_ids": [
                2,
                3
            ],
            "preferred_normal": [
                0.24777922298539035,
                -0.2916368736348038,
                0.9238795325112867
            ]
        },
        "12": {
            "type": "line",
            "start": [
                20.119246699747,
                -100.1537288427,
                15.0
            ],
            "end": [
                20.119246699747,
                -100.1537288427,
                65.12363806784
            ],
            "length": 50.123638067840005,
            "solid_ids": [
                2,
                3
            ],
            "preferred_normal": [
                0.9518529186026219,
                0.3065550869707927,
                0.0
            ]
        }
    }
}