{
    "contact_edges": {
        "1": {
            "type": "line",
            "start": [
                134.38541909119,
                -85.45287669802,
                5.0
            ],
            "end": [
                119.84874390539038,
                -88.17503821206208,
                5.0
            ],
            "length": 14.789357280354475,
            "solid_ids": [
                1,
                2
            ],
            "preferred_normal": [
                0.17005129156992865,
                -0.9080946805419977,
                0.3826834323650899
            ]
        },
        "2": {
            "type": "line",
            "start": [
                134.38541909119,
                -85.45287669802,
                5.0
            ],
            "end": [
                108.3079292926856,
                53.80410599988554,
                5.0
            ],
            "length": 141.67760127951018,
            "solid_ids": [
                1,
                2
            ],
            "preferred_normal": [
                0.9080946805419977,
                0.17005129156992865,
                0.3826834323650899
            ]
        },
        "3": {
            "type": "line",
            "start": [
                119.84874390539,
                -88.17503821206,
                5.0
            ],
            "end": [
                93.77125410688689,
                51.081944485838704,
                5.0
            ],
            "length": 141.67760127950322,
            "solid_ids": [
                1,
                2
            ],
            "preferred_normal": [
                -0.9080946805419977,
                -0.17005129156992865,
                0.3826834323650899
            ]
        },
        "4": {
            "type": "line",
            "start": [
                108.30792929264,
                53.804105999877,
                5.0
            ],
            "end": [
                93.77125410685011,
                51.08194448583675,
                5.0
            ],
            "length": 14.789357280344586,
            "solid_ids": [
                1,
                2
            ],
            "preferred_normal": [
                -0.17005129156992865,
                0.9080946805419977,
                0.3826834323650899
            ]
        },
        "5": {
            "type": "line",
            "start": [
                8.43275628957,
                -197.7111526072,
                5.0
            ],
            "end": [
                0.0392582347979667,
                -199.282932748178,
                5.0
            ],
            "length": 8.539397075147328,
            "solid_ids": [
                1,
                3
            ],
            "preferred_normal": [
                0.17005129156992865,
                -0.9080946805419977,
                0.3826834323650899
            ]
        },
        "6": {
            "type": "line",
            "start": [
                8.43275628957,
                -197.7111526072,
                5.0
            ],
            "end": [
                -55.59315499632956,
                144.1950388648607,
                5.0
            ],
            "length": 347.84933675791206,
            "solid_ids": [
                1,
                3
            ],
            "preferred_normal": [
                0.9080946805419977,
                0.17005129156992865,
                0.3826834323650899
            ]
        },
        "7": {
            "type": "line",
            "start": [
                0.03925823480209,
                -199.2829327482,
                5.0
            ],
            "end": [
                -63.98665305110082,
                142.62325872387856,
                5.0
            ],
            "length": 347.8493367579303,
            "solid_ids": [
                1,
                3
            ],
            "preferred_normal": [
                -0.9080946805419977,
                -0.17005129156992865,
                0.3826834323650899
            ]
        },
        "8": {
            "type": "line",
            "start": [
                -55.59315499644,
                144.19503886484,
                5.0
            ],
            "end": [
                -63.98665305120077,
                142.62325872386413,
                5.0
            ],
            "length": 8.539397075135865,
            "solid_ids": [
                1,
                3
            ],
            "preferred_normal": [
                -0.17005129156992865,
                0.9080946805419977,
                0.3826834323650899
            ]
        },
        "9": {
            "type": "line",
            "start": [
                -141.0039451409,
                -62.66943996455,
                5.0
            ],
            "end": [
                -149.1642567600026,
                -64.19755323310616,
                5.0
            ],
            "length": 8.302157302918218,
            "solid_ids": [
                1,
                4
            ],
            "preferred_normal": [
                0.17005129156992865,
                -0.9080946805419977,
                0.3826834323650899
            ]
        },
        "10": {
            "type": "line",
            "start": [
                -141.0039451409,
                -62.66943996455,
                5.0
            ],
            "end": [
                -183.74570251869437,
                165.57676830274104,
                5.0
            ],
            "length": 232.21367188892614,
            "solid_ids": [
                1,
                4
            ],
            "preferred_normal": [
                0.9080946805419977,
                0.17005129156992865,
                0.3826834323650899
            ]
        },
        "11": {
            "type": "line",
            "start": [
                -149.16425676,
                -64.19755323312,
                5.0
            ],
            "end": [
                -191.90601413779777,
                164.04865503418912,
                5.0
            ],
            "length": 232.21367188894453,
            "solid_ids": [
                1,
                4
            ],
            "preferred_normal": [
                -0.9080946805419977,
                -0.17005129156992865,
                0.3826834323650899
            ]
        },
        "12": {
            "type": "line",
            "start": [
                -183.7457025187,
                165.57676830274,
                5.0
            ],
            "end": [
                -191.9060141378992,
                164.04865503416573,
                5.0
            ],
            "length": 8.302157303016504,
            "solid_ids": [
                1,
                4
            ],
            "preferred_normal": [
                -0.17005129156992865,
                0.9080946805419977,
                0.3826834323650899
            ]
        }
    }
}