{
    "contact_edges": {
        "1": {
            "type": "line",
            "start": [
                129.47786321122,
                9.160153955438,
                5.0
            ],
            "end": [
                120.61737307468701,
                1.626939559207505,
                5.0
            ],
            "length": 11.630030292272371,
            "solid_ids": [
                1,
                2
            ],
            "preferred_normal": [
                0.5984320263826988,
                -0.7038696615089832,
                0.38268343236508984
            ]
        },
        "2": {
            "type": "line",
            "start": [
                129.47786321122,
                9.160153955438,
                5.0
            ],
            "end": [
                46.38986664257043,
                106.88741025511143,
                5.0
            ],
            "length": 128.27404958780238,
            "solid_ids": [
                1,
                2
            ],
            "preferred_normal": [
                0.7038696615089832,
                0.5984320263826988,
                0.38268343236508984
            ]
        },
        "3": {
            "type": "line",
            "start": [
                120.61737307469,
                1.626939559204,
                5.0
            ],
            "end": [
                37.5293765060353,
                99.35419585888346,
                5.0
            ],
            "length": 128.27404958781028,
            "solid_ids": [
                1,
                2
            ],
            "preferred_normal": [
                -0.7038696615089832,
                -0.5984320263826988,
                0.38268343236508984
            ]
        },
        "4": {
            "type": "line",
            "start": [
                46.389866642557,
                106.8874102551,
                5.0
            ],
            "end": [
                37.529376506025145,
                99.35419585887047,
                5.0
            ],
            "length": 11.630030292270872,
            "solid_ids": [
                1,
                2
            ],
            "preferred_normal": [
                -0.5984320263826988,
                0.7038696615089832,
                0.38268343236508984
            ]
        }
    }
}