{
    "contact_edges": {
        "1": {
            "type": "line",
            "start": [
                130.21843864056,
                56.163674539986,
                5.0
            ],
            "end": [
                41.5437010568895,
                -139.34746138650024,
                5.0
            ],
            "length": 214.68072423205072,
            "solid_ids": [
                1,
                2
            ],
            "preferred_normal": [
                0.8413831167500124,
                -0.3816121610238708,
                0.38268343236508984
            ]
        },
        "2": {
            "type": "line",
            "start": [
                130.21843864056,
                56.163674539986,
                5.0
            ],
            "end": [
                122.81358010813132,
                59.5221731958079,
                5.0
            ],
            "length": 8.130894360796942,
            "solid_ids": [
                1,
                2
            ],
            "preferred_normal": [
                0.3816121610238708,
                0.8413831167500124,
                0.38268343236508984
            ]
        },
        "3": {
            "type": "line",
            "start": [
                41.543701056889,
                -139.3474613865,
                5.0
            ],
            "end": [
                34.13884252447327,
                -135.98896273068397,
                5.0
            ],
            "length": 8.13089436078271,
            "solid_ids": [
                1,
                2
            ],
            "preferred_normal": [
                -0.3816121610238708,
                -0.8413831167500124,
                0.38268343236508984
            ]
        },
        "4": {
            "type": "line",
            "start": [
                122.81358010813,
                59.522173195805,
                5.0
            ],
            "end": [
                34.13884252445354,
                -135.98896273069437,
                5.0
            ],
            "length": 214.68072423206513,
            "solid_ids": [
                1,
                2
            ],
            "preferred_normal": [
                -0.8413831167500124,
                0.3816121610238708,
                0.38268343236508984
            ]
        },
        "5": {
            "type": "line",
            "start": [
                -81.54034192992,
                -67.96947248446,
                15.0
            ],
            "end": [
                -81.54034192992,
                -67.96947248446,
                47.700152029297
            ],
            "length": 32.700152029297,
            "solid_ids": [
                3,
                5
            ],
            "preferred_normal": [
                0.7301244591334711,
                0.6833141840874196,
                0.0
            ]
        },
        "6": {
            "type": "line",
            "start": [
                -81.54034192992775,
                -67.96947248445652,
                15.0
            ],
            "end": [
                -85.02315219403289,
                -75.64841475715417,
                15.0
            ],
            "length": 8.43185162127389,
            "solid_ids": [
                3,
                5
            ],
            "preferred_normal": [
                0.34851229810960005,
                -0.15806893266259256,
                -0.9238795325112868
            ]
        },
        "7": {
            "type": "line",
            "start": [
                -81.54034192992,
                -67.96947248446,
                47.700152029297
            ],
            "end": [
                -85.02315219402514,
                -75.64841475715767,
                47.700152029297
            ],
            "length": 8.431851621273903,
            "solid_ids": [
                3,
                5
            ],
            "preferred_normal": [
                0.34851229810960055,
                -0.15806893266259275,
                0.9238795325112867
            ]
        },
        "8": {
            "type": "line",
            "start": [
                -85.02315219402,
                -75.64841475716,
                15.0
            ],
            "end": [
                -85.02315219402,
                -75.64841475716,
                47.700152029297
            ],
            "length": 32.700152029297,
            "solid_ids": [
                3,
                5
            ],
            "preferred_normal": [
                -0.033099862914270334,
                -0.9994520494126052,
                0.0
            ]
        },
        "9": {
            "type": "line",
            "start": [
                30.882291266068066,
                -118.95913836650867,
                5.0
            ],
            "end": [
                -72.43327669962434,
                -72.10001275071541,
                5.0
            ],
            "length": 113.44551219660609,
            "solid_ids": [
                1,
                5
            ],
            "preferred_normal": [
                0.3816121610238708,
                0.8413831167500124,
                0.38268343236508984
            ]
        },
        "10": {
            "type": "line",
            "start": [
                30.882291266081268,
                -118.9591383665042,
                5.0
            ],
            "end": [
                27.399481001975104,
                -126.63808063920415,
                5.0
            ],
            "length": 8.431851621276396,
            "solid_ids": [
                1,
                5
            ],
            "preferred_normal": [
                0.8413831167500123,
                -0.3816121610238708,
                0.3826834323650899
            ]
        },
        "11": {
            "type": "line",
            "start": [
                -72.43327669964813,
                -72.10001275074634,
                5.0
            ],
            "end": [
                -75.91608696375326,
                -79.778955023444,
                5.0
            ],
            "length": 8.431851621273884,
            "solid_ids": [
                1,
                5
            ],
            "preferred_normal": [
                -0.8413831167500124,
                0.3816121610238708,
                0.38268343236508984
            ]
        },
        "12": {
            "type": "line",
            "start": [
                27.399481001962236,
                -126.6380806392083,
                5.0
            ],
            "end": [
                -75.91608696372519,
                -79.7789550234173,
                5.0
            ],
            "length": 113.4455121966006,
            "solid_ids": [
                1,
                5
            ],
            "preferred_normal": [
                -0.3816121610238708,
                -0.8413831167500124,
                0.38268343236508984
            ]
        },
        "13": {
            "type": "line",
            "start": [
                94.63963249713369,
                21.61382014915232,
                5.0
            ],
            "end": [
                -8.67593546857737,
                68.47294576495405,
                5.0
            ],
            "length": 113.44551219662657,
            "solid_ids": [
                1,
                4
            ],
            "preferred_normal": [
                0.3816121610238708,
                0.8413831167500124,
                0.38268343236508984
            ]
        },
        "14": {
            "type": "line",
            "start": [
                94.63963249712256,
                21.61382014915818,
                5.0
            ],
            "end": [
                92.43228204876962,
                16.747027133412143,
                5.0
            ],
            "length": 5.343975136540058,