{
    "contact_edges": {
        "1": {
            "type": "line",
            "start": [
                99.774574711269,
                3.594271031895,
                5.0
            ],
            "end": [
                98.09968588028363,
                -5.038504384303541,
                5.0
            ],
            "length": 8.793751416925625,
            "solid_ids": [
                1,
                2
            ],
            "preferred_normal": [
                0.9069672472707665,
                -0.1759653459388008,
                0.38268343236508984
            ]
        },
        "2": {
            "type": "line",
            "start": [
                99.774574711269,
                3.594271031895,
                5.0
            ],
            "end": [
                -77.06756823356325,
                37.904318008217906,
                5.0
            ],
            "length": 180.1397314443373,
            "solid_ids": [
                1,
                2
            ],
            "preferred_normal": [
                0.1759653459388008,
                0.9069672472707665,
                0.38268343236508984
            ]
        },
        "3": {
            "type": "line",
            "start": [
                98.099685880286,
                -5.038504384304,
                5.0
            ],
            "end": [
                -78.74245706454317,
                29.27154259201831,
                5.0
            ],
            "length": 180.13973144433416,
            "solid_ids": [
                1,
                2
            ],
            "preferred_normal": [
                -0.1759653459388008,
                -0.9069672472707665,
                0.38268343236508984
            ]
        },
        "4": {
            "type": "line",
            "start": [
                -77.06756823357,
                37.904318008183,
                5.0
            ],
            "end": [
                -78.74245706455545,
                29.271542591984055,
                5.0
            ],
            "length": 8.793751416926035,
            "solid_ids": [
                1,
                2
            ],
            "preferred_normal": [
                -0.9069672472707665,
                0.1759653459388008,
                0.38268343236508984
            ]
        },
        "5": {
            "type": "line",
            "start": [
                45.71018825624986,
                -5.060621227232587,
                5.0
            ],
            "end": [
                35.408860516059676,
                -58.15611462627762,
                5.0
            ],
            "length": 54.08556898562542,
            "solid_ids": [
                1,
                3
            ],
            "preferred_normal": [
                0.9069672472707665,
                -0.1759653459388008,
                0.38268343236508984
            ]
        },
        "6": {
            "type": "line",
            "start": [
                45.710188256255435,
                -5.060621227215266,
                5.0
            ],
            "end": [
                39.019882772377706,
                -3.762600904596781,
                5.0
            ],
            "length": 6.815060104323,
            "solid_ids": [
                1,
                3
            ],
            "preferred_normal": [
                0.1759653459388008,
                0.9069672472707665,
                0.3826834323650898
            ]
        },
        "7": {
            "type": "line",
            "start": [
                35.408860516072,
                -58.15611462628,
                5.0
            ],
            "end": [
                28.718555032193727,
                -56.85809430366141,
                5.0
            ],
            "length": 6.81506010432355,
            "solid_ids": [
                1,
                3
            ],
            "preferred_normal": [
                -0.1759653459388008,
                -0.9069672472707665,
                0.38268343236508984
            ]
        },
        "8": {
            "type": "line",
            "start": [
                39.01988277237186,
                -3.762600904615587,
                5.0
            ],
            "end": [
                28.718555032182238,
                -56.85809430365773,
                5.0
            ],
            "length": 54.08556898562247,
            "solid_ids": [
                1,
                3
            ],
            "preferred_normal": [
                -0.9069672472707665,
                0.1759653459388008,
                0.38268343236508984
            ]
        },
        "9": {
            "type": "line",
            "start": [
                47.614823435909,
                4.756321516433,
                15.0
            ],
            "end": [
                47.614823435909,
                4.756321516433,
                54.424073434123
            ],
            "length": 39.424073434123,
            "solid_ids": [
                2,
                3
            ],
            "preferred_normal": [
                0.8340800144752418,
                -0.5516434803865449,
                0.0
            ]
        },
        "10": {
            "type": "line",
            "start": [
                47.614823435911056,
                4.756321516443642,
                15.0
            ],
            "end": [
                40.924517952033355,
                6.054341839062123,
                15.0
            ],
            "length": 6.815060104322971,
            "solid_ids": [
                2,
                3
            ],
            "preferred_normal": [
                -0.19046351796591093,
                -0.9816942743665409,
                0.0
            ]
        },
        "11": {
            "type": "line",
            "start": [
                47.614823435909,
                4.756321516433,
                54.424073434123
            ],
            "end": [
                40.92451795203129,
                6.054341839051483,
                54.424073434123
            ],
            "length": 6.815060104322986,
            "solid_ids": [
                2,
                3
            ],
            "preferred_normal": [
                -0.07288723279552477,
                -0.37567813444774417,
                0.9238795325112866
            ]
        },
        "12": {
            "type": "line",
            "start": [
                40.924517952031,
                6.05434183905,
                15.0
            ],
            "end": [
                40.924517952031,
                6.05434183905,
                54.424073434123
            ],
            "length": 39.424073434123,
            "solid_ids": [
                2,
                3
            ],
            "preferred_normal": [
                -0.9798544800662914,
                -0.19971278850894325,
                0.0
            ]
        }
    }
}