{
    "contact_edges": {
        "1": {
            "type": "line",
            "start": [
                11.029645178894,
                65.011787604693,
                5.0
            ],
            "end": [
                -80.63132841951058,
                120.91240217964265,
                5.0
            ],
            "length": 107.36206402107075,
            "solid_ids": [
                1,
                2
            ],
            "preferred_normal": [
                -0.4810398731758943,
                -0.7887674124912827,
                0.38268343236508984
            ]
        },
        "2": {
            "type": "line",
            "start": [
                11.029645178894,
                65.011787604693,
                5.0
            ],
            "end": [
                18.26340614082881,
                76.87308067974634,
                5.0
            ],
            "length": 13.893076371585968,
            "solid_ids": [
                1,
                2
            ],
            "preferred_normal": [
                0.7887674124912827,
                -0.48103987317589425,
                0.38268343236508984
            ]
        },
        "3": {
            "type": "line",
            "start": [
                -80.6313284195,
                120.91240217966,
                5.0
            ],
            "end": [
                -73.39756745756799,
                132.77369525470877,
                5.0
            ],
            "length": 13.893076371580602,
            "solid_ids": [
                1,
                2
            ],
            "preferred_normal": [
                -0.7887674124912827,
                0.48103987317589425,
                0.38268343236508984
            ]
        },
        "4": {
            "type": "line",
            "start": [
                18.263406140831,
                76.873080679745,
                5.0
            ],
            "end": [
                -73.3975674575778,
                132.77369525469723,
                5.0
            ],
            "length": 107.36206402107568,
            "solid_ids": [
                1,
                2
            ],
            "preferred_normal": [
                0.4810398731758943,
                0.7887674124912827,
                0.38268343236508984
            ]
        },
        "5": {
            "type": "line",
            "start": [
                45.46339488685,
                -28.91630229247,
                5.0
            ],
            "end": [
                -109.37383198334005,
                65.51315662913137,
                5.0
            ],
            "length": 181.36011010439177,
            "solid_ids": [
                1,
                3
            ],
            "preferred_normal": [
                -0.4810398731758943,
                -0.7887674124912827,
                0.38268343236508984
            ]
        },
        "6": {
            "type": "line",
            "start": [
                45.46339488685,
                -28.91630229247,
                5.0
            ],
            "end": [
                50.45339429529399,
                -20.734134573719995,
                5.0
            ],
            "length": 9.583734276054718,
            "solid_ids": [
                1,
                3
            ],
            "preferred_normal": [
                0.7887674124912827,
                -0.48103987317589425,
                0.38268343236508984
            ]
        },
        "7": {
            "type": "line",
            "start": [
                -109.3738319833,
                65.513156629197,
                5.0
            ],
            "end": [
                -104.38383257486927,
                73.69532434792525,
                5.0
            ],
            "length": 9.583734276029235,
            "solid_ids": [
                1,
                3
            ],
            "preferred_normal": [
                -0.7887674124912827,
                0.48103987317589425,
                0.38268343236508984
            ]
        },
        "8": {
            "type": "line",
            "start": [
                50.453394295294,
                -20.73413457372,
                5.0
            ],
            "end": [
                -104.38383257492679,
                73.69532434790011,
                5.0
            ],
            "length": 181.36011010442775,
            "solid_ids": [
                1,
                3
            ],
            "preferred_normal": [
                0.4810398731758943,
                0.7887674124912827,
                0.38268343236508984
            ]
        }
    }
}