{
    "contact_edges": {
        "1": {
            "type": "line",
            "start": [
                12.689375319372,
                -109.2041896517,
                5.0
            ],
            "end": [
                -134.4499594890109,
                53.78092278114725,
                5.0
            ],
            "length": 219.57716348154526,
            "solid_ids": [
                1,
                2
            ],
            "preferred_normal": [
                -0.6857662568057268,
                -0.6190945255935766,
                0.38268343236508984
            ]
        },
        "2": {
            "type": "line",
            "start": [
                12.689375319372,
                -109.2041896517,
                5.0
            ],
            "end": [
                20.113435260674613,
                -102.50191344355305,
                5.0
            ],
            "length": 10.001858446426189,
            "solid_ids": [
                1,
                2
            ],
            "preferred_normal": [
                0.6190945255935766,
                -0.6857662568057268,
                0.38268343236508984
            ]
        },
        "3": {
            "type": "line",
            "start": [
                -134.449959489,
                53.780922781157,
                5.0
            ],
            "end": [
                -127.02589954762581,
                60.48319898936859,
                5.0
            ],
            "length": 10.00185844652263,
            "solid_ids": [
                1,
                2
            ],
            "preferred_normal": [
                -0.6190945255935766,
                0.6857662568057268,
                0.38268343236508984
            ]
        },
        "4": {
            "type": "line",
            "start": [
                20.113435260717,
                -102.5019134436,
                5.0
            ],
            "end": [
                -127.02589954768246,
                60.4831989892656,
                5.0
            ],
            "length": 219.57716348157,
            "solid_ids": [
                1,
                2
            ],
            "preferred_normal": [
                0.6857662568057268,
                0.6190945255935766,
                0.38268343236508984
            ]
        },
        "5": {
            "type": "line",
            "start": [
                -82.133542140384,
                25.679356147036422,
                5.0
            ],
            "end": [
                -29.660026541389737,
                73.0512790487338,
                5.0
            ],
            "length": 70.69348568801976,
            "solid_ids": [
                1,
                3
            ],
            "preferred_normal": [
                0.6190945255935766,
                -0.6857662568057268,
                0.38268343236508984
            ]
        },
        "6": {
            "type": "line",
            "start": [
                -82.13354214039123,
                25.679356147021878,
                5.0
            ],
            "end": [
                -84.96026674640116,
                28.810497308745937,
                5.0
            ],
            "length": 4.218342917884308,
            "solid_ids": [
                1,
                3
            ],
            "preferred_normal": [
                -0.6857662568057268,
                -0.6190945255935766,
                0.38268343236508984
            ]
        },
        "7": {
            "type": "line",
            "start": [
                -29.66002654138,
                73.051279048723,
                5.0
            ],
            "end": [
                -32.48675114738994,
                76.18242021044706,
                5.0
            ],
            "length": 4.218342917884313,
            "solid_ids": [
                1,
                3
            ],
            "preferred_normal": [
                0.6857662568057268,
                0.6190945255935766,
                0.38268343236508984
            ]
        },
        "8": {
            "type": "line",
            "start": [
                -84.960266746394,
                28.81049730876042,
                5.0
            ],
            "end": [
                -32.48675114739974,
                76.18242021045779,
                5.0
            ],
            "length": 70.69348568801976,
            "solid_ids": [
                1,
                3
            ],
            "preferred_normal": [
                -0.6190945255935766,
                0.6857662568057268,
                0.38268343236508984
            ]
        },
        "9": {
            "type": "line",
            "start": [
                -89.55622261629,
                18.978325289571,
                15.0
            ],
            "end": [
                -89.55622261629,
                18.978325289571,
                59.219306888718
            ],
            "length": 44.219306888718,
            "solid_ids": [
                2,
                3
            ],
            "preferred_normal": [
                0.9031482097803395,
                -0.4293289079139301,
                0.0
            ]
        },
        "10": {
            "type": "line",
            "start": [
                -89.55622261629522,
                18.97832528956631,
                15.0
            ],
            "end": [
                -92.38294722230515,
                22.10946645129036,
                15.0
            ],
            "length": 4.218342917884301,
            "solid_ids": [
                2,
                3
            ],
            "preferred_normal": [
                0.2840536841867629,
                0.2564373488917967,
                -0.9238795325112866
            ]
        },
        "11": {
            "type": "line",
            "start": [
                -89.55622261629,
                18.978325289571,
                59.219306888718
            ],
            "end": [
                -92.38294722229993,
                22.10946645129506,
                59.219306888718
            ],
            "length": 4.218342917884308,
            "solid_ids": [
                2,
                3
            ],
            "preferred_normal": [
                0.2840536841867629,
                0.2564373488917967,
                0.9238795325112866
            ]
        },
        "12": {
            "type": "line",
            "start": [
                -92.3829472223,
                22.109466451295,
                15.0
            ],
            "end": [
                -92.3829472223,
                22.109466451295,
                59.219306888718
            ],
            "length": 44.219306888718,
            "solid_ids": [
                2,
                3
            ],
            "preferred_normal": [
                -0.33504084140681367,
                0.9422036056975235,
                0.0
            ]
        }
    }
}