{
  "welds": [
    {
      "start": {
        "xyz": [
          21.549219788572,
          -81.88480273792,
          5.0
        ],
        "pose": [
          -0.0972904283244152,
          -0.8106794922921873,
          0.5773502691896257
        ]
      },
      "end": {
        "xyz": [
          10.861558842054881,
          -68.28202250014402,
          5.0
        ],
        "pose": [
          -0.8106794922921873,
          0.0972904283244152,
          0.5773502691896257
        ]
      }
    },
    {
      "start": {
        "xyz": [
          10.861558842054881,
          -68.28202250014402,
          5.0
        ],
        "pose": [
          -0.8106794922921873,
          0.0972904283244152,
          0.5773502691896257
        ]
      },
      "end": {
        "xyz": [
          110.98953119753618,
          10.388205283568798,
          5.0
        ],
        "pose": [
          0.0972904283244152,
          0.8106794922921873,
          0.5773502691896257
        ]
      }
    },
    {
      "start": {
        "xyz": [
          110.98953119753618,
          10.388205283568798,
          5.0
        ],
        "pose": [
          0.0972904283244152,
          0.8106794922921873,
          0.5773502691896257
        ]
      },
      "end": {
        "xyz": [
          121.677192144045,
          -3.2145749542137003,
          5.0
        ],
        "pose": [
          0.8106794922921873,
          -0.0972904283244152,
          0.5773502691896257
        ]
      }
    },
    {
      "start": {
        "xyz": [
          121.677192144045,
          -3.2145749542137003,
          5.0
        ],
        "pose": [
          0.8106794922921873,
          -0.0972904283244152,
          0.5773502691896257
        ]
      },
      "end": {
        "xyz": [
          21.549219788572,
          -81.88480273792,
          5.0
        ],
        "pose": [
          -0.0972904283244152,
          -0.8106794922921873,
          0.5773502691896257
        ]
      }
    }
  ]
}