{
    "contact_edges": {
        "1": {
            "type": "line",
            "start": [
                -2.81999998423,
                -145.866345492,
                5.0
            ],
            "end": [
                -11.645823355046534,
                -141.6123102740928,
                5.0
            ],
            "length": 9.79754937767838,
            "solid_ids": [
                1,
                2
            ],
            "preferred_normal": [
                -0.4011427671250937,
                -0.8322486833732431,
                0.38268343236508984
            ]
        },
        "2": {
            "type": "line",
            "start": [
                -2.81999998423,
                -145.866345492,
                5.0
            ],
            "end": [
                100.40945248906188,
                68.30322940013976,
                5.0
            ],
            "length": 237.74971433719006,
            "solid_ids": [
                1,
                2
            ],
            "preferred_normal": [
                0.8322486833732431,
                -0.4011427671250937,
                0.38268343236508984
            ]
        },
        "3": {
            "type": "line",
            "start": [
                -11.64582335505,
                -141.6123102741,
                5.0
            ],
            "end": [
                91.58362911824639,
                72.55726461804912,
                5.0
            ],
            "length": 237.74971433720046,
            "solid_ids": [
                1,
                2
            ],
            "preferred_normal": [
                -0.8322486833732431,
                0.4011427671250937,
                0.38268343236508984
            ]
        },
        "4": {
            "type": "line",
            "start": [
                100.40945248908,
                68.303229400131,
                5.0
            ],
            "end": [
                91.58362911825796,
                72.55726461804085,
                5.0
            ],
            "length": 9.797549377684488,
            "solid_ids": [
                1,
                2
            ],
            "preferred_normal": [
                0.4011427671250937,
                0.8322486833732431,
                0.38268343236508984
            ]
        }
    }
}