{
    "contact_edges": {
        "1": {
            "type": "line",
            "start": [
                -93.89185095306,
                103.9094598406,
                5.0
            ],
            "end": [
                -105.55290439442662,
                -98.02132643161848,
                5.0
            ],
            "length": 202.26720597239384,
            "solid_ids": [
                1,
                2
            ],
            "preferred_normal": [
                0.9223428954977314,
                -0.053263249226220694,
                0.38268343236508984
            ]
        },
        "2": {
            "type": "line",
            "start": [
                -93.89185095306,
                103.9094598406,
                5.0
            ],
            "end": [
                -103.51479759930001,
                104.4651635902697,
                5.0
            ],
            "length": 9.638978618804941,
            "solid_ids": [
                1,
                2
            ],
            "preferred_normal": [
                0.053263249226220694,
                0.9223428954977314,
                0.38268343236508984
            ]
        },
        "3": {
            "type": "line",
            "start": [
                -105.5529043944,
                -98.02132643162,
                5.0
            ],
            "end": [
                -115.17585104060015,
                -97.4656226819526,
                5.0
            ],
            "length": 9.638978618765014,
            "solid_ids": [
                1,
                2
            ],
            "preferred_normal": [
                -0.053263249226220694,
                -0.9223428954977314,
                0.38268343236508984
            ]
        },
        "4": {
            "type": "line",
            "start": [
                -103.5147975993,
                104.46516359027,
                5.0
            ],
            "end": [
                -115.17585104066649,
                -97.46562268194619,
                5.0
            ],
            "length": 202.2672059723915,
            "solid_ids": [
                1,
                2
            ],
            "preferred_normal": [
                -0.9223428954977314,
                0.053263249226220694,
                0.38268343236508984
            ]
        },
        "5": {
            "type": "line",
            "start": [
                77.642932613562,
                63.663976805029,
                5.0
            ],
            "end": [
                69.09159905800614,
                -84.41677055042008,
                5.0
            ],
            "length": 148.32745208802962,
            "solid_ids": [
                1,
                3
            ],
            "preferred_normal": [
                0.9223428954977314,
                -0.053263249226220694,
                0.38268343236508984
            ]
        },
        "6": {
            "type": "line",
            "start": [
                77.642932613562,
                63.663976805029,
                5.0
            ],
            "end": [
                67.85933488040801,
                64.2289577973842,
                5.0
            ],
            "length": 9.79989735282459,
            "solid_ids": [
                1,
                3
            ],
            "preferred_normal": [
                0.053263249226220694,
                0.9223428954977314,
                0.38268343236508984
            ]
        },
        "7": {
            "type": "line",
            "start": [
                69.091599058005,
                -84.41677055042,
                5.0
            ],
            "end": [
                59.30800132485072,
                -83.8517895580648,
                5.0
            ],
            "length": 9.799897352824889,
            "solid_ids": [
                1,
                3
            ],
            "preferred_normal": [
                -0.053263249226220694,
                -0.9223428954977314,
                0.38268343236508984
            ]
        },
        "8": {
            "type": "line",
            "start": [
                67.859334880408,
                64.228957797384,
                5.0
            ],
            "end": [
                59.30800132485242,
                -83.85178955806012,
                5.0
            ],
            "length": 148.32745208802461,
            "solid_ids": [
                1,
                3
            ],
            "preferred_normal": [
                -0.9223428954977314,
                0.053263249226220694,
                0.38268343236508984
            ]
        }
    }
}