{
    "contact_edges": {
        "1": {
            "type": "line",
            "start": [
                1.501500846844,
                93.609790693348,
                5.0
            ],
            "end": [
                -12.7433704398902,
                -92.92863445433998,
                5.0
            ],
            "length": 187.08153413566828,
            "solid_ids": [
                1,
                2
            ],
            "preferred_normal": [
                0.9211974544524547,
                -0.07034657421361344,
                0.3826834323650899
            ]
        },
        "2": {
            "type": "line",
            "start": [
                1.501500846844,
                93.609790693348,
                5.0
            ],
            "end": [
                -11.614519758260126,
                94.61138607599337,
                5.0
            ],
            "length": 13.154208065256247,
            "solid_ids": [
                1,
                2
            ],
            "preferred_normal": [
                0.07034657421361344,
                0.9211974544524547,
                0.3826834323650899
            ]
        },
        "3": {
            "type": "line",
            "start": [
                -12.74337043989,
                -92.92863445434,
                5.0
            ],
            "end": [
                -25.85939104499956,
                -91.92703907169422,
                5.0
            ],
            "length": 13.154208065261695,
            "solid_ids": [
                1,
                2
            ],
            "preferred_normal": [
                -0.07034657421361344,
                -0.9211974544524547,
                0.3826834323650899
            ]
        },
        "4": {
            "type": "line",
            "start": [
                -11.61451975826,
                94.611386075995,
                5.0
            ],
            "end": [
                -25.859391044994766,
                -91.9270390717004,
                5.0
            ],
            "length": 187.08153413567575,
            "solid_ids": [
                1,
                2
            ],
            "preferred_normal": [
                -0.9211974544524547,
                0.07034657421361344,
                0.3826834323650899
            ]
        },
        "5": {
            "type": "line",
            "start": [
                119.70702464569,
                14.302859674006,
                5.0
            ],
            "end": [
                119.2519656384916,
                8.34380333412088,
                5.0
            ],
            "length": 5.976406207911024,
            "solid_ids": [
                1,
                3
            ],
            "preferred_normal": [
                0.9211974544524547,
                -0.07034657421361344,
                0.3826834323650899
            ]
        },
        "6": {
            "type": "line",
            "start": [
                119.70702464569,
                14.302859674006,
                5.0
            ],
            "end": [
                6.136685502717698,
                22.97557609584528,
                5.0
            ],
            "length": 113.90100062415337,
            "solid_ids": [
                1,
                3
            ],
            "preferred_normal": [
                0.07034657421361344,
                0.9211974544524547,
                0.3826834323650899
            ]
        },
        "7": {
            "type": "line",
            "start": [
                119.25196563849,
                8.343803334121,
                5.0
            ],
            "end": [
                5.681626495518698,
                17.016519755960207,
                5.0
            ],
            "length": 113.90100062415237,
            "solid_ids": [
                1,
                3
            ],
            "preferred_normal": [
                -0.07034657421361344,
                -0.9211974544524547,
                0.3826834323650899
            ]
        },
        "8": {
            "type": "line",
            "start": [
                6.136685502722177,
                22.975576095848677,
                5.0
            ],
            "end": [
                5.681626495523776,
                17.01651975596363,
                5.0
            ],
            "length": 5.976406207910953,
            "solid_ids": [
                1,
                3
            ],
            "preferred_normal": [
                -0.9211974544524547,
                0.07034657421361344,
                0.3826834323650898
            ]
        },
        "9": {
            "type": "line",
            "start": [
                -3.834283893568,
                23.73700192831,
                15.0
            ],
            "end": [
                -3.834283893568,
                23.73700192831,
                53.469216689945
            ],
            "length": 38.469216689945,
            "solid_ids": [
                2,
                3
            ],
            "preferred_normal": [
                0.4519190534713917,
                0.8920589493466905,
                0.0
            ]
        },
        "10": {
            "type": "line",
            "start": [
                -3.8342838935637467,
                23.737001928309674,
                15.0
            ],
            "end": [
                -4.289342900762065,
                17.777945588425688,
                15.0
            ],
            "length": 5.976406207909888,
            "solid_ids": [
                2,
                3
            ],
            "preferred_normal": [
                0.9970969396285448,
                -0.07614258324610523,
                0.0
            ]
        },
        "11": {
            "type": "line",
            "start": [
                -3.834283893568,
                23.73700192831,
                53.469216689945
            ],
            "end": [
                -4.289342900766318,
                17.777945588426025,
                53.469216689945
            ],
            "length": 5.976406207909878,
            "solid_ids": [
                2,
                3
            ],
            "preferred_normal": [
                0.3815724792577783,
                -0.02913850510576414,
                0.9238795325112866
            ]
        },
        "12": {
            "type": "line",
            "start": [
                -4.289342900766,
                17.777945588426,
                15.0
            ],
            "end": [
                -4.289342900766,
                17.777945588426,
                53.469216689945
            ],
            "length": 38.469216689945,
            "solid_ids": [
                2,
                3
            ],
            "preferred_normal": [
                0.3112259050441648,
                -0.9503359595582188,
                0.0
            ]
        }
    }
}