{
    "contact_edges": {
        "1": {
            "type": "line",
            "start": [
                -2.214666597972,
                20.85270705158,
                5.0
            ],
            "end": [
                -168.78281186571755,
                89.98606764388573,
                5.0
            ],
            "length": 180.34513734703953,
            "solid_ids": [
                1,
                2
            ],
            "preferred_normal": [
                -0.3541592404681607,
                -0.853302187378123,
                0.3826834323650899
            ]
        },
        "2": {
            "type": "line",
            "start": [
                -2.214666597972,
                20.85270705158,
                5.0
            ],
            "end": [
                2.3399869437475185,
                31.82657243699603,
                5.0
            ],
            "length": 11.881523066607675,
            "solid_ids": [
                1,
                2
            ],
            "preferred_normal": [
                0.853302187378123,
                -0.3541592404681607,
                0.3826834323650899
            ]
        },
        "3": {
            "type": "line",
            "start": [
                -168.7828118657,
                89.986067643928,
                5.0
            ],
            "end": [
                -164.2281583239701,
                100.95993302936908,
                5.0
            ],
            "length": 11.881523066634806,
            "solid_ids": [
                1,
                2
            ],
            "preferred_normal": [
                -0.853302187378123,
                0.3541592404681607,
                0.3826834323650899
            ]
        },
        "4": {
            "type": "line",
            "start": [
                2.33998694375,
                31.826572436995,
                5.0
            ],
            "end": [
                -164.22815832392794,
                100.95993302927268,
                5.0
            ],
            "length": 180.34513734696634,
            "solid_ids": [
                1,
                2
            ],
            "preferred_normal": [
                0.3541592404681607,
                0.853302187378123,
                0.3826834323650899
            ]
        },
        "5": {
            "type": "line",
            "start": [
                -115.19395234,
                -118.821791554,
                5.0
            ],
            "end": [
                -123.79850932130907,
                -115.25050882422182,
                5.0
            ],
            "length": 9.316247161846157,
            "solid_ids": [
                1,
                3
            ],
            "preferred_normal": [
                -0.3541592404681607,
                -0.853302187378123,
                0.3826834323650899
            ]
        },
        "6": {
            "type": "line",
            "start": [
                -115.19395234,
                -118.821791554,
                5.0
            ],
            "end": [
                -52.97270178373254,
                31.092493135794633,
                5.0
            ],
            "length": 162.31382188476312,
            "solid_ids": [
                1,
                3
            ],
            "preferred_normal": [
                0.853302187378123,
                -0.3541592404681607,
                0.3826834323650899
            ]
        },
        "7": {
            "type": "line",
            "start": [
                -123.7985093213,
                -115.2505088242,
                5.0
            ],
            "end": [
                -61.577258765039986,
                34.66377586557671,
                5.0
            ],
            "length": 162.3138218847437,
            "solid_ids": [
                1,
                3
            ],
            "preferred_normal": [
                -0.853302187378123,
                0.3541592404681607,
                0.3826834323650899
            ]
        },
        "8": {
            "type": "line",
            "start": [
                -52.972701783706555,
                31.092493135737154,
                5.0
            ],
            "end": [
                -61.57725876507815,
                34.663775865541275,
                5.0
            ],
            "length": 9.316247161913848,
            "solid_ids": [
                1,
                3
            ],
            "preferred_normal": [
                0.35415924046816066,
                0.853302187378123,
                0.3826834323650898
            ]
        },
        "9": {
            "type": "line",
            "start": [
                -49.13930978824,
                40.328569456881,
                15.0
            ],
            "end": [
                -49.13930978824,
                40.328569456881,
                52.665794315364
            ],
            "length": 37.665794315364,
            "solid_ids": [
                2,
                3
            ],
            "preferred_normal": [
                0.7066046267364565,
                -0.7076085792828073,
                0.0
            ]
        },
        "10": {
            "type": "line",
            "start": [
                -49.13930978825442,
                40.32856945684627,
                15.0
            ],
            "end": [
                -57.74386676963455,
                43.89985218665393,
                15.0
            ],
            "length": 9.316247161923087,
            "solid_ids": [
                2,
                3
            ],
            "preferred_normal": [
                -0.38333919954421547,
                -0.9236076321105192,
                0.0
            ]
        },
        "11": {
            "type": "line",
            "start": [
                -49.13930978824,
                40.328569456881,
                52.665794315364
            ],
            "end": [
                -57.74386676962014,
                43.89985218668867,
                52.665794315364
            ],
            "length": 9.316247161923103,
            "solid_ids": [
                2,
                3
            ],
            "preferred_normal": [
                -0.14669756064166647,
                -0.3534493388146467,
                0.9238795325112866
            ]
        },
        "12": {
            "type": "line",
            "start": [
                -57.74386676962,
                43.899852186689,
                15.0
            ],
            "end": [
                -57.74386676962,
                43.899852186689,
                52.665794315364
            ],
            "length": 37.665794315364,
            "solid_ids": [
                2,
                3
            ],
            "preferred_normal": [
                -0.9999997480197895,
                0.0007099016535140217,
                0.0
            ]
        }
    }
}