{
  "welds": [
    {
      "start": {
        "xyz": [
          73.740479072108,
          96.598052072016,
          5.0
        ],
        "pose": [
          0.7261971894738123,
          -0.3732349242327179,
          0.5773502691896257
        ]
      },
      "end": {
        "xyz": [
          70.27795725691092,
          107.38336272112126,
          5.0
        ],
        "pose": [
          0.37323492423271787,
          0.7261971894738123,
          0.5773502691896257
        ]
      }
    },
    {
      "start": {
        "xyz": [
          70.27795725691092,
          107.38336272112126,
          5.0
        ],
        "pose": [
          0.37323492423271787,
          0.7261971894738123,
          0.5773502691896257
        ]
      },
      "end": {
        "xyz": [
          -65.31685233463931,
          63.85193358446423,
          5.0
        ],
        "pose": [
          -0.7261971894738123,
          0.3732349242327179,
          0.5773502691896257
        ]
      }
    },
    {
      "start": {
        "xyz": [
          -65.31685233463931,
          63.85193358446423,
          5.0
        ],
        "pose": [
          -0.7261971894738123,
          0.3732349242327179,
          0.5773502691896257
        ]
      },
      "end": {
        "xyz": [
          -61.85433051944553,
          53.06662293536923,
          5.0
        ],
        "pose": [
          -0.37323492423271787,
          -0.7261971894738123,
          0.5773502691896257
        ]
      }
    },
    {
      "start": {
        "xyz": [
          -61.85433051944553,
          53.06662293536923,
          5.0
        ],
        "pose": [
          -0.37323492423271787,
          -0.7261971894738123,
          0.5773502691896257
        ]
      },
      "end": {
        "xyz": [
          73.740479072108,
          96.598052072016,
          5.0
        ],
        "pose": [
          0.7261971894738123,
          -0.3732349242327179,
          0.5773502691896257
        ]
      }
    }
  ]
}