{
    "contact_edges": {
        "1": {
            "type": "line",
            "start": [
                -104.1039913306,
                -84.28649091546,
                5.0
            ],
            "end": [
                -110.36582239755867,
                64.35670776207077,
                5.0
            ],
            "length": 148.77503500721826,
            "solid_ids": [
                1,
                2
            ],
            "preferred_normal": [
                -0.9230608408091893,
                -0.038885405461512756,
                0.38268343236508984
            ]
        },
        "2": {
            "type": "line",
            "start": [
                -104.1039913306,
                -84.28649091546,
                5.0
            ],
            "end": [
                -95.14214340228963,
                -83.90895882334864,
                5.0
            ],
            "length": 8.969796473205772,
            "solid_ids": [
                1,
                2
            ],
            "preferred_normal": [
                0.038885405461512756,
                -0.9230608408091893,
                0.38268343236508984
            ]
        },
        "3": {
            "type": "line",
            "start": [
                -110.3658223976,
                64.356707762069,
                5.0
            ],
            "end": [
                -101.4039744692,
                64.73423985418412,
                5.0
            ],
            "length": 8.969796473295494,
            "solid_ids": [
                1,
                2
            ],
            "preferred_normal": [
                -0.038885405461512756,
                0.9230608408091893,
                0.38268343236508984
            ]
        },
        "4": {
            "type": "line",
            "start": [
                -95.14214340229,
                -83.90895882334,
                5.0
            ],
            "end": [
                -101.40397446924831,
                64.73423985418196,
                5.0
            ],
            "length": 148.77503500720945,
            "solid_ids": [
                1,
                2
            ],
            "preferred_normal": [
                0.9230608408091893,
                0.038885405461512756,
                0.38268343236508984
            ]
        },
        "5": {
            "type": "line",
            "start": [
                -88.80641145920997,
                3.283889762271401,
                5.0
            ],
            "end": [
                64.12641663419599,
                9.726428288306897,
                5.0
            ],
            "length": 153.06846903038755,
            "solid_ids": [
                1,
                3
            ],
            "preferred_normal": [
                0.038885405461512756,
                -0.9230608408091893,
                0.38268343236508984
            ]
        },
        "6": {
            "type": "line",
            "start": [
                -88.80641145921001,
                3.283889762272033,
                5.0
            ],
            "end": [
                -89.0490793773701,
                9.044335099430013,
                5.0
            ],
            "length": 5.76555445736915,
            "solid_ids": [
                1,
                3
            ],
            "preferred_normal": [
                -0.9230608408091893,
                -0.038885405461512756,
                0.38268343236508984
            ]
        },
        "7": {
            "type": "line",
            "start": [
                64.126416634196,
                9.726428288306,
                5.0
            ],
            "end": [
                63.88374871603591,
                15.486873625463998,
                5.0
            ],
            "length": 5.765554457369168,
            "solid_ids": [
                1,
                3
            ],
            "preferred_normal": [
                0.9230608408091893,
                0.038885405461512756,
                0.38268343236508984
            ]
        },
        "8": {
            "type": "line",
            "start": [
                -89.04907937736998,
                9.044335099429402,
                5.0
            ],
            "end": [
                63.88374871603598,
                15.486873625464897,
                5.0
            ],
            "length": 153.06846903038755,
            "solid_ids": [
                1,
                3
            ],
            "preferred_normal": [
                -0.038885405461512756,
                0.9230608408091893,
                0.38268343236508984
            ]
        },
        "9": {
            "type": "line",
            "start": [
                -98.79755000408,
                2.862997166504,
                15.0
            ],
            "end": [
                -98.79755000408,
                2.862997166504,
                55.770969906929
            ],
            "length": 40.770969906929,
            "solid_ids": [
                2,
                3
            ],
            "preferred_normal": [
                0.4212297246201915,
                -0.9069539784886539,
                0.0
            ]
        },
        "10": {
            "type": "line",
            "start": [
                -98.79755000408714,
                2.862997166503715,
                15.0
            ],
            "end": [
                -99.04021792224722,
                8.623442503661723,
                15.0
            ],
            "length": 5.765554457369177,
            "solid_ids": [
                2,
                3
            ],
            "preferred_normal": [
                0.38234431915867884,
                0.01610686232053541,
                -0.9238795325112866
            ]
        },
        "11": {
            "type": "line",
            "start": [
                -98.79755000408,
                2.862997166504,
                55.770969906929
            ],
            "end": [
                -99.04021792224009,
                8.623442503661998,
                55.770969906929
            ],
            "length": 5.765554457369168,
            "solid_ids": [
                2,
                3
            ],
            "preferred_normal": [
                0.38234431915867884,
                0.01610686232053541,
                0.9238795325112866
            ]
        },
        "12": {
            "type": "line",
            "start": [
                -99.04021792224,
                8.623442503662,
                15.0
            ],
            "end": [
                -99.04021792224,
                8.623442503662,
                55.770969906929
            ],
            "length": 40.770969906929,
            "solid_ids": [
                2,
                3
            ],
            "preferred_normal": [
                0.3434589136971659,
                0.9391677031297246,
                0.0
            ]
        }
    }
}