{
    "contact_edges": {
        "1": {
            "type": "line",
            "start": [
                -16.7446994005,
                -70.51547025114,
                5.0
            ],
            "end": [
                -27.77481035544724,
                -62.249343870376315,
                5.0
            ],
            "length": 13.783765560296086,
            "solid_ids": [
                1,
                2
            ],
            "preferred_normal": [
                -0.5540507013799735,
                -0.7393113085119375,
                0.3826834323650899
            ]
        },
        "2": {
            "type": "line",
            "start": [
                -16.7446994005,
                -70.51547025114,
                5.0
            ],
            "end": [
                99.59021914771311,
                84.71891649954867,
                5.0
            ],
            "length": 193.9884741511252,
            "solid_ids": [
                1,
                2
            ],
            "preferred_normal": [
                0.7393113085119375,
                -0.5540507013799734,
                0.3826834323650899
            ]
        },
        "3": {
            "type": "line",
            "start": [
                -27.77481035545,
                -62.24934387038,
                5.0
            ],
            "end": [
                88.56010819276564,
                92.98504288031204,
                5.0
            ],
            "length": 193.9884741511294,
            "solid_ids": [
                1,
                2
            ],
            "preferred_normal": [
                -0.7393113085119375,
                0.5540507013799734,
                0.3826834323650899
            ]
        },
        "4": {
            "type": "line",
            "start": [
                99.590219147698,
                84.71891649956,
                5.0
            ],
            "end": [
                88.56010819275524,
                92.98504288032032,
                5.0
            ],
            "length": 13.783765560290483,
            "solid_ids": [
                1,
                2
            ],
            "preferred_normal": [
                0.5540507013799735,
                0.7393113085119375,
                0.3826834323650899
            ]
        },
        "5": {
            "type": "line",
            "start": [
                20.01688957393612,
                18.19769721251816,
                5.0
            ],
            "end": [
                -82.14780239575789,
                94.76141075290684,
                5.0
            ],
            "length": 127.66999066482757,
            "solid_ids": [
                1,
                3
            ],
            "preferred_normal": [
                -0.5540507013799735,
                -0.7393113085119375,
                0.3826834323650899
            ]
        },
        "6": {
            "type": "line",
            "start": [
                20.016889573943967,
                18.197697212512065,
                5.0
            ],
            "end": [
                24.74466023904409,
                24.50631537336594,
                5.0
            ],
            "length": 7.8835574813174665,
            "solid_ids": [
                1,
                3
            ],
            "preferred_normal": [
                0.7393113085119375,
                -0.5540507013799734,
                0.3826834323650898
            ]
        },
        "7": {
            "type": "line",
            "start": [
                -82.14780239576,
                94.761410752904,
                5.0
            ],
            "end": [
                -77.42003173066729,
                101.07002891374796,
                5.0
            ],
            "length": 7.883557481305086,
            "solid_ids": [
                1,
                3
            ],
            "preferred_normal": [
                -0.7393113085119375,
                0.5540507013799734,
                0.3826834323650899
            ]
        },
        "8": {
            "type": "line",
            "start": [
                24.74466023903612,
                24.50631537337216,
                5.0
            ],
            "end": [
                -77.42003173066045,
                101.07002891376277,
                5.0
            ],
            "length": 127.66999066483078,
            "solid_ids": [
                1,
                3
            ],
            "preferred_normal": [
                0.5540507013799735,
                0.7393113085119375,
                0.3826834323650899
            ]
        },
        "9": {
            "type": "line",
            "start": [
                28.019137513149,
                12.200695635116,
                15.0
            ],
            "end": [
                28.019137513149,
                12.200695635116,
                66.225927332103
            ],
            "length": 51.225927332103,
            "solid_ids": [
                2,
                3
            ],
            "preferred_normal": [
                -0.8602834721814173,
                -0.5098159937580269,
                0.0
            ]
        },
        "10": {
            "type": "line",
            "start": [
                28.01913751316047,
                12.200695635107405,
                15.0
            ],
            "end": [
                32.74690817826061,
                18.5093137959613,
                15.0
            ],
            "length": 7.883557481317494,
            "solid_ids": [
                2,
                3
            ],
            "preferred_normal": [
                -0.800224793921285,
                0.5997001577402136,
                0.0
            ]
        },
        "11": {
            "type": "line",
            "start": [
                28.019137513149,
                12.200695635116,
                66.225927332103
            ],
            "end": [
                32.74690817824914,
                18.509313795969895,
                66.225927332103
            ],
            "length": 7.883557481317493,
            "solid_ids": [
                2,
                3
            ],
            "preferred_normal": [
                -0.30623277080144407,
                0.22949531475391075,
                0.9238795325112866
            ]
        },
        "12": {
            "type": "line",
            "start": [
                32.746908178249,
                18.50931379597,
                15.0
            ],
            "end": [
                32.746908178249,
                18.50931379597,
                66.225927332103
            ],
            "length": 51.225927332103,
            "solid_ids": [
                2,
                3
            ],
            "preferred_normal": [
                0.2478179305785295,
                0.9688066232658481,
                0.0
            ]
        }
    }
}