{
    "contact_edges": {
        "1": {
            "type": "line",
            "start": [
                17.936889946915,
                -81.0385216145,
                5.0
            ],
            "end": [
                5.152040526452054,
                -80.56938049991845,
                5.0
            ],
            "length": 12.793454110962468,
            "solid_ids": [
                1,
                2
            ],
            "preferred_normal": [
                -0.03387903453298207,
                -0.923258144622828,
                0.38268343236508984
            ]
        },
        "2": {
            "type": "line",
            "start": [
                17.936889946915,
                -81.0385216145,
                5.0
            ],
            "end": [
                26.11527747155856,
                141.83568351250995,
                5.0
            ],
            "length": 223.02420795397916,
            "solid_ids": [
                1,
                2
            ],
            "preferred_normal": [
                0.923258144622828,
                -0.03387903453298207,
                0.38268343236508984
            ]
        },
        "3": {
            "type": "line",
            "start": [
                5.152040526452,
                -80.56938049992,
                5.0
            ],
            "end": [
                13.330428051095563,
                142.30482462708994,
                5.0
            ],
            "length": 223.02420795397916,
            "solid_ids": [
                1,
                2
            ],
            "preferred_normal": [
                -0.923258144622828,
                0.03387903453298207,
                0.38268343236508984
            ]
        },
        "4": {
            "type": "line",
            "start": [
                26.115277471557,
                141.83568351251,
                5.0
            ],
            "end": [
                13.330428051094055,
                142.30482462709153,
                5.0
            ],
            "length": 12.79345411096247,
            "solid_ids": [
                1,
                2
            ],
            "preferred_normal": [
                0.03387903453298207,
                0.923258144622828,
                0.38268343236508984
            ]
        }
    }
}