{
    "contact_edges": {
        "1": {
            "type": "line",
            "start": [
                -92.65781545914,
                -88.90201094606,
                5.0
            ],
            "end": [
                -109.16586993610181,
                -91.88847617127995,
                5.0
            ],
            "length": 16.776019705394575,
            "solid_ids": [
                1,
                2
            ],
            "preferred_normal": [
                0.16446893509848295,
                -0.9091223019928862,
                0.3826834323650898
            ]
        },
        "2": {
            "type": "line",
            "start": [
                -92.65781545914,
                -88.90201094606,
                5.0
            ],
            "end": [
                -131.88689512751975,
                127.9415601017146,
                5.0
            ],
            "length": 220.36346111907793,
            "solid_ids": [
                1,
                2
            ],
            "preferred_normal": [
                0.9091223019928862,
                0.16446893509848295,
                0.3826834323650898
            ]
        },
        "3": {
            "type": "line",
            "start": [
                -109.1658699361,
                -91.88847617129,
                5.0
            ],
            "end": [
                -148.394949604481,
                124.9550948764916,
                5.0
            ],
            "length": 220.36346111908503,
            "solid_ids": [
                1,
                2
            ],
            "preferred_normal": [
                -0.9091223019928862,
                -0.16446893509848295,
                0.3826834323650898
            ]
        },
        "4": {
            "type": "line",
            "start": [
                -131.8868951276,
                127.9415601017,
                5.0
            ],
            "end": [
                -148.39494960460055,
                124.95509487647307,
                5.0
            ],
            "length": 16.776019705433928,
            "solid_ids": [
                1,
                2
            ],
            "preferred_normal": [
                -0.16446893509848295,
                0.9091223019928862,
                0.3826834323650898
            ]
        }
    }
}