{
    "contact_edges": {
        "1": {
            "type": "line",
            "start": [
                106.77920699617,
                -84.38409782801,
                5.0
            ],
            "end": [
                92.6497279829654,
                -81.2976018662527,
                5.0
            ],
            "length": 14.462663465162057,
            "solid_ids": [
                1,
                2
            ],
            "preferred_normal": [
                -0.19716634167110164,
                -0.9025956039696339,
                0.38268343236508984
            ]
        },
        "2": {
            "type": "line",
            "start": [
                106.77920699617,
                -84.38409782801,
                5.0
            ],
            "end": [
                141.92603745403463,
                76.51240405897657,
                5.0
            ],
            "length": 164.69057049722963,
            "solid_ids": [
                1,
                2
            ],
            "preferred_normal": [
                0.9025956039696339,
                -0.19716634167110164,
                0.38268343236508984
            ]
        },
        "3": {
            "type": "line",
            "start": [
                92.649727982966,
                -81.29760186625,
                5.0
            ],
            "end": [
                127.79655844083035,
                79.59890002073531,
                5.0
            ],
            "length": 164.69057049722835,
            "solid_ids": [
                1,
                2
            ],
            "preferred_normal": [
                -0.9025956039696339,
                0.19716634167110164,
                0.38268343236508984
            ]
        },
        "4": {
            "type": "line",
            "start": [
                141.92603745406,
                76.512404058971,
                5.0
            ],
            "end": [
                127.7965584408497,
                79.59890002072954,
                5.0
            ],
            "length": 14.462663465167905,
            "solid_ids": [
                1,
                2
            ],
            "preferred_normal": [
                0.19716634167110164,
                0.9025956039696339,
                0.38268343236508984
            ]
        },
        "5": {
            "type": "line",
            "start": [
                110.17206483089979,
                45.77469314602905,
                5.0
            ],
            "end": [
                70.87281415930035,
                54.35936766832545,
                5.0
            ],
            "length": 40.2259585342969,
            "solid_ids": [
                1,
                4
            ],
            "preferred_normal": [
                -0.19716634167110164,
                -0.9025956039696339,
                0.38268343236508984
            ]
        },
        "6": {
            "type": "line",
            "start": [
                110.17206483089659,
                45.77469314603075,
                5.0
            ],
            "end": [
                111.935103757019,
                53.84560003033021,
                5.0
            ],
            "length": 8.26122534434543,
            "solid_ids": [
                1,
                4
            ],
            "preferred_normal": [
                0.9025956039696339,
                -0.19716634167110164,
                0.38268343236508984
            ]
        },
        "7": {
            "type": "line",
            "start": [
                70.87281415929529,
                54.35936766833447,
                5.0
            ],
            "end": [
                72.63585308541768,
                62.43027455263383,
                5.0
            ],
            "length": 8.26122534434533,
            "solid_ids": [
                1,
                4
            ],
            "preferred_normal": [
                -0.9025956039696339,
                0.19716634167110164,
                0.38268343236508984
            ]
        },
        "8": {
            "type": "line",
            "start": [
                111.93510375701979,
                53.84560003032904,
                5.0
            ],
            "end": [
                72.63585308542437,
                62.43027455262456,
                5.0
            ],
            "length": 40.225958534292786,
            "solid_ids": [
                1,
                4
            ],
            "preferred_normal": [
                0.19716634167110164,
                0.9025956039696339,
                0.38268343236508984
            ]
        },
        "9": {
            "type": "line",
            "start": [
                61.103189741753,
                56.493480772184,
                15.0
            ],
            "end": [
                61.103189741753,
                56.493480772184,
                57.600417157739
            ],
            "length": 42.600417157739,
            "solid_ids": [
                3,
                4
            ],
            "preferred_normal": [
                0.17670099883145565,
                -0.9842645767332918,
                0.0
            ]
        },
        "10": {
            "type": "line",
            "start": [
                61.10318974174628,
                56.49348077218547,
                15.0
            ],
            "end": [
                62.86622866786867,
                64.56438765648483,
                15.0
            ],
            "length": 8.261225344345323,
            "solid_ids": [
                3,
                4
            ],
            "preferred_normal": [
                0.3738673405025574,
                -0.08166897276365784,
                -0.9238795325112867
            ]
        },
        "11": {
            "type": "line",
            "start": [
                61.103189741753,
                56.493480772184,
                57.600417157739
            ],
            "end": [
                62.86622866787539,
                64.56438765648336,
                57.600417157739
            ],
            "length": 8.26122534434533,
            "solid_ids": [
                3,
                4
            ],
            "preferred_normal": [
                0.3738673405025574,
                -0.08166897276365784,
                0.9238795325112867
            ]
        },
        "12": {
            "type": "line",
            "start": [
                62.866228667877,
                64.564387656483,
                15.0
            ],
            "end": [
                62.866228667877,
                64.564387656483,
                57.600417157739
            ],
            "length": 42.600417157739,
            "solid_ids": [
                3,
                4
            ],
            "preferred_normal": [
                0.5710336821736589,
                0.8209266312059761,
                0.0
            ]
        },
        "13": {
            "type": "line",
            "start": [
                36.849163616868,
                -54.53752570351,
                5.0
            ],
            "end": [
                26.65897375275453,
                -52.31154271887673,
                5.0
            ],
            "length": 10.430482717235941,
            "solid_ids": [
                1,
                3
            ],
            "preferred_normal": [
                -0.19716634167110164,
                -0.9025956039696339,
                0.38268343236508984
            ]
        },
        "14": {
            "type": "line",
            "start": [
                36.849163616868,
                -54.53752570351,
                5.0
            ],
            "end": [
                68.55959866772245,
                90.62771413550084,
                5.0
            ],
            "length": 148.5883526681415,