{
    "contact_edges": {
        "1": {
            "type": "line",
            "start": [
                98.979847834742,
                -92.66977941875,
                5.0
            ],
            "end": [
                -63.93372250866421,
                -115.46710963181296,
                5.0
            ],
            "length": 164.50091083905704,
            "solid_ids": [
                1,
                2
            ],
            "preferred_normal": [
                0.1280356848622953,
                -0.91496461898541,
                0.38268343236508984
            ]
        },
        "2": {
            "type": "line",
            "start": [
                98.979847834742,
                -92.66977941875,
                5.0
            ],
            "end": [
                97.75857486272498,
                -83.94235658565043,
                5.0
            ],
            "length": 8.812458055496602,
            "solid_ids": [
                1,
                2
            ],
            "preferred_normal": [
                0.91496461898541,
                0.1280356848622953,
                0.38268343236508984
            ]
        },
        "3": {
            "type": "line",
            "start": [
                -63.93372250868,
                -115.4671096317,
                5.0
            ],
            "end": [
                -65.15499548069714,
                -106.7396867985996,
                5.0
            ],
            "length": 8.812458055497435,
            "solid_ids": [
                1,
                2
            ],
            "preferred_normal": [
                -0.91496461898541,
                -0.1280356848622953,
                0.38268343236508984
            ]
        },
        "4": {
            "type": "line",
            "start": [
                97.758574862728,
                -83.94235658565,
                5.0
            ],
            "end": [
                -65.15499548068406,
                -106.73968679871379,
                5.0
            ],
            "length": 164.50091083906295,
            "solid_ids": [
                1,
                2
            ],
            "preferred_normal": [
                -0.1280356848622953,
                0.91496461898541,
                0.38268343236508984
            ]
        }
    }
}