{
  "welds": [
    {
      "start": {
        "xyz": [
          80.273478388207,
          5.289813260185,
          5.0
        ],
        "pose": [
          0.8008097852953531,
          0.15928074096348607,
          0.5773502691896257
        ]
      },
      "end": {
        "xyz": [
          74.62301097570975,
          -3.166483893629495,
          5.0
        ],
        "pose": [
          0.1592807409634861,
          -0.8008097852953532,
          0.5773502691896258
        ]
      }
    },
    {
      "start": {
        "xyz": [
          74.62301097570975,
          -3.166483893629495,
          5.0
        ],
        "pose": [
          0.1592807409634861,
          -0.8008097852953532,
          0.5773502691896258
        ]
      },
      "end": {
        "xyz": [
          -123.79339258368587,
          129.41464494141115,
          5.0
        ],
        "pose": [
          -0.8008097852953531,
          -0.15928074096348607,
          0.5773502691896257
        ]
      }
    },
    {
      "start": {
        "xyz": [
          -123.79339258368587,
          129.41464494141115,
          5.0
        ],
        "pose": [
          -0.8008097852953531,
          -0.15928074096348607,
          0.5773502691896257
        ]
      },
      "end": {
        "xyz": [
          -118.14292517118928,
          137.87094209522607,
          5.0
        ],
        "pose": [
          -0.1592807409634861,
          0.8008097852953532,
          0.5773502691896258
        ]
      }
    },
    {
      "start": {
        "xyz": [
          -118.14292517118928,
          137.87094209522607,
          5.0
        ],
        "pose": [
          -0.1592807409634861,
          0.8008097852953532,
          0.5773502691896258
        ]
      },
      "end": {
        "xyz": [
          80.273478388207,
          5.289813260185,
          5.0
        ],
        "pose": [
          0.8008097852953531,
          0.15928074096348607,
          0.5773502691896257
        ]
      }
    }
  ]
}