{
    "contact_edges": {
        "1": {
            "type": "line",
            "start": [
                -42.88250036724,
                51.306242603453,
                5.0
            ],
            "end": [
                -71.6071120059934,
                -89.17891857001752,
                5.0
            ],
            "length": 143.39171462721686,
            "solid_ids": [
                1,
                2
            ],
            "preferred_normal": [
                0.9051524724921819,
                -0.185074017988921,
                0.3826834323650898
            ]
        },
        "2": {
            "type": "line",
            "start": [
                -42.88250036724,
                51.306242603453,
                5.0
            ],
            "end": [
                -59.11459118090066,
                54.62517323507781,
                5.0
            ],
            "length": 16.56792300562941,
            "solid_ids": [
                1,
                2
            ],
            "preferred_normal": [
                0.18507401798892104,
                0.905152472492182,
                0.38268343236508984
            ]
        },
        "3": {
            "type": "line",
            "start": [
                -71.60711200603,
                -89.17891857001,
                5.0
            ],
            "end": [
                -87.83920281969105,
                -85.8599879383851,
                5.0
            ],
            "length": 16.56792300562982,
            "solid_ids": [
                1,
                2
            ],
            "preferred_normal": [
                -0.18507401798892104,
                -0.905152472492182,
                0.38268343236508984
            ]
        },
        "4": {
            "type": "line",
            "start": [
                -59.1145911809,
                54.625173235081,
                5.0
            ],
            "end": [
                -87.83920281965301,
                -85.85998793838759,
                5.0
            ],
            "length": 143.39171462721487,
            "solid_ids": [
                1,
                2
            ],
            "preferred_normal": [
                -0.9051524724921819,
                0.185074017988921,
                0.3826834323650898
            ]
        },
        "5": {
            "type": "line",
            "start": [
                17.196820281733,
                47.637232163697,
                5.0
            ],
            "end": [
                -13.154787718027219,
                -100.8051765743088,
                5.0
            ],
            "length": 151.51359285592923,
            "solid_ids": [
                1,
                3
            ],
            "preferred_normal": [
                0.9051524724921819,
                -0.185074017988921,
                0.3826834323650898
            ]
        },
        "6": {
            "type": "line",
            "start": [
                17.196820281733,
                47.637232163697,
                5.0
            ],
            "end": [
                6.716295021731489,
                49.78015612341652,
                5.0
            ],
            "length": 10.697361021423447,
            "solid_ids": [
                1,
                3
            ],
            "preferred_normal": [
                0.18507401798892104,
                0.905152472492182,
                0.38268343236508984
            ]
        },
        "7": {
            "type": "line",
            "start": [
                -13.15478771807,
                -100.8051765743,
                5.0
            ],
            "end": [
                -23.635312978066022,
                -98.6622526145816,
                5.0
            ],
            "length": 10.697361021417846,
            "solid_ids": [
                1,
                3
            ],
            "preferred_normal": [
                -0.18507401798892104,
                -0.905152472492182,
                0.38268343236508984
            ]
        },
        "8": {
            "type": "line",
            "start": [
                6.716295021732,
                49.780156123419,
                5.0
            ],
            "end": [
                -23.63531297804271,
                -98.66225261465766,
                5.0
            ],
            "length": 151.51359285600157,
            "solid_ids": [
                1,
                3
            ],
            "preferred_normal": [
                -0.9051524724921819,
                0.185074017988921,
                0.3826834323650898
            ]
        },
        "9": {
            "type": "line",
            "start": [
                146.67024109899,
                58.980261270741,
                5.0
            ],
            "end": [
                115.33080843627096,
                -94.29336011278842,
                5.0
            ],
            "length": 156.4447603841133,
            "solid_ids": [
                1,
                4
            ],
            "preferred_normal": [
                0.9051524724921819,
                -0.185074017988921,
                0.3826834323650898
            ]
        },
        "10": {
            "type": "line",
            "start": [
                146.67024109899,
                58.980261270741,
                5.0
            ],
            "end": [
                132.12150432771952,
                61.95500116567671,
                5.0
            ],
            "length": 14.849741380988425,
            "solid_ids": [
                1,
                4
            ],
            "preferred_normal": [
                0.18507401798892104,
                0.905152472492182,
                0.38268343236508984
            ]
        },
        "11": {
            "type": "line",
            "start": [
                115.33080843623,
                -94.29336011278,
                5.0
            ],
            "end": [
                100.78207166496874,
                -91.31862021784617,
                5.0
            ],
            "length": 14.84974138097901,
            "solid_ids": [
                1,
                4
            ],
            "preferred_normal": [
                -0.18507401798892104,
                -0.905152472492182,
                0.38268343236508984
            ]
        },
        "12": {
            "type": "line",
            "start": [
                132.12150432772,
                61.955001165679,
                5.0
            ],
            "end": [
                100.78207166500174,
                -91.31862021784656,
                5.0
            ],
            "length": 156.44476038410937,
            "solid_ids": [
                1,
                4
            ],
            "preferred_normal": [
                -0.9051524724921819,
                0.185074017988921,
                0.3826834323650898
            ]
        }
    }
}