{
    "contact_edges": {
        "1": {
            "type": "line",
            "start": [
                -183.4434298446,
                149.20192833397,
                5.0
            ],
            "end": [
                -183.4434298446,
                160.30914123146,
                5.0
            ],
            "length": 11.107212897490001,
            "solid_ids": [
                1,
                2
            ],
            "preferred_normal": [
                -0.9238795325112867,
                0.0,
                0.3826834323650899
            ]
        },
        "2": {
            "type": "line",
            "start": [
                -183.4434298446,
                149.20192833397,
                5.0
            ],
            "end": [
                183.44342984467997,
                149.20192833397,
                5.0
            ],
            "length": 366.88685968927996,
            "solid_ids": [
                1,
                2
            ],
            "preferred_normal": [
                0.0,
                -0.9238795325112867,
                0.3826834323650899
            ]
        },
        "3": {
            "type": "line",
            "start": [
                -183.4434298446,
                160.30914123146,
                5.0
            ],
            "end": [
                183.44342984467997,
                160.30914123146,
                5.0
            ],
            "length": 366.88685968927996,
            "solid_ids": [
                1,
                2
            ],
            "preferred_normal": [
                0.0,
                0.9238795325112867,
                0.3826834323650899
            ]
        },
        "4": {
            "type": "line",
            "start": [
                183.44342984468,
                149.20192833397,
                5.0
            ],
            "end": [
                183.44342984468,
                160.30914123146,
                5.0
            ],
            "length": 11.107212897490001,
            "solid_ids": [
                1,
                2
            ],
            "preferred_normal": [
                0.9238795325112867,
                0.0,
                0.3826834323650899
            ]
        },
        "5": {
            "type": "line",
            "start": [
                -93.8840020786,
                -117.3525598546,
                15.0
            ],
            "end": [
                -93.8840020786,
                -117.3525598546,
                73.39360243167
            ],
            "length": 58.393602431670004,
            "solid_ids": [
                3,
                5
            ],
            "preferred_normal": [
                0.3826834323650899,
                -0.9238795325112867,
                0.0
            ]
        },
        "6": {
            "type": "line",
            "start": [
                -93.8840020786,
                -117.3525598546,
                15.0
            ],
            "end": [
                -93.8840020786,
                -112.6576346951,
                15.0
            ],
            "length": 4.694925159500002,
            "solid_ids": [
                3,
                5
            ],
            "preferred_normal": [
                0.3826834323650899,
                0.0,
                -0.9238795325112867
            ]
        },
        "7": {
            "type": "line",
            "start": [
                -93.8840020786,
                -117.3525598546,
                73.39360243167
            ],
            "end": [
                -93.8840020786,
                -112.6576346951,
                73.39360243167
            ],
            "length": 4.694925159500002,
            "solid_ids": [
                3,
                5
            ],
            "preferred_normal": [
                0.3826834323650899,
                0.0,
                0.9238795325112867
            ]
        },
        "8": {
            "type": "line",
            "start": [
                -93.8840020786,
                -112.6576346951,
                15.0
            ],
            "end": [
                -93.8840020786,
                -112.6576346951,
                73.39360243167
            ],
            "length": 58.393602431670004,
            "solid_ids": [
                3,
                5
            ],
            "preferred_normal": [
                0.3826834323650899,
                0.9238795325112867,
                0.0
            ]
        },
        "9": {
            "type": "line",
            "start": [
                -98.67377321565,
                149.20192833397,
                15.0
            ],
            "end": [
                -98.67377321565,
                149.20192833397,
                73.873532215548
            ],
            "length": 58.873532215547996,
            "solid_ids": [
                2,
                3
            ],
            "preferred_normal": [
                -0.9238795325112867,
                -0.3826834323650899,
                0.0
            ]
        },
        "10": {
            "type": "line",
            "start": [
                -98.67377321564999,
                149.20192833397,
                15.0
            ],
            "end": [
                -93.88400207860002,
                149.20192833397,
                15.0
            ],
            "length": 4.789771137049968,
            "solid_ids": [
                2,
                3
            ],
            "preferred_normal": [
                0.0,
                -0.3826834323650899,
                -0.9238795325112867
            ]
        },
        "11": {
            "type": "line",
            "start": [
                -98.67377321565,
                149.20192833397,
                73.873532215548
            ],
            "end": [
                -93.8840020786,
                149.20192833397,
                73.873532215548
            ],
            "length": 4.789771137049996,
            "solid_ids": [
                2,
                3
            ],
            "preferred_normal": [
                0.0,
                -0.3826834323650899,
                0.9238795325112867
            ]
        },
        "12": {
            "type": "line",
            "start": [
                -93.8840020786,
                149.20192833397,
                15.0
            ],
            "end": [
                -93.8840020786,
                149.20192833397,
                73.873532215548
            ],
            "length": 58.873532215547996,
            "solid_ids": [
                2,
                3
            ],
            "preferred_normal": [
                0.9238795325112867,
                -0.3826834323650899,
                0.0
            ]
        },
        "13": {
            "type": "line",
            "start": [
                -83.8840020786,
                -117.3525598546,
                5.0
            ],
            "end": [
                4.713949327110001,
                -117.3525598546,
                5.0
            ],
            "length": 88.59795140571,
            "solid_ids": [
                1,
                5
            ],
            "preferred_normal": [
                0.0,
                -0.9238795325112867,
                0.3826834323650899
            ]
        },
        "14": {
            "type": "line",
            "start": [
                -83.8840020786,
                -117.3525598546,
                5.0
            ],
            "end": [
                -83.8840020786,
                -112.6576346951,
                5.0
            ],
            "length": 4.694925159500002,
            "solid_ids": [
                1,
                5
            ],
            "preferred_normal": [
                -0.9238795325112867,
                0.0,
                0.3826834323650899
            ]
        },