{
    "contact_edges": {
        "1": {
            "type": "line",
            "start": [
                2.561035115436,
                137.42738197615,
                5.0
            ],
            "end": [
                -33.59757791961708,
                -113.3455671495976,
                5.0
            ],
            "length": 253.36636972937728,
            "solid_ids": [
                1,
                2
            ],
            "preferred_normal": [
                0.9144228385647075,
                -0.13184939478259405,
                0.3826834323650898
            ]
        },
        "2": {
            "type": "line",
            "start": [
                2.561035115436,
                137.42738197615,
                5.0
            ],
            "end": [
                -14.401780046470385,
                139.87322739752736,
                5.0
            ],
            "length": 17.138239642456682,
            "solid_ids": [
                1,
                2
            ],
            "preferred_normal": [
                0.13184939478259405,
                0.9144228385647075,
                0.3826834323650898
            ]
        },
        "3": {
            "type": "line",
            "start": [
                -33.5975779196,
                -113.3455671496,
                5.0
            ],
            "end": [
                -50.560393081499,
                -110.89972172822372,
                5.0
            ],
            "length": 17.138239642449218,
            "solid_ids": [
                1,
                2
            ],
            "preferred_normal": [
                -0.13184939478259405,
                -0.9144228385647075,
                0.3826834323650898
            ]
        },
        "4": {
            "type": "line",
            "start": [
                -14.40178004647,
                139.87322739753,
                5.0
            ],
            "end": [
                -50.56039308153446,
                -110.89972172829651,
                5.0
            ],
            "length": 253.366369729457,
            "solid_ids": [
                1,
                2
            ],
            "preferred_normal": [
                -0.9144228385647075,
                0.13184939478259405,
                0.3826834323650898
            ]
        },
        "5": {
            "type": "line",
            "start": [
                -33.901511142639855,
                74.70641984962698,
                5.0
            ],
            "end": [
                -106.20080885770061,
                85.13115799582191,
                5.0
            ],
            "length": 73.0469959375998,
            "solid_ids": [
                1,
                3
            ],
            "preferred_normal": [
                0.13184939478259405,
                0.9144228385647075,
                0.3826834323650898
            ]
        },
        "6": {
            "type": "line",
            "start": [
                -33.901511142652375,
                74.70641984962776,
                5.0
            ],
            "end": [
                -34.51906371476715,
                70.42347128632746,
                5.0
            ],
            "length": 4.327241566541178,
            "solid_ids": [
                1,
                3
            ],
            "preferred_normal": [
                0.9144228385647075,
                -0.13184939478259405,
                0.3826834323650898
            ]
        },
        "7": {
            "type": "line",
            "start": [
                -106.2008088577,
                85.131157995826,
                5.0
            ],
            "end": [
                -106.8183614298166,
                80.84820943251297,
                5.0
            ],
            "length": 4.3272415665540285,
            "solid_ids": [
                1,
                3
            ],
            "preferred_normal": [
                -0.9144228385647075,
                0.13184939478259405,
                0.3826834323650898
            ]
        },
        "8": {
            "type": "line",
            "start": [
                -34.51906371474992,
                70.42347128632555,
                5.0
            ],
            "end": [
                -106.81836142989883,
                80.84820943253318,
                5.0
            ],
            "length": 73.04699593768886,
            "solid_ids": [
                1,
                3
            ],
            "preferred_normal": [
                -0.13184939478259405,
                -0.9144228385647075,
                0.3826834323650898
            ]
        },
        "9": {
            "type": "line",
            "start": [
                -24.00386966032,
                73.279292284367,
                15.0
            ],
            "end": [
                -24.00386966032,
                73.279292284367,
                46.491848928216
            ],
            "length": 31.491848928216,
            "solid_ids": [
                2,
                3
            ],
            "preferred_normal": [
                -0.24691694669461114,
                0.9690366460743426,
                0.0
            ]
        },
        "10": {
            "type": "line",
            "start": [
                -24.00386966033224,
                73.27929228436875,
                15.0
            ],
            "end": [
                -24.62142223244707,
                68.99634372106802,
                15.0
            ],
            "length": 4.327241566541609,
            "solid_ids": [
                2,
                3
            ],
            "preferred_normal": [
                -0.9897641482316706,
                0.1427127565259525,
                0.0
            ]
        },
        "11": {
            "type": "line",
            "start": [
                -24.00386966032,
                73.279292284367,
                46.491848928216
            ],
            "end": [
                -24.621422232434835,
                68.99634372106627,
                46.491848928216
            ],
            "length": 4.327241566541609,
            "solid_ids": [
                2,
                3
            ],
            "preferred_normal": [
                -0.3787663414772053,
                0.054613807509634876,
                0.9238795325112867
            ]
        },
        "12": {
            "type": "line",
            "start": [
                -24.62142223244,
                68.996343721067,
                15.0
            ],
            "end": [
                -24.62142223244,
                68.996343721067,
                46.491848928216
            ],
            "length": 31.491848928216,
            "solid_ids": [
                2,
                3
            ],
            "preferred_normal": [
                -0.5106157362597993,
                -0.8598090310550728,
                0.0
            ]
        }
    }
}