{
    "contact_edges": {
        "1": {
            "type": "line",
            "start": [
                63.487427944068,
                -89.40064447148,
                5.0
            ],
            "end": [
                -152.4010809476037,
                29.23871579396436,
                5.0
            ],
            "length": 246.33949353618334,
            "solid_ids": [
                1,
                2
            ],
            "preferred_normal": [
                -0.4449488595030222,
                -0.809675183650971,
                0.38268343236508984
            ]
        },
        "2": {
            "type": "line",
            "start": [
                63.487427944068,
                -89.40064447148,
                5.0
            ],
            "end": [
                68.92666439650537,
                -79.5028445794491,
                5.0
            ],
            "length": 11.293880461923193,
            "solid_ids": [
                1,
                2
            ],
            "preferred_normal": [
                0.809675183650971,
                -0.4449488595030222,
                0.38268343236508984
            ]
        },
        "3": {
            "type": "line",
            "start": [
                -152.4010809476,
                29.238715793971,
                5.0
            ],
            "end": [
                -146.96184449517,
                39.136515685988506,
                5.0
            ],
            "length": 11.293880461907907,
            "solid_ids": [
                1,
                2
            ],
            "preferred_normal": [
                -0.809675183650971,
                0.4449488595030222,
                0.38268343236508984
            ]
        },
        "4": {
            "type": "line",
            "start": [
                68.926664396507,
                -79.50284457945,
                5.0
            ],
            "end": [
                -146.96184449519635,
                39.13651568601175,
                5.0
            ],
            "length": 246.33949353621944,
            "solid_ids": [
                1,
                2
            ],
            "preferred_normal": [
                0.4449488595030222,
                0.809675183650971,
                0.38268343236508984
            ]
        },
        "5": {
            "type": "line",
            "start": [
                -96.68042154841,
                95.782671536158,
                15.0
            ],
            "end": [
                -96.68042154841,
                95.782671536158,
                53.787413914678
            ],
            "length": 38.787413914678,
            "solid_ids": [
                3,
                5
            ],
            "preferred_normal": [
                0.6253713314823784,
                -0.7803273016881809,
                0.0
            ]
        },
        "6": {
            "type": "line",
            "start": [
                -96.6804215484096,
                95.78267153615877,
                15.0
            ],
            "end": [
                -100.19194520891637,
                97.71239407108321,
                15.0
            ],
            "length": 4.006822616499768,
            "solid_ids": [
                3,
                5
            ],
            "preferred_normal": [
                -0.48160917505506745,
                -0.8763861035541227,
                0.0
            ]
        },
        "7": {
            "type": "line",
            "start": [
                -96.68042154841,
                95.782671536158,
                53.787413914678
            ],
            "end": [
                -100.19194520891678,
                97.71239407108246,
                53.787413914678
            ],
            "length": 4.006822616499787,
            "solid_ids": [
                3,
                5
            ],
            "preferred_normal": [
                -0.18430385216859263,
                -0.3353784421851588,
                0.9238795325112867
            ]
        },
        "8": {
            "type": "line",
            "start": [
                -100.1919452089,
                97.712394071113,
                15.0
            ],
            "end": [
                -100.1919452089,
                97.712394071113,
                53.787413914678
            ],
            "length": 38.787413914678,
            "solid_ids": [
                3,
                5
            ],
            "preferred_normal": [
                -0.9939790358195636,
                0.10957041731786349,
                0.0
            ]
        },
        "9": {
            "type": "line",
            "start": [
                -127.43593455173799,
                39.816743975259875,
                5.0
            ],
            "end": [
                -101.4965132989456,
                87.01881050064206,
                5.0
            ],
            "length": 53.859898432845405,
            "solid_ids": [
                1,
                5
            ],
            "preferred_normal": [
                0.809675183650971,
                -0.4449488595030222,
                0.38268343236508984
            ]
        },
        "10": {
            "type": "line",
            "start": [
                -127.43593455170887,
                39.816743975222884,
                5.0
            ],
            "end": [
                -130.94745821230015,
                41.74646651019377,
                5.0
            ],
            "length": 4.006822616596203,
            "solid_ids": [
                1,
                5
            ],
            "preferred_normal": [
                -0.4449488595030222,
                -0.809675183650971,
                0.38268343236508984
            ]
        },
        "11": {
            "type": "line",
            "start": [
                -101.49651329891351,
                87.01881050059245,
                5.0
            ],
            "end": [
                -105.00803695950437,
                88.9485330355631,
                5.0
            ],
            "length": 4.006822616595716,
            "solid_ids": [
                1,
                5
            ],
            "preferred_normal": [
                0.4449488595030222,
                0.809675183650971,
                0.3826834323650898
            ]
        },
        "12": {
            "type": "line",
            "start": [
                -130.94745821226076,
                41.746466510172425,
                5.0
            ],
            "end": [
                -105.00803695946878,
                88.94853303555385,
                5.0
            ],
            "length": 53.85989843284454,
            "solid_ids": [
                1,
                5
            ],
            "preferred_normal": [
                -0.809675183650971,
                0.4449488595030222,
                0.38268343236508984
            ]
        },
        "13": {
            "type": "line",
            "start": [
                -56.92409041466915,
                1.067668711782537,
                5.0
            ],
            "end": [
                -30.984669161879502,
                48.26973523715973,
                5.0
            ],
            "length": 53.85989843283971,
            "solid_ids": [
                1,
                4
            ],
            "preferred_normal": [
                0.809675183650971,
                -0.4449488595030222,
                0.38268343236508984
            ]
        },
        "14": {
            "type": "line",
            "start": [
                -56.92409041466935,
                1.067668711784187,
                5.0
            ],
            "end": [
                -60.182526320948696,
                2.8583094150414037,
                5.0
            ],
            "length": 3.718036939500736,