{
    "contact_edges": {
        "1": {
            "type": "line",
            "start": [
                98.254776722735,
                73.211241321588,
                5.0
            ],
            "end": [
                -134.65878225579135,
                35.582815982094544,
                5.0
            ],
            "length": 235.93351679990977,
            "solid_ids": [
                1,
                2
            ],
            "preferred_normal": [
                0.1473471530595197,
                -0.9120538400108451,
                0.38268343236508984
            ]
        },
        "2": {
            "type": "line",
            "start": [
                98.254776722735,
                73.211241321588,
                5.0
            ],
            "end": [
                95.85602750213079,
                88.05909139841549,
                5.0
            ],
            "length": 15.040367340171425,
            "solid_ids": [
                1,
                2
            ],
            "preferred_normal": [
                0.9120538400108451,
                0.1473471530595197,
                0.38268343236508984
            ]
        },
        "3": {
            "type": "line",
            "start": [
                -134.6587822558,
                35.582815982148,
                5.0
            ],
            "end": [
                -137.0575314764042,
                50.430666058975326,
                5.0
            ],
            "length": 15.040367340171269,
            "solid_ids": [
                1,
                2
            ],
            "preferred_normal": [
                -0.9120538400108451,
                -0.1473471530595197,
                0.38268343236508984
            ]
        },
        "4": {
            "type": "line",
            "start": [
                95.856027502134,
                88.059091398416,
                5.0
            ],
            "end": [
                -137.0575314763914,
                50.4306660589227,
                5.0
            ],
            "length": 235.9335167999088,
            "solid_ids": [
                1,
                2
            ],
            "preferred_normal": [
                -0.1473471530595197,
                0.9120538400108451,
                0.38268343236508984
            ]
        },
        "5": {
            "type": "line",
            "start": [
                144.57075155702,
                -93.15616897549,
                5.0
            ],
            "end": [
                -140.6072319033795,
                -139.22819031322706,
                5.0
            ],
            "length": 288.8756019477671,
            "solid_ids": [
                1,
                3
            ],
            "preferred_normal": [
                0.1473471530595197,
                -0.9120538400108451,
                0.38268343236508984
            ]
        },
        "6": {
            "type": "line",
            "start": [
                144.57075155702,
                -93.15616897549,
                5.0
            ],
            "end": [
                142.95473402616787,
                -83.15329505540033,
                5.0
            ],
            "length": 10.132571209778469,
            "solid_ids": [
                1,
                3
            ],
            "preferred_normal": [
                0.9120538400108451,
                0.1473471530595197,
                0.38268343236508984
            ]
        },
        "7": {
            "type": "line",
            "start": [
                -140.6072319034,
                -139.2281903131,
                5.0
            ],
            "end": [
                -142.2232494342524,
                -129.22531639300848,
                5.0
            ],
            "length": 10.132571209780323,
            "solid_ids": [
                1,
                3
            ],
            "preferred_normal": [
                -0.9120538400108451,
                -0.1473471530595197,
                0.38268343236508984
            ]
        },
        "8": {
            "type": "line",
            "start": [
                142.95473402617,
                -83.1532950554,
                5.0
            ],
            "end": [
                -142.22324943417922,
                -129.22531639312894,
                5.0
            ],
            "length": 288.8756019477162,
            "solid_ids": [
                1,
                3
            ],
            "preferred_normal": [
                -0.1473471530595197,
                0.9120538400108451,
                0.38268343236508984
            ]
        },
        "9": {
            "type": "line",
            "start": [
                79.634140700669,
                -18.10935485941,
                5.0
            ],
            "end": [
                -116.68492187239403,
                -49.825744498327126,
                5.0
            ],
            "length": 198.86453605732183,
            "solid_ids": [
                1,
                4
            ],
            "preferred_normal": [
                0.1473471530595197,
                -0.9120538400108451,
                0.38268343236508984
            ]
        },
        "10": {
            "type": "line",
            "start": [
                79.634140700669,
                -18.10935485941,
                5.0
            ],
            "end": [
                77.82408719837909,
                -6.905431246975305,
                5.0
            ],
            "length": 11.349193715609214,
            "solid_ids": [
                1,
                4
            ],
            "preferred_normal": [
                0.9120538400108451,
                0.1473471530595197,
                0.38268343236508984
            ]
        },
        "11": {
            "type": "line",
            "start": [
                -116.6849218724,
                -49.82574449829,
                5.0
            ],
            "end": [
                -118.494975374691,
                -38.62182088584854,
                5.0
            ],
            "length": 11.349193715616064,
            "solid_ids": [
                1,
                4
            ],
            "preferred_normal": [
                -0.9120538400108451,
                -0.1473471530595197,
                0.38268343236508984
            ]
        },
        "12": {
            "type": "line",
            "start": [
                77.824087198381,
                -6.905431246975,
                5.0
            ],
            "end": [
                -118.49497537469296,
                -38.62182088589389,
                5.0
            ],
            "length": 198.86453605733288,
            "solid_ids": [
                1,
                4
            ],
            "preferred_normal": [
                -0.1473471530595197,
                0.9120538400108451,
                0.38268343236508984
            ]
        }
    }
}