{
    "contact_edges": {
        "1": {
            "type": "line",
            "start": [
                -55.20486170269,
                -19.01466431352,
                5.0
            ],
            "end": [
                -66.42646702940213,
                -14.690363673915517,
                5.0
            ],
            "length": 12.02597198276205,
            "solid_ids": [
                1,
                2
            ],
            "preferred_normal": [
                -0.3322087278336128,
                -0.8620851186190643,
                0.38268343236508984
            ]
        },
        "2": {
            "type": "line",
            "start": [
                -55.20486170269,
                -19.01466431352,
                5.0
            ],
            "end": [
                0.6298362989158028,
                125.87696018913931,
                5.0
            ],
            "length": 155.27748179291854,
            "solid_ids": [
                1,
                2
            ],
            "preferred_normal": [
                0.8620851186190643,
                -0.3322087278336128,
                0.38268343236508984
            ]
        },
        "3": {
            "type": "line",
            "start": [
                -66.4264670294,
                -14.69036367391,
                5.0
            ],
            "end": [
                -10.591769027793418,
                130.20126082875132,
                5.0
            ],
            "length": 155.2774817929207,
            "solid_ids": [
                1,
                2
            ],
            "preferred_normal": [
                -0.8620851186190643,
                0.3322087278336128,
                0.38268343236508984
            ]
        },
        "4": {
            "type": "line",
            "start": [
                0.629836298914,
                125.87696018914,
                5.0
            ],
            "end": [
                -10.591769027792907,
                130.20126082874248,
                5.0
            ],
            "length": 12.025971982756458,
            "solid_ids": [
                1,
                2
            ],
            "preferred_normal": [
                0.3322087278336128,
                0.8620851186190643,
                0.38268343236508984
            ]
        },
        "5": {
            "type": "line",
            "start": [
                -37.39920243041,
                -129.6804423091,
                5.0
            ],
            "end": [
                -45.0047998667948,
                -126.74958804171244,
                5.0
            ],
            "length": 8.150768006820387,
            "solid_ids": [
                1,
                3
            ],
            "preferred_normal": [
                -0.3322087278336128,
                -0.8620851186190643,
                0.38268343236508984
            ]
        },
        "6": {
            "type": "line",
            "start": [
                -37.39920243041,
                -129.6804423091,
                5.0
            ],
            "end": [
                24.787779812904162,
                31.695426149840713,
                5.0
            ],
            "length": 172.94331927370774,
            "solid_ids": [
                1,
                3
            ],
            "preferred_normal": [
                0.8620851186190643,
                -0.3322087278336128,
                0.38268343236508984
            ]
        },
        "7": {
            "type": "line",
            "start": [
                -45.00479986679,
                -126.7495880417,
                5.0
            ],
            "end": [
                17.182182376519652,
                34.62628041722901,
                5.0
            ],
            "length": 172.94331927369518,
            "solid_ids": [
                1,
                3
            ],
            "preferred_normal": [
                -0.8620851186190643,
                0.3322087278336128,
                0.38268343236508984
            ]
        },
        "8": {
            "type": "line",
            "start": [
                24.787779812906,
                31.69542614984,
                5.0
            ],
            "end": [
                17.182182376529717,
                34.62628041722426,
                5.0
            ],
            "length": 8.15076800681126,
            "solid_ids": [
                1,
                3
            ],
            "preferred_normal": [
                0.3322087278336128,
                0.8620851186190643,
                0.38268343236508984
            ]
        }
    }
}