{
    "contact_edges": {
        "1": {
            "type": "line",
            "start": [
                -134.4715122712,
                -52.66333968561,
                5.0
            ],
            "end": [
                -135.58014019549378,
                -40.77815053691942,
                5.0
            ],
            "length": 11.936782521880685,
            "solid_ids": [
                1,
                2
            ],
            "preferred_normal": [
                -0.9198863240050428,
                -0.0858052533459527,
                0.38268343236508984
            ]
        },
        "2": {
            "type": "line",
            "start": [
                -134.4715122712,
                -52.66333968561,
                5.0
            ],
            "end": [
                28.631635618862003,
                -37.44938709057996,
                5.0
            ],
            "length": 163.8111754588534,
            "solid_ids": [
                1,
                2
            ],
            "preferred_normal": [
                0.0858052533459527,
                -0.9198863240050428,
                0.38268343236508984
            ]
        },
        "3": {
            "type": "line",
            "start": [
                -135.5801401955,
                -40.77815053692,
                5.0
            ],
            "end": [
                27.52300769456791,
                -25.564197941889415,
                5.0
            ],
            "length": 163.81117545885937,
            "solid_ids": [
                1,
                2
            ],
            "preferred_normal": [
                -0.0858052533459527,
                0.9198863240050428,
                0.38268343236508984
            ]
        },
        "4": {
            "type": "line",
            "start": [
                28.631635618862,
                -37.44938709058,
                5.0
            ],
            "end": [
                27.52300769456732,
                -25.564197941879968,
                5.0
            ],
            "length": 11.936782521890178,
            "solid_ids": [
                1,
                2
            ],
            "preferred_normal": [
                0.9198863240050428,
                0.0858052533459527,
                0.38268343236508984
            ]
        },
        "5": {
            "type": "line",
            "start": [
                7.911305073951,
                129.56766162691,
                15.0
            ],
            "end": [
                7.911305073951,
                129.56766162691,
                57.079765602918
            ],
            "length": 42.079765602918,
            "solid_ids": [
                3,
                5
            ],
            "preferred_normal": [
                -0.8843446243462898,
                -0.4668346445903728,
                0.0
            ]
        },
        "6": {
            "type": "line",
            "start": [
                7.911305073952291,
                129.5676616268966,
                15.0
            ],
            "end": [
                12.024490795265907,
                129.95133179751036,
                15.0
            ],
            "length": 4.131040979927093,
            "solid_ids": [
                3,
                5
            ],
            "preferred_normal": [
                0.03554169965875293,
                -0.3810293912444192,
                -0.9238795325112871
            ]
        },
        "7": {
            "type": "line",
            "start": [
                7.911305073951,
                129.56766162691,
                57.079765602918
            ],
            "end": [
                12.02449079526465,
                129.95133179752375,
                57.079765602918
            ],
            "length": 4.131040979927128,
            "solid_ids": [
                3,
                5
            ],
            "preferred_normal": [
                0.03554169965875301,
                -0.3810293912444201,
                0.9238795325112866
            ]
        },
        "8": {
            "type": "line",
            "start": [
                12.024490795265,
                129.95133179752,
                15.0
            ],
            "end": [
                12.024490795265,
                129.95133179752,
                57.079765602918
            ],
            "length": 42.079765602918,
            "solid_ids": [
                3,
                5
            ],
            "preferred_normal": [
                0.9554280236637956,
                -0.29522413789846735,
                0.0
            ]
        },
        "9": {
            "type": "line",
            "start": [
                21.497309188457,
                -16.08285387728,
                5.0
            ],
            "end": [
                8.840054443614036,
                119.6108838043205,
                5.0
            ],
            "length": 136.28278153779684,
            "solid_ids": [
                1,
                5
            ],
            "preferred_normal": [
                -0.9198863240050428,
                -0.0858052533459527,
                0.38268343236508984
            ]
        },
        "10": {
            "type": "line",
            "start": [
                21.497309188458217,
                -16.082853877292816,
                5.0
            ],
            "end": [
                25.610494909771862,
                -15.699183706679065,
                5.0
            ],
            "length": 4.131040979927122,
            "solid_ids": [
                1,
                5
            ],
            "preferred_normal": [
                0.08580525334595268,
                -0.9198863240050428,
                0.3826834323650898
            ]
        },
        "11": {
            "type": "line",
            "start": [
                8.840054443609779,
                119.61088380431198,
                5.0
            ],
            "end": [
                12.953240164923423,
                119.99455397492574,
                5.0
            ],
            "length": 4.131040979927122,
            "solid_ids": [
                1,
                5
            ],
            "preferred_normal": [
                -0.0858052533459527,
                0.9198863240050428,
                0.38268343236508984
            ]
        },
        "12": {
            "type": "line",
            "start": [
                25.610494909771,
                -15.699183706669999,
                5.0
            ],
            "end": [
                12.953240164928037,
                119.99455397493048,
                5.0
            ],
            "length": 136.2827815377968,
            "solid_ids": [
                1,
                5
            ],
            "preferred_normal": [
                0.9198863240050428,
                0.0858052533459527,
                0.38268343236508984
            ]
        },
        "13": {
            "type": "line",
            "start": [
                -55.86087862973793,
                -23.29867906232074,
                5.0
            ],
            "end": [
                -68.51813337458091,
                112.39505861927995,
                5.0
            ],
            "length": 136.282781537797,
            "solid_ids": [
                1,
                4
            ],
            "preferred_normal": [
                -0.9198863240050428,
                -0.0858052533459527,
                0.38268343236508984
            ]
        },
        "14": {
            "type": "line",
            "start": [
                -55.86087862972889,
                -23.298679062331615,
                5.0
            ],
            "end": [
                -52.63603558562825,
                -22.99787181345847,
                5.0
            ],
            "length": 3.23884202456046,