{
    "contact_edges": {
        "1": {
            "type": "line",
            "start": [
                72.099037126046,
                28.98393512002,
                5.0
            ],
            "end": [
                61.895825559902306,
                146.3403770465605,
                5.0
            ],
            "length": 117.79915104923703,
            "solid_ids": [
                1,
                2
            ],
            "preferred_normal": [
                -0.920407437053278,
                -0.08002212450497663,
                0.38268343236508984
            ]
        },
        "2": {
            "type": "line",
            "start": [
                72.099037126046,
                28.98393512002,
                5.0
            ],
            "end": [
                82.94215011031002,
                29.926657769052742,
                5.0
            ],
            "length": 10.884016959859737,
            "solid_ids": [
                1,
                2
            ],
            "preferred_normal": [
                0.08002212450497663,
                -0.920407437053278,
                0.38268343236508984
            ]
        },
        "3": {
            "type": "line",
            "start": [
                61.895825559897,
                146.34037704656,
                5.0
            ],
            "end": [
                72.73893854416163,
                147.2830996955928,
                5.0
            ],
            "length": 10.884016959860343,
            "solid_ids": [
                1,
                2
            ],
            "preferred_normal": [
                -0.08002212450497663,
                0.920407437053278,
                0.38268343236508984
            ]
        },
        "4": {
            "type": "line",
            "start": [
                82.94215011031,
                29.926657769053,
                5.0
            ],
            "end": [
                72.7389385441657,
                147.2830996956004,
                5.0
            ],
            "length": 117.79915104924396,
            "solid_ids": [
                1,
                2
            ],
            "preferred_normal": [
                0.920407437053278,
                0.08002212450497663,
                0.38268343236508984
            ]
        }
    }
}