{
    "contact_edges": {
        "1": {
            "type": "line",
            "start": [
                24.328043822515,
                -108.4591400779,
                5.0
            ],
            "end": [
                -126.10635970249287,
                -130.98303946904792,
                5.0
            ],
            "length": 152.11126127840586,
            "solid_ids": [
                1,
                2
            ],
            "preferred_normal": [
                0.13680360983752582,
                -0.9136947865281357,
                0.3826834323650898
            ]
        },
        "2": {
            "type": "line",
            "start": [
                24.328043822515,
                -108.4591400779,
                5.0
            ],
            "end": [
                22.748304697309905,
                -97.90825326658955,
                5.0
            ],
            "length": 10.668495123905176,
            "solid_ids": [
                1,
                2
            ],
            "preferred_normal": [
                0.9136947865281357,
                0.13680360983752582,
                0.3826834323650898
            ]
        },
        "3": {
            "type": "line",
            "start": [
                -126.1063597025,
                -130.983039469,
                5.0
            ],
            "end": [
                -127.68609882770565,
                -120.43215265768588,
                5.0
            ],
            "length": 10.668495123908897,
            "solid_ids": [
                1,
                2
            ],
            "preferred_normal": [
                -0.9136947865281357,
                -0.13680360983752582,
                0.3826834323650898
            ]
        },
        "4": {
            "type": "line",
            "start": [
                22.748304697307,
                -97.90825326659,
                5.0
            ],
            "end": [
                -127.6860988277923,
                -120.43215265775159,
                5.0
            ],
            "length": 152.11126127849832,
            "solid_ids": [
                1,
                2
            ],
            "preferred_normal": [
                -0.13680360983752582,
                0.9136947865281357,
                0.3826834323650898
            ]
        },
        "5": {
            "type": "line",
            "start": [
                -11.46958791347,
                111.37247538005,
                15.0
            ],
            "end": [
                -11.46958791347,
                111.37247538005,
                55.940771618135
            ],
            "length": 40.940771618135,
            "solid_ids": [
                3,
                5
            ],
            "preferred_normal": [
                0.9703606971044363,
                -0.2416611626120181,
                0.0
            ]
        },
        "6": {
            "type": "line",
            "start": [
                -11.469587913465675,
                111.37247538002082,
                15.0
            ],
            "end": [
                -17.071103949706835,
                110.53378435800853,
                15.0
            ],
            "length": 5.663954849278981,
            "solid_ids": [
                3,
                5
            ],
            "preferred_normal": [
                0.0566659105763004,
                -0.3784647724495427,
                -0.9238795325112873
            ]
        },
        "7": {
            "type": "line",
            "start": [
                -11.46958791347,
                111.37247538005,
                55.940771618135
            ],
            "end": [
                -17.071103949711155,
                110.53378435803772,
                55.940771618135
            ],
            "length": 5.6639548492789755,
            "solid_ids": [
                3,
                5
            ],
            "preferred_normal": [
                0.05666591057630058,
                -0.3784647724495439,
                0.9238795325112867
            ]
        },
        "8": {
            "type": "line",
            "start": [
                -17.07110394971,
                110.53378435803,
                15.0
            ],
            "end": [
                -17.07110394971,
                110.53378435803,
                55.940771618135
            ],
            "length": 40.940771618135,
            "solid_ids": [
                3,
                5
            ],
            "preferred_normal": [
                -0.8570288759518352,
                -0.5152683822870697,
                0.0
            ]
        },
        "9": {
            "type": "line",
            "start": [
                18.447585717376043,
                -88.44071380887029,
                5.0
            ],
            "end": [
                -9.988836310904219,
                101.48271427618656,
                5.0
            ],
            "length": 192.04046092776966,
            "solid_ids": [
                1,
                5
            ],
            "preferred_normal": [
                0.9136947865281357,
                0.13680360983752582,
                0.3826834323650898
            ]
        },
        "10": {
            "type": "line",
            "start": [
                18.447585717382566,
                -88.44071380890095,
                5.0
            ],
            "end": [
                12.846069681149727,
                -89.27940483091199,
                5.0
            ],
            "length": 5.663954849270567,
            "solid_ids": [
                1,
                5
            ],
            "preferred_normal": [
                0.13680360983752582,
                -0.9136947865281358,
                0.3826834323650898
            ]
        },
        "11": {
            "type": "line",
            "start": [
                -9.988836310876433,
                101.48271427615921,
                5.0
            ],
            "end": [
                -15.590352347105393,
                100.64402325414875,
                5.0
            ],
            "length": 5.663954849266646,
            "solid_ids": [
                1,
                5
            ],
            "preferred_normal": [
                -0.13680360983752582,
                0.9136947865281358,
                0.3826834323650899
            ]
        },
        "12": {
            "type": "line",
            "start": [
                12.846069681144021,
                -89.27940483088014,
                5.0
            ],
            "end": [
                -15.590352347136154,
                100.64402325417613,
                5.0
            ],
            "length": 192.0404609277691,
            "solid_ids": [
                1,
                5
            ],
            "preferred_normal": [
                -0.9136947865281357,
                -0.13680360983752582,
                0.3826834323650898
            ]
        },
        "13": {
            "type": "line",
            "start": [
                -26.74992642065682,
                -95.20794385912802,
                5.0
            ],
            "end": [
                -55.18634844893769,
                94.71548422593291,
                5.0
            ],
            "length": 192.0404609277738,
            "solid_ids": [
                1,
                4
            ],
            "preferred_normal": [
                0.9136947865281357,
                0.13680360983752582,
                0.3826834323650898
            ]
        },
        "14": {
            "type": "line",
            "start": [
                -26.749926420667123,
                -95.2079438591494,
                5.0
            ],
            "end": [
                -34.76513716055622,
                -96.40802705869557,
                5.0
            ],