{
    "contact_edges": {
        "1": {
            "type": "line",
            "start": [
                149.37911791142,
                -57.3721906396,
                5.0
            ],
            "end": [
                -66.50063393985027,
                -76.360337802787,
                5.0
            ],
            "length": 216.71321369971162,
            "solid_ids": [
                1,
                2
            ],
            "preferred_normal": [
                0.080949196520563,
                -0.9203263650335946,
                0.3826834323650899
            ]
        },
        "2": {
            "type": "line",
            "start": [
                149.37911791142,
                -57.3721906396,
                5.0
            ],
            "end": [
                148.6415772126188,
                -48.98695422505923,
                5.0
            ],
            "length": 8.41760987514441,
            "solid_ids": [
                1,
                2
            ],
            "preferred_normal": [
                0.9203263650335946,
                0.080949196520563,
                0.3826834323650899
            ]
        },
        "3": {
            "type": "line",
            "start": [
                -66.50063393985,
                -76.36033780279,
                5.0
            ],
            "end": [
                -67.2381746386512,
                -67.97510138824923,
                5.0
            ],
            "length": 8.41760987514441,
            "solid_ids": [
                1,
                2
            ],
            "preferred_normal": [
                -0.9203263650335946,
                -0.080949196520563,
                0.3826834323650899
            ]
        },
        "4": {
            "type": "line",
            "start": [
                148.64157721261,
                -48.98695422506,
                5.0
            ],
            "end": [
                -67.23817463866027,
                -67.975101388247,
                5.0
            ],
            "length": 216.71321369971162,
            "solid_ids": [
                1,
                2
            ],
            "preferred_normal": [
                -0.080949196520563,
                0.9203263650335946,
                0.3826834323650899
            ]
        }
    }
}