{
    "contact_edges": {
        "1": {
            "type": "line",
            "start": [
                -13.08287315946,
                -8.915316875981,
                5.0
            ],
            "end": [
                -21.229143967537656,
                -0.5472466952127139,
                5.0
            ],
            "length": 11.678455661122388,
            "solid_ids": [
                1,
                2
            ],
            "preferred_normal": [
                -0.6619958144266163,
                -0.6444493248308317,
                0.3826834323650899
            ]
        },
        "2": {
            "type": "line",
            "start": [
                -13.08287315946,
                -8.915316875981,
                5.0
            ],
            "end": [
                91.92529610518275,
                93.30956477668443,
                5.0
            ],
            "length": 146.54911136275553,
            "solid_ids": [
                1,
                2
            ],
            "preferred_normal": [
                0.6444493248308316,
                -0.6619958144266161,
                0.38268343236508984
            ]
        },
        "3": {
            "type": "line",
            "start": [
                -21.22914396754,
                -0.547246695215,
                5.0
            ],
            "end": [
                83.77902529710335,
                101.677634957451,
                5.0
            ],
            "length": 146.54911136275632,
            "solid_ids": [
                1,
                2
            ],
            "preferred_normal": [
                -0.6444493248308316,
                0.6619958144266161,
                0.38268343236508984
            ]
        },
        "4": {
            "type": "line",
            "start": [
                91.925296105188,
                93.309564776679,
                5.0
            ],
            "end": [
                83.77902529711575,
                101.67763495744171,
                5.0
            ],
            "length": 11.678455661114622,
            "solid_ids": [
                1,
                2
            ],
            "preferred_normal": [
                0.6619958144266163,
                0.6444493248308317,
                0.3826834323650899
            ]
        }
    }
}