{
  "welds": [
    {
      "start": {
        "xyz": [
          -135.86703341159438,
          -11.143990578793202,
          5.0
        ],
        "pose": [
          -0.42161775039316923,
          -0.6992175192456708,
          0.5773502691896257
        ]
      },
      "end": {
        "xyz": [
          -138.4444928808954,
          -0.7372546827258617,
          5.0
        ],
        "pose": [
          -0.6992175192456708,
          0.42161775039316923,
          0.5773502691896257
        ]
      }
    },
    {
      "start": {
        "xyz": [
          -138.4444928808954,
          -0.7372546827258617,
          5.0
        ],
        "pose": [
          -0.6992175192456708,
          0.42161775039316923,
          0.5773502691896257
        ]
      },
      "end": {
        "xyz": [
          115.02002078331273,
          62.03886622587968,
          5.0
        ],
        "pose": [
          0.42161775039316923,
          0.6992175192456708,
          0.5773502691896257
        ]
      }
    },
    {
      "start": {
        "xyz": [
          115.02002078331273,
          62.03886622587968,
          5.0
        ],
        "pose": [
          0.42161775039316923,
          0.6992175192456708,
          0.5773502691896257
        ]
      },
      "end": {
        "xyz": [
          117.59748025261,
          51.632130329828,
          5.0
        ],
        "pose": [
          0.6992175192456708,
          -0.42161775039316923,
          0.5773502691896257
        ]
      }
    },
    {
      "start": {
        "xyz": [
          117.59748025261,
          51.632130329828,
          5.0
        ],
        "pose": [
          0.6992175192456708,
          -0.42161775039316923,
          0.5773502691896257
        ]
      },
      "end": {
        "xyz": [
          -135.86703341159438,
          -11.143990578793202,
          5.0
        ],
        "pose": [
          -0.42161775039316923,
          -0.6992175192456708,
          0.5773502691896257
        ]
      }
    }
  ]
}