{
    "contact_edges": {
        "1": {
            "type": "line",
            "start": [
                60.84781248155,
                149.08797637353,
                5.0
            ],
            "end": [
                -104.34002085678026,
                -97.5397855134533,
                5.0
            ],
            "length": 296.8371156314427,
            "solid_ids": [
                1,
                2
            ],
            "preferred_normal": [
                0.7676073151153993,
                -0.5141326680678848,
                0.38268343236508984
            ]
        },
        "2": {
            "type": "line",
            "start": [
                60.84781248155,
                149.08797637353,
                5.0
            ],
            "end": [
                48.48745139263538,
                157.36677374790204,
                5.0
            ],
            "length": 14.876727201043378,
            "solid_ids": [
                1,
                2
            ],
            "preferred_normal": [
                0.5141326680678848,
                0.7676073151153993,
                0.38268343236508984
            ]
        },
        "3": {
            "type": "line",
            "start": [
                -104.3400208568,
                -97.53978551344,
                5.0
            ],
            "end": [
                -116.70038194570358,
                -89.26098813907534,
                5.0
            ],
            "length": 14.876727201030105,
            "solid_ids": [
                1,
                2
            ],
            "preferred_normal": [
                -0.5141326680678848,
                -0.7676073151153993,
                0.38268343236508984
            ]
        },
        "4": {
            "type": "line",
            "start": [
                48.487451392634,
                157.3667737479,
                5.0
            ],
            "end": [
                -116.70038194569129,
                -89.26098813907589,
                5.0
            ],
            "length": 296.8371156314338,
            "solid_ids": [
                1,
                2
            ],
            "preferred_normal": [
                -0.7676073151153993,
                0.5141326680678848,
                0.38268343236508984
            ]
        },
        "5": {
            "type": "line",
            "start": [
                -163.3283585636,
                -10.8906244105,
                15.0
            ],
            "end": [
                -163.3283585636,
                -10.8906244105,
                75.724216977849
            ],
            "length": 60.724216977849,
            "solid_ids": [
                3,
                5
            ],
            "preferred_normal": [
                0.8320860285654813,
                0.5546465911426166,
                0.0
            ]
        },
        "6": {
            "type": "line",
            "start": [
                -163.32835856360958,
                -10.890624410493595,
                15.0
            ],
            "end": [
                -165.7538096303723,
                -14.511857016268591,
                15.0
            ],
            "length": 4.3584559722897716,
            "solid_ids": [
                3,
                5
            ],
            "preferred_normal": [
                0.3179533604975962,
                -0.21296072397278243,
                -0.9238795325112868
            ]
        },
        "7": {
            "type": "line",
            "start": [
                -163.3283585636,
                -10.8906244105,
                75.724216977849
            ],
            "end": [
                -165.75380963036272,
                -14.511857016274979,
                75.724216977849
            ],
            "length": 4.358455972289758,
            "solid_ids": [
                3,
                5
            ],
            "preferred_normal": [
                0.31795336049759654,
                -0.21296072397278262,
                0.9238795325112866
            ]
        },
        "8": {
            "type": "line",
            "start": [
                -165.7538096304,
                -14.51185701625,
                15.0
            ],
            "end": [
                -165.7538096304,
                -14.51185701625,
                75.724216977849
            ],
            "length": 60.724216977849,
            "solid_ids": [
                3,
                5
            ],
            "preferred_normal": [
                -0.19617930757028826,
                -0.9805680390881818,
                0.0
            ]
        },
        "9": {
            "type": "line",
            "start": [
                -103.21327168931239,
                -51.1548707213885,
                5.0
            ],
            "end": [
                -155.01983685592793,
                -16.455556308861677,
                5.0
            ],
            "length": 62.35352929114898,
            "solid_ids": [
                1,
                5
            ],
            "preferred_normal": [
                0.5141326680678848,
                0.7676073151153993,
                0.38268343236508984
            ]
        },
        "10": {
            "type": "line",
            "start": [
                -103.21327168932432,
                -51.15487072135374,
                5.0
            ],
            "end": [
                -105.63872275605144,
                -54.77610332707557,
                5.0
            ],
            "length": 4.358455972225787,
            "solid_ids": [
                1,
                5
            ],
            "preferred_normal": [
                0.7676073151153993,
                -0.5141326680678848,
                0.38268343236508984
            ]
        },
        "11": {
            "type": "line",
            "start": [
                -155.01983685590866,
                -16.455556308814227,
                5.0
            ],
            "end": [
                -157.44528792267135,
                -20.076788914589187,
                5.0
            ],
            "length": 4.358455972289725,
            "solid_ids": [
                1,
                5
            ],
            "preferred_normal": [
                -0.7676073151153993,
                0.5141326680678848,
                0.3826834323650898
            ]
        },
        "12": {
            "type": "line",
            "start": [
                -105.63872275602941,
                -54.77610332715389,
                5.0
            ],
            "end": [
                -157.44528792270935,
                -20.07678891458393,
                5.0
            ],
            "length": 62.3535292912265,
            "solid_ids": [
                1,
                5
            ],
            "preferred_normal": [
                -0.5141326680678848,
                -0.7676073151153993,
                0.38268343236508984
            ]
        },
        "13": {
            "type": "line",
            "start": [
                -24.454446871551387,
                66.43316406975293,
                5.0
            ],
            "end": [
                -76.26101203818533,
                101.13247848229207,
                5.0
            ],
            "length": 62.35352929117113,
            "solid_ids": [
                1,
                4
            ],
            "preferred_normal": [
                0.5141326680678848,
                0.7676073151153993,
                0.38268343236508984
            ]
        },
        "14": {
            "type": "line",
            "start": [
                -24.45444687154532,
                66.43316406975184,
                5.0
            ],
            "end": [
                -29.55058250536935,
                58.824561788079535,
                5.0
            ],