{
    "contact_edges": {
        "1": {
            "type": "line",
            "start": [
                135.08860944598,
                -70.92089314055,
                5.0
            ],
            "end": [
                -41.53174815528784,
                -119.09108090948129,
                5.0
            ],
            "length": 183.0713459525926,
            "solid_ids": [
                1,
                2
            ],
            "preferred_normal": [
                0.24309347989644198,
                -0.8913242679435537,
                0.38268343236508984
            ]
        },
        "2": {
            "type": "line",
            "start": [
                135.08860944598,
                -70.92089314055,
                5.0
            ],
            "end": [
                131.74859267619388,
                -58.674419053638935,
                5.0
            ],
            "length": 12.693771684721487,
            "solid_ids": [
                1,
                2
            ],
            "preferred_normal": [
                0.8913242679435537,
                0.24309347989644198,
                0.38268343236508984
            ]
        },
        "3": {
            "type": "line",
            "start": [
                -41.53174815531,
                -119.0910809094,
                5.0
            ],
            "end": [
                -44.8717649250929,
                -106.8446068225008,
                5.0
            ],
            "length": 12.693771684709194,
            "solid_ids": [
                1,
                2
            ],
            "preferred_normal": [
                -0.8913242679435537,
                -0.24309347989644198,
                0.38268343236508984
            ]
        },
        "4": {
            "type": "line",
            "start": [
                131.74859267619,
                -58.67441905364,
                5.0
            ],
            "end": [
                -44.87176492507107,
                -106.84460682256943,
                5.0
            ],
            "length": 183.07134595258552,
            "solid_ids": [
                1,
                2
            ],
            "preferred_normal": [
                -0.24309347989644198,
                0.8913242679435537,
                0.38268343236508984
            ]
        },
        "5": {
            "type": "line",
            "start": [
                110.64654295761254,
                -54.0643968946393,
                5.0
            ],
            "end": [
                94.59573965628066,
                4.787327588305183,
                5.0
            ],
            "length": 61.0012603249675,
            "solid_ids": [
                1,
                4
            ],
            "preferred_normal": [
                0.8913242679435537,
                0.24309347989644198,
                0.38268343236508984
            ]
        },
        "6": {
            "type": "line",
            "start": [
                110.64654295761615,
                -54.064396894662615,
                5.0
            ],
            "end": [
                103.43174689146674,
                -56.03210937096477,
                5.0
            ],
            "length": 7.478313624442349,
            "solid_ids": [
                1,
                4
            ],
            "preferred_normal": [
                0.24309347989644198,
                -0.8913242679435537,
                0.38268343236508984
            ]
        },
        "7": {
            "type": "line",
            "start": [
                94.59573965630784,
                4.78732758828958,
                5.0
            ],
            "end": [
                87.38094359015325,
                2.819615111986008,
                5.0
            ],
            "length": 7.478313624447726,
            "solid_ids": [
                1,
                4
            ],
            "preferred_normal": [
                -0.24309347989644198,
                0.8913242679435537,
                0.3826834323650898
            ]
        },
        "8": {
            "type": "line",
            "start": [
                103.43174689145323,
                -56.03210937094184,
                5.0
            ],
            "end": [
                87.38094359012152,
                2.819615112002063,
                5.0
            ],
            "length": 61.00126032496689,
            "solid_ids": [
                1,
                4
            ],
            "preferred_normal": [
                -0.8913242679435537,
                -0.24309347989644198,
                0.38268343236508984
            ]
        },
        "9": {
            "type": "line",
            "start": [
                91.964514790487,
                14.434951943846,
                15.0
            ],
            "end": [
                91.964514790487,
                14.434951943846,
                72.14327237569
            ],
            "length": 57.14327237569,
            "solid_ids": [
                3,
                4
            ],
            "preferred_normal": [
                0.9920168842411313,
                -0.1261051203580485,
                0.0
            ]
        },
        "10": {
            "type": "line",
            "start": [
                91.96451479049294,
                14.434951943824236,
                15.0
            ],
            "end": [
                84.74971872433835,
                12.467239467520665,
                15.0
            ],
            "length": 7.478313624447726,
            "solid_ids": [
                3,
                4
            ],
            "preferred_normal": [
                0.2631224865818447,
                -0.9647624355534304,
                0.0
            ]
        },
        "11": {
            "type": "line",
            "start": [
                91.964514790487,
                14.434951943846,
                72.14327237569
            ],
            "end": [
                84.74971872433242,
                12.46723946754243,
                72.14327237569
            ],
            "length": 7.478313624447712,
            "solid_ids": [
                3,
                4
            ],
            "preferred_normal": [
                0.1006926162975776,
                -0.3691986002544905,
                0.9238795325112867
            ]
        },
        "12": {
            "type": "line",
            "start": [
                84.749718724332,
                12.467239467544,
                15.0
            ],
            "end": [
                84.749718724332,
                12.467239467544,
                72.14327237569
            ],
            "length": 57.14327237569,
            "solid_ids": [
                3,
                4
            ],
            "preferred_normal": [
                -0.7906316516459762,
                -0.6122920801509324,
                0.0
            ]
        },
        "13": {
            "type": "line",
            "start": [
                123.41862562431,
                23.013523777502,
                5.0
            ],
            "end": [
                -100.11586902068682,
                -37.95169408368845,
                5.0
            ],
            "length": 231.6990032025527,
            "solid_ids": [
                1,
                3
            ],
            "preferred_normal": [
                0.24309347989644198,
                -0.8913242679435537,
                0.38268343236508984
            ]
        },
        "14": {
            "type": "line",
            "start": [
                123.41862562431,
                23.013523777502,
                5.0
            ],
            "end": [
                119.25078775794213,
                38.29527891437486,
                5.0
            ],
            "length": 15.839915168449288,