{
    "contact_edges": {
        "1": {
            "type": "line",
            "start": [
                -9.131827590551,
                -7.50495427146,
                5.0
            ],
            "end": [
                -17.694965648172655,
                -0.20135395874711054,
                5.0
            ],
            "length": 11.254772806314136,
            "solid_ids": [
                1,
                2
            ],
            "preferred_normal": [
                -0.5995364774287507,
                -0.7029291591800692,
                0.38268343236508984
            ]
        },
        "2": {
            "type": "line",
            "start": [
                -9.131827590551,
                -7.50495427146,
                5.0
            ],
            "end": [
                73.18752446599147,
                89.01072926712865,
                5.0
            ],
            "length": 126.85327308323572,
            "solid_ids": [
                1,
                2
            ],
            "preferred_normal": [
                0.7029291591800692,
                -0.5995364774287507,
                0.38268343236508984
            ]
        },
        "3": {
            "type": "line",
            "start": [
                -17.69496564817,
                -0.201353958744,
                5.0
            ],
            "end": [
                64.6243864083687,
                96.3143295798402,
                5.0
            ],
            "length": 126.85327308322988,
            "solid_ids": [
                1,
                2
            ],
            "preferred_normal": [
                -0.7029291591800692,
                0.5995364774287507,
                0.38268343236508984
            ]
        },
        "4": {
            "type": "line",
            "start": [
                73.187524465977,
                89.010729267141,
                5.0
            ],
            "end": [
                64.62438640835013,
                96.31432957985834,
                5.0
            ],
            "length": 11.254772806320991,
            "solid_ids": [
                1,
                2
            ],
            "preferred_normal": [
                0.5995364774287507,
                0.7029291591800692,
                0.38268343236508984
            ]
        },
        "5": {
            "type": "line",
            "start": [
                56.31710930298,
                -135.8111149972,
                5.0
            ],
            "end": [
                45.100002132289916,
                -126.24391347734735,
                5.0
            ],
            "length": 14.742958936394619,
            "solid_ids": [
                1,
                3
            ],
            "preferred_normal": [
                -0.5995364774287507,
                -0.7029291591800692,
                0.38268343236508984
            ]
        },
        "6": {
            "type": "line",
            "start": [
                56.31710930298,
                -135.8111149972,
                5.0
            ],
            "end": [
                136.51215653189888,
                -41.78608192366346,
                5.0
            ],
            "length": 123.57974123831208,
            "solid_ids": [
                1,
                3
            ],
            "preferred_normal": [
                0.7029291591800692,
                -0.5995364774287507,
                0.38268343236508984
            ]
        },
        "7": {
            "type": "line",
            "start": [
                45.100002132245,
                -126.2439134774,
                5.0
            ],
            "end": [
                125.29504936120621,
                -32.21888040381383,
                5.0
            ],
            "length": 123.57974123837731,
            "solid_ids": [
                1,
                3
            ],
            "preferred_normal": [
                -0.7029291591800692,
                0.5995364774287507,
                0.38268343236508984
            ]
        },
        "8": {
            "type": "line",
            "start": [
                136.51215653193,
                -41.78608192369,
                5.0
            ],
            "end": [
                125.29504936119258,
                -32.21888040379696,
                5.0
            ],
            "length": 14.742958936456839,
            "solid_ids": [
                1,
                3
            ],
            "preferred_normal": [
                0.5995364774287507,
                0.7029291591800692,
                0.38268343236508984
            ]
        }
    }
}