{
    "contact_edges": {
        "1": {
            "type": "line",
            "start": [
                129.70023840853,
                -37.6458537927,
                5.0
            ],
            "end": [
                38.56592803310918,
                52.50646685766099,
                5.0
            ],
            "length": 128.1908867519413,
            "solid_ids": [
                1,
                2
            ],
            "preferred_normal": [
                -0.6497332686248994,
                -0.6568105284138479,
                0.3826834323650899
            ]
        },
        "2": {
            "type": "line",
            "start": [
                129.70023840853,
                -37.6458537927,
                5.0
            ],
            "end": [
                139.47633811991818,
                -27.7632673109382,
                5.0
            ],
            "length": 13.900994249927063,
            "solid_ids": [
                1,
                2
            ],
            "preferred_normal": [
                0.6568105284138479,
                -0.6497332686248994,
                0.3826834323650899
            ]
        },
        "3": {
            "type": "line",
            "start": [
                38.565928033128,
                52.50646685768,
                5.0
            ],
            "end": [
                48.3420277445132,
                62.38905333943878,
                5.0
            ],
            "length": 13.900994249922814,
            "solid_ids": [
                1,
                2
            ],
            "preferred_normal": [
                -0.6568105284138479,
                0.6497332686248994,
                0.3826834323650899
            ]
        },
        "4": {
            "type": "line",
            "start": [
                139.47633811992,
                -27.76326731094,
                5.0
            ],
            "end": [
                48.342027744499184,
                62.38905333942099,
                5.0
            ],
            "length": 128.1908867519413,
            "solid_ids": [
                1,
                2
            ],
            "preferred_normal": [
                0.6497332686248994,
                0.6568105284138479,
                0.3826834323650899
            ]
        }
    }
}