{
    "contact_edges": {
        "1": {
            "type": "line",
            "start": [
                94.972276052848,
                110.76282391551,
                5.0
            ],
            "end": [
                -135.239317182589,
                32.63465187104962,
                5.0
            ],
            "length": 243.10777224722187,
            "solid_ids": [
                1,
                2
            ],
            "preferred_normal": [
                0.2969095491977727,
                -0.8748703390722816,
                0.38268343236508984
            ]
        },
        "2": {
            "type": "line",
            "start": [
                94.972276052848,
                110.76282391551,
                5.0
            ],
            "end": [
                91.91889927288913,
                119.7598696016987,
                5.0
            ],
            "length": 9.501049459915397,
            "solid_ids": [
                1,
                2
            ],
            "preferred_normal": [
                0.8748703390722816,
                0.2969095491977727,
                0.38268343236508984
            ]
        },
        "3": {
            "type": "line",
            "start": [
                -135.2393171826,
                32.634651871082,
                5.0
            ],
            "end": [
                -138.29269396255074,
                41.631697557246774,
                5.0
            ],
            "length": 9.501049459890135,
            "solid_ids": [
                1,
                2
            ],
            "preferred_normal": [
                -0.8748703390722816,
                -0.2969095491977727,
                0.38268343236508984
            ]
        },
        "4": {
            "type": "line",
            "start": [
                91.918899272893,
                119.7598696017,
                5.0
            ],
            "end": [
                -138.29269396249714,
                41.63169755725553,
                5.0
            ],
            "length": 243.1077722471724,
            "solid_ids": [
                1,
                2
            ],
            "preferred_normal": [
                -0.2969095491977727,
                0.8748703390722816,
                0.38268343236508984
            ]
        },
        "5": {
            "type": "line",
            "start": [
                -91.4146441559003,
                68.1011467159049,
                5.0
            ],
            "end": [
                -107.67948966685154,
                116.02695760872251,
                5.0
            ],
            "length": 50.61055768542,
            "solid_ids": [
                1,
                3
            ],
            "preferred_normal": [
                0.8748703390722816,
                0.2969095491977727,
                0.38268343236508984
            ]
        },
        "6": {
            "type": "line",
            "start": [
                -91.41464415589721,
                68.10114671589677,
                5.0
            ],
            "end": [
                -100.41143950629989,
                65.04785489376772,
                5.0
            ],
            "length": 9.500785100617076,
            "solid_ids": [
                1,
                3
            ],
            "preferred_normal": [
                0.2969095491977727,
                -0.8748703390722816,
                0.3826834323650897
            ]
        },
        "7": {
            "type": "line",
            "start": [
                -107.6794896668,
                116.02695760874,
                5.0
            ],
            "end": [
                -116.67628501720057,
                112.97366578661166,
                5.0
            ],
            "length": 9.500785100614856,
            "solid_ids": [
                1,
                3
            ],
            "preferred_normal": [
                -0.2969095491977727,
                0.8748703390722816,
                0.38268343236508984
            ]
        },
        "8": {
            "type": "line",
            "start": [
                -100.4114395063269,
                65.04785489375888,
                5.0
            ],
            "end": [
                -116.67628501728026,
                112.97366578658276,
                5.0
            ],
            "length": 50.61055768542662,
            "solid_ids": [
                1,
                3
            ],
            "preferred_normal": [
                -0.8748703390722816,
                -0.2969095491977727,
                0.38268343236508984
            ]
        },
        "9": {
            "type": "line",
            "start": [
                -88.20091835346,
                58.631618403114,
                15.0
            ],
            "end": [
                -88.20091835346,
                58.631618403114,
                51.575873534149
            ],
            "length": 36.575873534149,
            "solid_ids": [
                2,
                3
            ],
            "preferred_normal": [
                0.7518863769964826,
                0.65929270895946,
                0.0
            ]
        },
        "10": {
            "type": "line",
            "start": [
                -88.20091835345751,
                58.63161840310667,
                15.0
            ],
            "end": [
                -97.19771370388679,
                55.57832658096858,
                15.0
            ],
            "length": 9.500785100645171,
            "solid_ids": [
                2,
                3
            ],
            "preferred_normal": [
                -0.12298396207579916,
                0.36238315976168745,
                -0.9238795325112867
            ]
        },
        "11": {
            "type": "line",
            "start": [
                -88.20091835346,
                58.631618403114,
                51.575873534149
            ],
            "end": [
                -97.19771370388929,
                55.578326580975904,
                51.575873534149
            ],
            "length": 9.500785100645185,
            "solid_ids": [
                2,
                3
            ],
            "preferred_normal": [
                -0.12298396207579916,
                0.36238315976168745,
                0.9238795325112867
            ]
        },
        "12": {
            "type": "line",
            "start": [
                -97.19771370389,
                55.578326580978,
                15.0
            ],
            "end": [
                -97.19771370389,
                55.578326580978,
                51.575873534149
            ],
            "length": 36.575873534149,
            "solid_ids": [
                2,
                3
            ],
            "preferred_normal": [
                -0.9978543011480809,
                0.06547361056391472,
                0.0
            ]
        }
    }
}