{
    "contact_edges": {
        "1": {
            "type": "line",
            "start": [
                1.27163880935,
                11.76021534916,
                5.0
            ],
            "end": [
                -5.73281805813147,
                -132.26622740099998,
                5.0
            ],
            "length": 144.19666649154382,
            "solid_ids": [
                1,
                2
            ],
            "preferred_normal": [
                0.9227888954359751,
                -0.044878113299545316,
                0.38268343236508984
            ]
        },
        "2": {
            "type": "line",
            "start": [
                1.27163880935,
                11.76021534916,
                5.0
            ],
            "end": [
                -14.830156425980006,
                12.543296067264887,
                5.0
            ],
            "length": 16.1208258228778,
            "solid_ids": [
                1,
                2
            ],
            "preferred_normal": [
                0.044878113299545316,
                0.9227888954359751,
                0.38268343236508984
            ]
        },
        "3": {
            "type": "line",
            "start": [
                -5.732818058131,
                -132.266227401,
                5.0
            ],
            "end": [
                -21.834613293459764,
                -131.48314668289518,
                5.0
            ],
            "length": 16.120825822876558,
            "solid_ids": [
                1,
                2
            ],
            "preferred_normal": [
                -0.044878113299545316,
                -0.9227888954359751,
                0.38268343236508984
            ]
        },
        "4": {
            "type": "line",
            "start": [
                -14.83015642598,
                12.543296067265,
                5.0
            ],
            "end": [
                -21.83461329346171,
                -131.48314668289996,
                5.0
            ],
            "length": 144.19666649154883,
            "solid_ids": [
                1,
                2
            ],
            "preferred_normal": [
                -0.9227888954359751,
                0.044878113299545316,
                0.38268343236508984
            ]
        }
    }
}