{
    "contact_edges": {
        "1": {
            "type": "line",
            "start": [
                -16.27757528042,
                -138.8948206932,
                5.0
            ],
            "end": [
                -86.87446754260584,
                47.80338969866574,
                5.0
            ],
            "length": 199.59995731613782,
            "solid_ids": [
                1,
                2
            ],
            "preferred_normal": [
                -0.8641617846858382,
                -0.32676872629102816,
                0.3826834323650898
            ]
        },
        "2": {
            "type": "line",
            "start": [
                -16.27757528042,
                -138.8948206932,
                5.0
            ],
            "end": [
                -5.785338076402659,
                -134.92735181427182,
                5.0
            ],
            "length": 11.217301406783593,
            "solid_ids": [
                1,
                2
            ],
            "preferred_normal": [
                0.32676872629102816,
                -0.8641617846858382,
                0.3826834323650898
            ]
        },
        "3": {
            "type": "line",
            "start": [
                -86.87446754265,
                47.803389698649,
                5.0
            ],
            "end": [
                -76.38223033861932,
                51.7708585775822,
                5.0
            ],
            "length": 11.217301406797844,
            "solid_ids": [
                1,
                2
            ],
            "preferred_normal": [
                -0.32676872629102816,
                0.8641617846858382,
                0.3826834323650898
            ]
        },
        "4": {
            "type": "line",
            "start": [
                -5.785338076392,
                -134.9273518143,
                5.0
            ],
            "end": [
                -76.38223033858918,
                51.7708585775957,
                5.0
            ],
            "length": 199.59995731616988,
            "solid_ids": [
                1,
                2
            ],
            "preferred_normal": [
                0.8641617846858382,
                0.32676872629102816,
                0.3826834323650898
            ]
        },
        "5": {
            "type": "line",
            "start": [
                -121.7003063139,
                -42.72323379222,
                5.0
            ],
            "end": [
                -125.173151066482,
                -33.53906322182319,
                5.0
            ],
            "length": 9.818841058988541,
            "solid_ids": [
                1,
                3
            ],
            "preferred_normal": [
                -0.8641617846858382,
                -0.32676872629102816,
                0.3826834323650898
            ]
        },
        "6": {
            "type": "line",
            "start": [
                -121.7003063139,
                -42.72323379222,
                5.0
            ],
            "end": [
                -70.63580873515839,
                -23.4140244193907,
                5.0
            ],
            "length": 54.5933006839948,
            "solid_ids": [
                1,
                3
            ],
            "preferred_normal": [
                0.32676872629102816,
                -0.8641617846858382,
                0.3826834323650898
            ]
        },
        "7": {
            "type": "line",
            "start": [
                -125.1731510665,
                -33.53906322183,
                5.0
            ],
            "end": [
                -74.1086534877442,
                -14.229853848995331,
                5.0
            ],
            "length": 54.59330068400996,
            "solid_ids": [
                1,
                3
            ],
            "preferred_normal": [
                -0.32676872629102816,
                0.8641617846858382,
                0.3826834323650898
            ]
        },
        "8": {
            "type": "line",
            "start": [
                -70.63580873516693,
                -23.41402441935883,
                5.0
            ],
            "end": [
                -74.10865348774313,
                -14.22985384897739,
                5.0
            ],
            "length": 9.818841058972112,
            "solid_ids": [
                1,
                3
            ],
            "preferred_normal": [
                0.8641617846858382,
                0.32676872629102816,
                0.3826834323650898
            ]
        },
        "9": {
            "type": "line",
            "start": [
                -61.28218897982,
                -19.87710521299,
                15.0
            ],
            "end": [
                -61.28218897982,
                -19.87710521299,
                52.400382729581
            ],
            "length": 37.400382729581,
            "solid_ids": [
                2,
                3
            ],
            "preferred_normal": [
                -0.03117880501038454,
                -0.9995138228749638,
                0.0
            ]
        },
        "10": {
            "type": "line",
            "start": [
                -61.28218897981694,
                -19.87710521298883,
                15.0
            ],
            "end": [
                -64.75503373239313,
                -10.692934642607389,
                15.0
            ],
            "length": 9.818841058972112,
            "solid_ids": [
                2,
                3
            ],
            "preferred_normal": [
                -0.9353619755347065,
                -0.35369192063688903,
                0.0
            ]
        },
        "11": {
            "type": "line",
            "start": [
                -61.28218897982,
                -19.87710521299,
                52.400382729581
            ],
            "end": [
                -64.75503373239619,
                -10.69293464260856,
                52.400382729581
            ],
            "length": 9.818841058972108,
            "solid_ids": [
                2,
                3
            ],
            "preferred_normal": [
                -0.3579475313014126,
                -0.13535203818912564,
                0.9238795325112867
            ]
        },
        "12": {
            "type": "line",
            "start": [
                -64.7550337324,
                -10.69293464261,
                15.0
            ],
            "end": [
                -64.7550337324,
                -10.69293464261,
                52.400382729581
            ],
            "length": 37.400382729581,
            "solid_ids": [
                2,
                3
            ],
            "preferred_normal": [
                -0.6847162575924408,
                0.7288097464967124,
                0.0
            ]
        }
    }
}