{
    "contact_edges": {
        "1": {
            "type": "line",
            "start": [
                149.41701534777,
                -81.48696076122,
                5.0
            ],
            "end": [
                -127.49536418899758,
                -106.79506483372747,
                5.0
            ],
            "length": 278.066477793458,
            "solid_ids": [
                1,
                2
            ],
            "preferred_normal": [
                0.08408650889814406,
                -0.9200450258626456,
                0.3826834323650899
            ]
        },
        "2": {
            "type": "line",
            "start": [
                149.41701534777,
                -81.48696076122,
                5.0
            ],
            "end": [
                148.35145795580902,
                -69.82800629764009,
                5.0
            ],
            "length": 11.707545931551698,
            "solid_ids": [
                1,
                2
            ],
            "preferred_normal": [
                0.9200450258626455,
                0.08408650889814404,
                0.3826834323650898
            ]
        },
        "3": {
            "type": "line",
            "start": [
                -127.495364189,
                -106.7950648337,
                5.0
            ],
            "end": [
                -128.56092158095768,
                -95.13611037015613,
                5.0
            ],
            "length": 11.707545931515497,
            "solid_ids": [
                1,
                2
            ],
            "preferred_normal": [
                -0.9200450258626455,
                -0.08408650889814404,
                0.3826834323650898
            ]
        },
        "4": {
            "type": "line",
            "start": [
                148.35145795581,
                -69.82800629764,
                5.0
            ],
            "end": [
                -128.56092158100088,
                -95.13611037015141,
                5.0
            ],
            "length": 278.0664777935015,
            "solid_ids": [
                1,
                2
            ],
            "preferred_normal": [
                -0.08408650889814406,
                0.9200450258626456,
                0.3826834323650899
            ]
        },
        "5": {
            "type": "line",
            "start": [
                58.498372841918,
                57.421660668639,
                15.0
            ],
            "end": [
                58.498372841918,
                57.421660668639,
                59.694748100206
            ],
            "length": 44.694748100206,
            "solid_ids": [
                3,
                5
            ],
            "preferred_normal": [
                0.9548747982608626,
                -0.2970086188080687,
                0.0
            ]
        },
        "6": {
            "type": "line",
            "start": [
                58.49837284191741,
                57.42166066864493,
                15.0
            ],
            "end": [
                53.245723300618465,
                56.94160050856837,
                15.0
            ],
            "length": 5.274541208579257,
            "solid_ids": [
                3,
                5
            ],
            "preferred_normal": [
                0.03482977239821702,
                -0.3810951277062108,
                -0.9238795325112876
            ]
        },
        "7": {
            "type": "line",
            "start": [
                58.498372841918,
                57.421660668639,
                59.694748100206
            ],
            "end": [
                53.24572330061905,
                56.94160050856244,
                59.694748100206
            ],
            "length": 5.274541208579264,
            "solid_ids": [
                3,
                5
            ],
            "preferred_normal": [
                0.03482977239821721,
                -0.3810951277062129,
                0.9238795325112867
            ]
        },
        "8": {
            "type": "line",
            "start": [
                53.245723300619,
                56.941600508563,
                15.0
            ],
            "end": [
                53.245723300619,
                56.941600508563,
                59.694748100206
            ],
            "length": 44.694748100206,
            "solid_ids": [
                3,
                5
            ],
            "preferred_normal": [
                -0.8852152534644282,
                -0.46518163660435696,
                0.0
            ]
        },
        "9": {
            "type": "line",
            "start": [
                69.8660454341399,
                -66.95941735629002,
                5.0
            ],
            "end": [
                59.40851865573497,
                47.46316506952445,
                5.0
            ],
            "length": 114.89946577470829,
            "solid_ids": [
                1,
                5
            ],
            "preferred_normal": [
                0.9200450258626455,
                0.08408650889814404,
                0.3826834323650898
            ]
        },
        "10": {
            "type": "line",
            "start": [
                69.86604543413995,
                -66.95941735628975,
                5.0
            ],
            "end": [
                64.61339589284064,
                -67.43947751636635,
                5.0
            ],
            "length": 5.274541208579622,
            "solid_ids": [
                1,
                5
            ],
            "preferred_normal": [
                0.08408650889814406,
                -0.9200450258626456,
                0.3826834323650899
            ]
        },
        "11": {
            "type": "line",
            "start": [
                59.40851865572949,
                47.46316506952921,
                5.0
            ],
            "end": [
                54.15586911443044,
                46.983104909452635,
                5.0
            ],
            "length": 5.274541208579365,
            "solid_ids": [
                1,
                5
            ],
            "preferred_normal": [
                -0.08408650889814404,
                0.9200450258626455,
                0.3826834323650898
            ]
        },
        "12": {
            "type": "line",
            "start": [
                64.61339589284181,
                -67.43947751636993,
                5.0
            ],
            "end": [
                54.15586911443661,
                46.98310490944752,
                5.0
            ],
            "length": 114.89946577471129,
            "solid_ids": [
                1,
                5
            ],
            "preferred_normal": [
                -0.9200450258626455,
                -0.08408650889814404,
                0.3826834323650898
            ]
        },
        "13": {
            "type": "line",
            "start": [
                -20.921171279212164,
                -75.25681573507929,
                5.0
            ],
            "end": [
                -31.378698057616827,
                39.16576669073229,
                5.0
            ],
            "length": 114.89946577470539,
            "solid_ids": [
                1,
                4
            ],
            "preferred_normal": [
                0.9200450258626455,
                0.08408650889814404,
                0.3826834323650898
            ]
        },
        "14": {
            "type": "line",
            "start": [
                -20.921171279220054,
                -75.25681573507975,
                5.0
            ],
            "end": [
                -30.192560418920767,
                -76.10416420551209,
                5.0
            ],
            "length": 9.310029860859972,