{
    "contact_edges": {
        "1": {
            "type": "line",
            "start": [
                -142.3745384228,
                -53.97939992453,
                5.0
            ],
            "end": [
                -142.38762226686697,
                -45.73229933135995,
                5.0
            ],
            "length": 8.247110971779234,
            "solid_ids": [
                1,
                2
            ],
            "preferred_normal": [
                -0.923878369851462,
                -0.00146571275461478,
                0.3826834323650899
            ]
        },
        "2": {
            "type": "line",
            "start": [
                -142.3745384228,
                -53.97939992453,
                5.0
            ],
            "end": [
                44.47732862144201,
                -53.68296353886772,
                5.0
            ],
            "length": 186.85210218900357,
            "solid_ids": [
                1,
                2
            ],
            "preferred_normal": [
                0.00146571275461478,
                -0.923878369851462,
                0.3826834323650899
            ]
        },
        "3": {
            "type": "line",
            "start": [
                -142.3876222669,
                -45.73229933136,
                5.0
            ],
            "end": [
                44.464244777375,
                -45.43586294569766,
                5.0
            ],
            "length": 186.85210218903657,
            "solid_ids": [
                1,
                2
            ],
            "preferred_normal": [
                -0.00146571275461478,
                0.923878369851462,
                0.3826834323650899
            ]
        },
        "4": {
            "type": "line",
            "start": [
                44.477328621442,
                -53.68296353887,
                5.0
            ],
            "end": [
                44.464244777374994,
                -45.43586294569,
                5.0
            ],
            "length": 8.247110971789182,
            "solid_ids": [
                1,
                2
            ],
            "preferred_normal": [
                0.923878369851462,
                0.00146571275461478,
                0.3826834323650899
            ]
        },
        "5": {
            "type": "line",
            "start": [
                -139.8475783083,
                70.514983796789,
                15.0
            ],
            "end": [
                -139.8475783083,
                70.514983796789,
                77.220765560074
            ],
            "length": 62.220765560074,
            "solid_ids": [
                3,
                5
            ],
            "preferred_normal": [
                -0.9232712517499573,
                -0.3841486635302367,
                0.0
            ]
        },
        "6": {
            "type": "line",
            "start": [
                -139.8475783083,
                70.51498379678956,
                15.0
            ],
            "end": [
                -130.3875714265,
                70.52999189006013,
                15.0
            ],
            "length": 9.460018786797795,
            "solid_ids": [
                3,
                5
            ],
            "preferred_normal": [
                0.0006071181015046704,
                -0.38268295077562203,
                -0.9238795325112867
            ]
        },
        "7": {
            "type": "line",
            "start": [
                -139.8475783083,
                70.514983796789,
                77.220765560074
            ],
            "end": [
                -130.3875714265,
                70.52999189005958,
                77.220765560074
            ],
            "length": 9.460018786797795,
            "solid_ids": [
                3,
                5
            ],
            "preferred_normal": [
                0.0006071181015046704,
                -0.38268295077562203,
                0.9238795325112867
            ]
        },
        "8": {
            "type": "line",
            "start": [
                -130.3875714265,
                70.52999189006,
                15.0
            ],
            "end": [
                -130.3875714265,
                70.52999189006,
                77.220765560074
            ],
            "length": 62.220765560074,
            "solid_ids": [
                3,
                5
            ],
            "preferred_normal": [
                0.9244854879529666,
                -0.38121723802100715,
                0.0
            ]
        },
        "9": {
            "type": "line",
            "start": [
                -139.67902616303465,
                -35.727989618539894,
                5.0
            ],
            "end": [
                -139.83171354778736,
                60.51499638132903,
                5.0
            ],
            "length": 96.24310711738492,
            "solid_ids": [
                1,
                5
            ],
            "preferred_normal": [
                -0.923878369851462,
                -0.00146571275461478,
                0.3826834323650899
            ]
        },
        "10": {
            "type": "line",
            "start": [
                -139.6790261631,
                -35.7279896185346,
                5.0
            ],
            "end": [
                -130.2190192812,
                -35.712981525263864,
                5.0
            ],
            "length": 9.460018786897782,
            "solid_ids": [
                1,
                5
            ],
            "preferred_normal": [
                0.0014657127546147798,
                -0.9238783698514619,
                0.3826834323650898
            ]
        },
        "11": {
            "type": "line",
            "start": [
                -139.8317135478,
                60.51499638132856,
                5.0
            ],
            "end": [
                -130.3717066659,
                60.530004474599295,
                5.0
            ],
            "length": 9.460018786897782,
            "solid_ids": [
                1,
                5
            ],
            "preferred_normal": [
                -0.00146571275461478,
                0.923878369851462,
                0.3826834323650899
            ]
        },
        "12": {
            "type": "line",
            "start": [
                -130.21901928123467,
                -35.712981525260055,
                5.0
            ],
            "end": [
                -130.37170666598735,
                60.53000447459887,
                5.0
            ],
            "length": 96.24310711737492,
            "solid_ids": [
                1,
                5
            ],
            "preferred_normal": [
                0.923878369851462,
                0.00146571275461478,
                0.3826834323650899
            ]
        },
        "13": {
            "type": "line",
            "start": [
                10.04289353898136,
                -35.49045907933,
                5.0
            ],
            "end": [
                9.890206154228652,
                60.752526920536,
                5.0
            ],
            "length": 96.243107117382,
            "solid_ids": [
                1,
                4
            ],
            "preferred_normal": [
                -0.923878369851462,
                -0.00146571275461478,
                0.3826834323650899
            ]
        },
        "14": {
            "type": "line",
            "start": [
                10.042893538980996,
                -35.49045907932463,
                5.0
            ],
            "end": [
                14.005844585220997,
                -35.48417194447665,
                5.0
            ],
            "length": 3.9629560334375795,