{
    "contact_edges": {
        "1": {
            "type": "line",
            "start": [
                23.245194803333,
                -139.0778078361,
                5.0
            ],
            "end": [
                14.74974114337558,
                -138.51479495564598,
                5.0
            ],
            "length": 8.514089287295562,
            "solid_ids": [
                1,
                2
            ],
            "preferred_normal": [
                -0.06109356611608932,
                -0.921857346216047,
                0.38268343236508984
            ]
        },
        "2": {
            "type": "line",
            "start": [
                23.245194803333,
                -139.0778078361,
                5.0
            ],
            "end": [
                39.2626167473751,
                102.6134049259698,
                5.0
            ],
            "length": 242.22138661178036,
            "solid_ids": [
                1,
                2
            ],
            "preferred_normal": [
                0.921857346216047,
                -0.06109356611608932,
                0.38268343236508984
            ]
        },
        "3": {
            "type": "line",
            "start": [
                14.749741143372,
                -138.5147949557,
                5.0
            ],
            "end": [
                30.7671630874174,
                103.17641780641965,
                5.0
            ],
            "length": 242.22138661183035,
            "solid_ids": [
                1,
                2
            ],
            "preferred_normal": [
                -0.921857346216047,
                0.06109356611608932,
                0.38268343236508984
            ]
        },
        "4": {
            "type": "line",
            "start": [
                39.262616747372,
                102.61340492597,
                5.0
            ],
            "end": [
                30.767163087412275,
                103.17641780642415,
                5.0
            ],
            "length": 8.514089287297871,
            "solid_ids": [
                1,
                2
            ],
            "preferred_normal": [
                0.06109356611608932,
                0.921857346216047,
                0.38268343236508984
            ]
        },
        "5": {
            "type": "line",
            "start": [
                123.10909799088,
                -62.83268509784,
                5.0
            ],
            "end": [
                114.15161855582042,
                -62.23905272690365,
                5.0
            ],
            "length": 8.977128562148302,
            "solid_ids": [
                1,
                3
            ],
            "preferred_normal": [
                -0.06109356611608932,
                -0.921857346216047,
                0.38268343236508984
            ]
        },
        "6": {
            "type": "line",
            "start": [
                123.10909799088,
                -62.83268509784,
                5.0
            ],
            "end": [
                134.96732483346184,
                116.09930762882922,
                5.0
            ],
            "length": 179.32449794990904,
            "solid_ids": [
                1,
                3
            ],
            "preferred_normal": [
                0.921857346216047,
                -0.06109356611608932,
                0.38268343236508984
            ]
        },
        "7": {
            "type": "line",
            "start": [
                114.15161855582,
                -62.23905272691,
                5.0
            ],
            "end": [
                126.00984539840249,
                116.69293999976917,
                5.0
            ],
            "length": 179.32449794991902,
            "solid_ids": [
                1,
                3
            ],
            "preferred_normal": [
                -0.921857346216047,
                0.06109356611608932,
                0.38268343236508984
            ]
        },
        "8": {
            "type": "line",
            "start": [
                134.96732483345,
                116.09930762883,
                5.0
            ],
            "end": [
                126.00984539838976,
                116.6929399997664,
                5.0
            ],
            "length": 8.977128562148957,
            "solid_ids": [
                1,
                3
            ],
            "preferred_normal": [
                0.06109356611608932,
                0.921857346216047,
                0.38268343236508984
            ]
        },
        "9": {
            "type": "line",
            "start": [
                -112.4507810605,
                -56.11380858367,
                5.0
            ],
            "end": [
                -122.56005549239956,
                -55.44384415975337,
                5.0
            ],
            "length": 10.131450136519051,
            "solid_ids": [
                1,
                4
            ],
            "preferred_normal": [
                -0.06109356611608932,
                -0.921857346216047,
                0.38268343236508984
            ]
        },
        "10": {
            "type": "line",
            "start": [
                -112.4507810605,
                -56.11380858367,
                5.0
            ],
            "end": [
                -101.31138270570159,
                111.9715866326601,
                5.0
            ],
            "length": 168.4541073430291,
            "solid_ids": [
                1,
                4
            ],
            "preferred_normal": [
                0.921857346216047,
                -0.06109356611608932,
                0.38268343236508984
            ]
        },
        "11": {
            "type": "line",
            "start": [
                -122.5600554924,
                -55.44384415976,
                5.0
            ],
            "end": [
                -111.42065713760093,
                112.64155105658007,
                5.0
            ],
            "length": 168.45410734303908,
            "solid_ids": [
                1,
                4
            ],
            "preferred_normal": [
                -0.921857346216047,
                0.06109356611608932,
                0.38268343236508984
            ]
        },
        "12": {
            "type": "line",
            "start": [
                -101.3113827057,
                111.97158663266,
                5.0
            ],
            "end": [
                -111.42065713760023,
                112.64155105657667,
                5.0
            ],
            "length": 10.131450136519735,
            "solid_ids": [
                1,
                4
            ],
            "preferred_normal": [
                0.06109356611608932,
                0.921857346216047,
                0.38268343236508984
            ]
        }
    }
}