{
    "contact_edges": {
        "1": {
            "type": "line",
            "start": [
                60.185419990029,
                -120.7881264238,
                5.0
            ],
            "end": [
                50.40213788170977,
                -121.44994865356698,
                5.0
            ],
            "length": 9.805642124551193,
            "solid_ids": [
                1,
                2
            ],
            "preferred_normal": [
                0.062356345915559726,
                -0.9217727901806023,
                0.38268343236508984
            ]
        },
        "2": {
            "type": "line",
            "start": [
                60.185419990029,
                -120.7881264238,
                5.0
            ],
            "end": [
                43.98597098735277,
                118.67765829049027,
                5.0
            ],
            "length": 240.01309171964166,
            "solid_ids": [
                1,
                2
            ],
            "preferred_normal": [
                0.9217727901806023,
                0.062356345915559726,
                0.38268343236508984
            ]
        },
        "3": {
            "type": "line",
            "start": [
                50.402137881712,
                -121.4499486536,
                5.0
            ],
            "end": [
                34.20268887903309,
                118.01583606072998,
                5.0
            ],
            "length": 240.01309171968146,
            "solid_ids": [
                1,
                2
            ],
            "preferred_normal": [
                -0.9217727901806023,
                -0.062356345915559726,
                0.38268343236508984
            ]
        },
        "4": {
            "type": "line",
            "start": [
                43.985970987349,
                118.67765829049,
                5.0
            ],
            "end": [
                34.20268887903345,
                118.01583606072326,
                5.0
            ],
            "length": 9.805642124547505,
            "solid_ids": [
                1,
                2
            ],
            "preferred_normal": [
                -0.062356345915559726,
                0.9217727901806023,
                0.38268343236508984
            ]
        },
        "5": {
            "type": "line",
            "start": [
                -108.8666265469,
                -59.67750844487,
                15.0
            ],
            "end": [
                -108.8666265469,
                -59.67750844487,
                51.546881669309
            ],
            "length": 36.546881669309,
            "solid_ids": [
                3,
                5
            ],
            "preferred_normal": [
                0.4441671370348545,
                -0.8959439460023494,
                0.0
            ]
        },
        "6": {
            "type": "line",
            "start": [
                -108.86662654691976,
                -59.67750844487136,
                15.0
            ],
            "end": [
                -109.24262001326618,
                -54.11944468287449,
                15.0
            ],
            "length": 5.570766901348322,
            "solid_ids": [
                3,
                5
            ],
            "preferred_normal": [
                0.3818107911192949,
                0.025828844178252996,
                -0.9238795325112867
            ]
        },
        "7": {
            "type": "line",
            "start": [
                -108.8666265469,
                -59.67750844487,
                51.546881669309
            ],
            "end": [
                -109.24262001324641,
                -54.11944468287314,
                51.546881669309
            ],
            "length": 5.570766901348315,
            "solid_ids": [
                3,
                5
            ],
            "preferred_normal": [
                0.3818107911192949,
                0.025828844178252996,
                0.9238795325112867
            ]
        },
        "8": {
            "type": "line",
            "start": [
                -109.2426200132,
                -54.11944468287,
                15.0
            ],
            "end": [
                -109.2426200132,
                -54.11944468287,
                51.546881669309
            ],
            "length": 36.546881669309,
            "solid_ids": [
                3,
                5
            ],
            "preferred_normal": [
                0.31945444520373517,
                0.9476016343588554,
                0.0
            ]
        },
        "9": {
            "type": "line",
            "start": [
                35.53963811781582,
                -49.908672688667345,
                5.0
            ],
            "end": [
                -98.88942976159001,
                -59.002568220289746,
                5.0
            ],
            "length": 134.7363099794037,
            "solid_ids": [
                1,
                5
            ],
            "preferred_normal": [
                0.062356345915559726,
                -0.9217727901806023,
                0.38268343236508984
            ]
        },
        "10": {
            "type": "line",
            "start": [
                35.53963811781813,
                -49.90867268866986,
                5.0
            ],
            "end": [
                35.1636446514715,
                -44.35060892666984,
                5.0
            ],
            "length": 5.570766901351477,
            "solid_ids": [
                1,
                5
            ],
            "preferred_normal": [
                0.9217727901806023,
                0.062356345915559726,
                0.3826834323650898
            ]
        },
        "11": {
            "type": "line",
            "start": [
                -98.88942976158852,
                -59.00256822028991,
                5.0
            ],
            "end": [
                -99.26542322793512,
                -53.444504458290346,
                5.0
            ],
            "length": 5.570766901351021,
            "solid_ids": [
                1,
                5
            ],
            "preferred_normal": [
                -0.9217727901806023,
                -0.062356345915559726,
                0.38268343236508984
            ]
        },
        "12": {
            "type": "line",
            "start": [
                35.16364465146882,
                -44.35060892666741,
                5.0
            ],
            "end": [
                -99.26542322793003,
                -53.444504458289344,
                5.0
            ],
            "length": 134.7363099793967,
            "solid_ids": [
                1,
                5
            ],
            "preferred_normal": [
                -0.062356345915559726,
                0.9217727901806023,
                0.38268343236508984
            ]
        },
        "13": {
            "type": "line",
            "start": [
                25.396541066992494,
                100.0300501844327,
                5.0
            ],
            "end": [
                -109.03252681239941,
                90.93615465281124,
                5.0
            ],
            "length": 134.73630997938974,
            "solid_ids": [
                1,
                4
            ],
            "preferred_normal": [
                0.062356345915559726,
                -0.9217727901806023,
                0.38268343236508984
            ]
        },
        "14": {
            "type": "line",
            "start": [
                25.396541066989414,
                100.03005018443982,
                5.0
            ],
            "end": [
                24.889427137002336,
                107.5263813969299,
                5.0
            ],