{
    "contact_edges": {
        "1": {
            "type": "line",
            "start": [
                135.18948475136,
                29.849706154209,
                5.0
            ],
            "end": [
                29.29245892799742,
                -138.50868775825313,
                5.0
            ],
            "length": 198.89376279566358,
            "solid_ids": [
                1,
                2
            ],
            "preferred_normal": [
                0.7820399799162925,
                -0.4919012709942907,
                0.38268343236508984
            ]
        },
        "2": {
            "type": "line",
            "start": [
                135.18948475136,
                29.849706154209,
                5.0
            ],
            "end": [
                122.56399193899529,
                37.79111084044542,
                5.0
            ],
            "length": 14.91539396548582,
            "solid_ids": [
                1,
                2
            ],
            "preferred_normal": [
                0.4919012709942907,
                0.7820399799162925,
                0.38268343236508984
            ]
        },
        "3": {
            "type": "line",
            "start": [
                29.292458928072,
                -138.5086877583,
                5.0
            ],
            "end": [
                16.66696611567843,
                -130.56728307204543,
                5.0
            ],
            "length": 14.915393965519911,
            "solid_ids": [
                1,
                2
            ],
            "preferred_normal": [
                -0.4919012709942907,
                -0.7820399799162925,
                0.38268343236508984
            ]
        },
        "4": {
            "type": "line",
            "start": [
                122.56399193899,
                37.791110840437,
                5.0
            ],
            "end": [
                16.66696611566127,
                -130.5672830719713,
                5.0
            ],
            "length": 198.8937627956,
            "solid_ids": [
                1,
                2
            ],
            "preferred_normal": [
                -0.7820399799162925,
                0.4919012709942907,
                0.38268343236508984
            ]
        },
        "5": {
            "type": "line",
            "start": [
                -8.119480669239,
                102.06128566136,
                15.0
            ],
            "end": [
                -8.119480669239,
                102.06128566136,
                58.219030871152
            ],
            "length": 43.219030871152,
            "solid_ids": [
                3,
                5
            ],
            "preferred_normal": [
                0.815832836993602,
                0.5782878021218938,
                0.0
            ]
        },
        "6": {
            "type": "line",
            "start": [
                -8.11948066929909,
                102.06128566139776,
                15.0
            ],
            "end": [
                -12.947549872106444,
                94.38547068583175,
                15.0
            ],
            "length": 9.067986974308042,
            "solid_ids": [
                3,
                5
            ],
            "preferred_normal": [
                0.8464739745782155,
                -0.5324300990381355,
                0.0
            ]
        },
        "7": {
            "type": "line",
            "start": [
                -8.119480669239,
                102.06128566136,
                58.219030871152
            ],
            "end": [
                -12.947549872046352,
                94.38547068579399,
                58.219030871152
            ],
            "length": 9.06798697430804,
            "solid_ids": [
                3,
                5
            ],
            "preferred_normal": [
                0.32393156599931133,
                -0.20375217779439844,
                0.9238795325112866
            ]
        },
        "8": {
            "type": "line",
            "start": [
                -12.94754987204,
                94.38547068579,
                15.0
            ],
            "end": [
                -12.94754987204,
                94.38547068579,
                58.219030871152
            ],
            "length": 43.219030871152,
            "solid_ids": [
                3,
                5
            ],
            "preferred_normal": [
                -0.1679697049949793,
                -0.9857921577106908,
                0.0
            ]
        },
        "9": {
            "type": "line",
            "start": [
                106.01867561916136,
                30.268659211302147,
                5.0
            ],
            "end": [
                0.3452590765801527,
                96.73698467104232,
                5.0
            ],
            "length": 124.83953401548654,
            "solid_ids": [
                1,
                5
            ],
            "preferred_normal": [
                0.4919012709942907,
                0.7820399799162925,
                0.38268343236508984
            ]
        },
        "10": {
            "type": "line",
            "start": [
                106.0186756190999,
                30.268659211337763,
                5.0
            ],
            "end": [
                101.19060641628775,
                22.592844235764122,
                5.0
            ],
            "length": 9.06798697431705,
            "solid_ids": [
                1,
                5
            ],
            "preferred_normal": [
                0.7820399799162925,
                -0.4919012709942907,
                0.38268343236508984
            ]
        },
        "11": {
            "type": "line",
            "start": [
                0.34525907648499843,
                96.73698467102632,
                5.0
            ],
            "end": [
                -4.482810126326305,
                89.06116969545403,
                5.0
            ],
            "length": 9.067986974315462,
            "solid_ids": [
                1,
                5
            ],
            "preferred_normal": [
                -0.7820399799162925,
                0.4919012709942907,
                0.38268343236508984
            ]
        },
        "12": {
            "type": "line",
            "start": [
                101.19060641635134,
                22.592844235727153,
                5.0
            ],
            "end": [
                -4.482810126227705,
                89.06116969546598,
                5.0
            ],
            "length": 124.83953401548399,
            "solid_ids": [
                1,
                5
            ],
            "preferred_normal": [
                -0.4919012709942907,
                -0.7820399799162925,
                0.38268343236508984
            ]
        },
        "13": {
            "type": "line",
            "start": [
                59.636002090612415,
                -43.47196154669774,
                5.0
            ],
            "end": [
                -46.03741445196349,
                22.9963639130391,
                5.0
            ],
            "length": 124.83953401548028,
            "solid_ids": [
                1,
                4
            ],
            "preferred_normal": [
                0.4919012709942907,
                0.7820399799162925,
                0.38268343236508984
            ]
        },
        "14": {
            "type": "line",
            "start": [
                59.63600209055198,
                -43.47196154666294,
                5.0
            ],
            "end": [
                55.04607428629458,
                -50.76917190069017,
                5.0
            ],
            "length": 8.620714367105393,