{
    "contact_edges": {
        "1": {
            "type": "line",
            "start": [
                41.055737813267,
                60.189749928322,
                5.0
            ],
            "end": [
                27.806384286483006,
                -88.51850614867037,
                5.0
            ],
            "length": 149.2973234667589,
            "solid_ids": [
                1,
                2
            ],
            "preferred_normal": [
                0.9202342742304419,
                -0.08198945740060358,
                0.38268343236508984
            ]
        },
        "2": {
            "type": "line",
            "start": [
                41.055737813267,
                60.189749928322,
                5.0
            ],
            "end": [
                24.793184343284004,
                61.63868306664403,
                5.0
            ],
            "length": 16.326973161103187,
            "solid_ids": [
                1,
                2
            ],
            "preferred_normal": [
                0.0819894574006036,
                0.920234274230442,
                0.3826834323650899
            ]
        },
        "3": {
            "type": "line",
            "start": [
                27.806384286479,
                -88.51850614867,
                5.0
            ],
            "end": [
                11.54383081649618,
                -87.06957301034798,
                5.0
            ],
            "length": 16.32697316110301,
            "solid_ids": [
                1,
                2
            ],
            "preferred_normal": [
                -0.0819894574006036,
                -0.920234274230442,
                0.3826834323650899
            ]
        },
        "4": {
            "type": "line",
            "start": [
                24.793184343284,
                61.638683066644,
                5.0
            ],
            "end": [
                11.54383081649983,
                -87.06957301035035,
                5.0
            ],
            "length": 149.2973234667609,
            "solid_ids": [
                1,
                2
            ],
            "preferred_normal": [
                -0.9202342742304419,
                0.08198945740060358,
                0.38268343236508984
            ]
        }
    }
}