{
    "contact_edges": {
        "1": {
            "type": "line",
            "start": [
                128.85483157925,
                24.053406276781,
                5.0
            ],
            "end": [
                10.947547331224984,
                -84.78619314854953,
                5.0
            ],
            "length": 160.462413299224,
            "solid_ids": [
                1,
                2
            ],
            "preferred_normal": [
                0.6266556520515472,
                -0.6788638187038132,
                0.3826834323650898
            ]
        },
        "2": {
            "type": "line",
            "start": [
                128.85483157925,
                24.053406276781,
                5.0
            ],
            "end": [
                121.6971065262984,
                31.80745835749052,
                5.0
            ],
            "length": 10.552646663468208,
            "solid_ids": [
                1,
                2
            ],
            "preferred_normal": [
                0.6788638187038133,
                0.6266556520515473,
                0.38268343236508984
            ]
        },
        "3": {
            "type": "line",
            "start": [
                10.947547331207,
                -84.78619314853,
                5.0
            ],
            "end": [
                3.789822278255894,
                -77.03214106782103,
                5.0
            ],
            "length": 10.552646663467467,
            "solid_ids": [
                1,
                2
            ],
            "preferred_normal": [
                -0.6788638187038133,
                -0.6266556520515473,
                0.38268343236508984
            ]
        },
        "4": {
            "type": "line",
            "start": [
                121.6971065263,
                31.807458357492,
                5.0
            ],
            "end": [
                3.789822278274484,
                -77.03214106783899,
                5.0
            ],
            "length": 160.46241329922466,
            "solid_ids": [
                1,
                2
            ],
            "preferred_normal": [
                -0.6266556520515472,
                0.6788638187038132,
                0.3826834323650898
            ]
        },
        "5": {
            "type": "line",
            "start": [
                28.09386316506484,
                -40.98800490920199,
                5.0
            ],
            "end": [
                -69.67859033551814,
                64.9301032737383,
                5.0
            ],
            "length": 144.14610055279573,
            "solid_ids": [
                1,
                3
            ],
            "preferred_normal": [
                0.6788638187038133,
                0.6266556520515473,
                0.38268343236508984
            ]
        },
        "6": {
            "type": "line",
            "start": [
                28.093863165088127,
                -40.98800490922291,
                5.0
            ],
            "end": [
                20.75921571674461,
                -47.758579732441284,
                5.0
            ],
            "length": 9.981870397289809,
            "solid_ids": [
                1,
                3
            ],
            "preferred_normal": [
                0.6266556520515472,
                -0.6788638187038132,
                0.3826834323650898
            ]
        },
        "7": {
            "type": "line",
            "start": [
                -69.6785903355,
                64.930103273755,
                5.0
            ],
            "end": [
                -77.01323778383993,
                58.15952845053993,
                5.0
            ],
            "length": 9.98187039728492,
            "solid_ids": [
                1,
                3
            ],
            "preferred_normal": [
                -0.6266556520515472,
                0.6788638187038132,
                0.3826834323650898
            ]
        },
        "8": {
            "type": "line",
            "start": [
                20.75921571672284,
                -47.75857973242199,
                5.0
            ],
            "end": [
                -77.01323778386171,
                58.159528450520014,
                5.0
            ],
            "length": 144.1461005527981,
            "solid_ids": [
                1,
                3
            ],
            "preferred_normal": [
                -0.6788638187038133,
                -0.6266556520515473,
                0.38268343236508984
            ]
        },
        "9": {
            "type": "line",
            "start": [
                34.876735065563,
                -48.33597393346,
                15.0
            ],
            "end": [
                34.876735065563,
                -48.33597393346,
                85.890808063361
            ],
            "length": 70.890808063361,
            "solid_ids": [
                2,
                3
            ],
            "preferred_normal": [
                0.4192945486863072,
                0.9078502527630568,
                0.0
            ]
        },
        "10": {
            "type": "line",
            "start": [
                34.876735065580355,
                -48.33597393347883,
                15.0
            ],
            "end": [
                27.542087617236838,
                -55.106548756697215,
                15.0
            ],
            "length": 9.981870397289814,
            "solid_ids": [
                2,
                3
            ],
            "preferred_normal": [
                -0.25956927001750596,
                0.28119460071150926,
                -0.9238795325112868
            ]
        },
        "11": {
            "type": "line",
            "start": [
                34.876735065563,
                -48.33597393346,
                85.890808063361
            ],
            "end": [
                27.54208761721949,
                -55.106548756678364,
                85.890808063361
            ],
            "length": 9.981870397289796,
            "solid_ids": [
                2,
                3
            ],
            "preferred_normal": [
                -0.2595692700175062,
                0.28119460071150953,
                0.9238795325112867
            ]
        },
        "12": {
            "type": "line",
            "start": [
                27.542087617221,
                -55.10654875668,
                15.0
            ],
            "end": [
                27.542087617221,
                -55.10654875668,
                85.890808063361
            ],
            "length": 70.890808063361,
            "solid_ids": [
                2,
                3
            ],
            "preferred_normal": [
                -0.9384330887213194,
                -0.34546105134003785,
                0.0
            ]
        }
    }
}