{
    "contact_edges": {
        "1": {
            "type": "line",
            "start": [
                175.57577330375,
                -151.4777083829,
                5.0
            ],
            "end": [
                10.065018752962313,
                -179.41659302283725,
                5.0
            ],
            "length": 167.85228966831167,
            "solid_ids": [
                1,
                2
            ],
            "preferred_normal": [
                0.15377903829038433,
                -0.9109914368289959,
                0.38268343236508984
            ]
        },
        "2": {
            "type": "line",
            "start": [
                175.57577330375,
                -151.4777083829,
                5.0
            ],
            "end": [
                174.22539836748902,
                -143.47804850000185,
                5.0
            ],
            "length": 8.112833704109311,
            "solid_ids": [
                1,
                2
            ],
            "preferred_normal": [
                0.9109914368289959,
                0.15377903829038433,
                0.38268343236508984
            ]
        },
        "3": {
            "type": "line",
            "start": [
                10.065018752956,
                -179.4165930228,
                5.0
            ],
            "end": [
                8.714643816694977,
                -171.41693313990154,
                5.0
            ],
            "length": 8.1128337041096,
            "solid_ids": [
                1,
                2
            ],
            "preferred_normal": [
                -0.9109914368289959,
                -0.15377903829038433,
                0.38268343236508984
            ]
        },
        "4": {
            "type": "line",
            "start": [
                174.2253983675,
                -143.4780485,
                5.0
            ],
            "end": [
                8.714643816710373,
                -171.41693313993756,
                5.0
            ],
            "length": 167.85228966831363,
            "solid_ids": [
                1,
                2
            ],
            "preferred_normal": [
                -0.15377903829038433,
                0.9109914368289959,
                0.38268343236508984
            ]
        },
        "5": {
            "type": "line",
            "start": [
                121.44899362876,
                120.848484991,
                5.0
            ],
            "end": [
                -131.4833059037891,
                78.15249005379181,
                5.0
            ],
            "length": 256.510616019106,
            "solid_ids": [
                1,
                3
            ],
            "preferred_normal": [
                0.15377903829038433,
                -0.9109914368289959,
                0.38268343236508984
            ]
        },
        "6": {
            "type": "line",
            "start": [
                121.44899362876,
                120.848484991,
                5.0
            ],
            "end": [
                119.52767384780344,
                132.2304385219906,
                5.0
            ],
            "length": 11.542977773621688,
            "solid_ids": [
                1,
                3
            ],
            "preferred_normal": [
                0.9109914368289959,
                0.15377903829038433,
                0.38268343236508984
            ]
        },
        "7": {
            "type": "line",
            "start": [
                -131.4833059038,
                78.152490053856,
                5.0
            ],
            "end": [
                -133.40462568475357,
                89.53444358482896,
                5.0
            ],
            "length": 11.542977773603806,
            "solid_ids": [
                1,
                3
            ],
            "preferred_normal": [
                -0.9109914368289959,
                -0.15377903829038433,
                0.38268343236508984
            ]
        },
        "8": {
            "type": "line",
            "start": [
                119.5276738478,
                132.23043852199,
                5.0
            ],
            "end": [
                -133.40462568469215,
                89.53444358479142,
                5.0
            ],
            "length": 256.51061601904826,
            "solid_ids": [
                1,
                3
            ],
            "preferred_normal": [
                -0.15377903829038433,
                0.9109914368289959,
                0.38268343236508984
            ]
        },
        "9": {
            "type": "line",
            "start": [
                182.22714803557,
                35.034702758628,
                5.0
            ],
            "end": [
                -99.03639483392841,
                -12.443720616208575,
                5.0
            ],
            "length": 285.242670779921,
            "solid_ids": [
                1,
                4
            ],
            "preferred_normal": [
                0.15377903829038433,
                -0.9109914368289959,
                0.38268343236508984
            ]
        },
        "10": {
            "type": "line",
            "start": [
                182.22714803557,
                35.034702758628,
                5.0
            ],
            "end": [
                179.90778131962006,
                48.774697757860004,
                5.0
            ],
            "length": 13.934379230592832,
            "solid_ids": [
                1,
                4
            ],
            "preferred_normal": [
                0.9109914368289959,
                0.15377903829038433,
                0.38268343236508984
            ]
        },
        "11": {
            "type": "line",
            "start": [
                -99.03639483394,
                -12.44372061614,
                5.0
            ],
            "end": [
                -101.3557615498868,
                1.2962743830733499,
                5.0
            ],
            "length": 13.934379230573915,
            "solid_ids": [
                1,
                4
            ],
            "preferred_normal": [
                -0.9109914368289959,
                -0.15377903829038433,
                0.38268343236508984
            ]
        },
        "12": {
            "type": "line",
            "start": [
                179.90778131962,
                48.77469775786,
                5.0
            ],
            "end": [
                -101.3557615497916,
                1.2962743830380765,
                5.0
            ],
            "length": 285.24267077983296,
            "solid_ids": [
                1,
                4
            ],
            "preferred_normal": [
                -0.15377903829038433,
                0.9109914368289959,
                0.38268343236508984
            ]
        }
    }
}