{
    "contact_edges": {
        "1": {
            "type": "line",
            "start": [
                -140.5902718485,
                -62.55809275204,
                5.0
            ],
            "end": [
                -144.33005410313936,
                -49.91016998609164,
                5.0
            ],
            "length": 13.189235065215502,
            "solid_ids": [
                1,
                2
            ],
            "preferred_normal": [
                -0.8859616887912602,
                -0.2619642658597008,
                0.3826834323650899
            ]
        },
        "2": {
            "type": "line",
            "start": [
                -140.5902718485,
                -62.55809275204,
                5.0
            ],
            "end": [
                116.13176739403488,
                13.350382062406604,
                5.0
            ],
            "length": 267.70936102703075,
            "solid_ids": [
                1,
                2
            ],
            "preferred_normal": [
                0.2619642658597008,
                -0.8859616887912602,
                0.3826834323650899
            ]
        },
        "3": {
            "type": "line",
            "start": [
                -144.3300541031,
                -49.91016998608,
                5.0
            ],
            "end": [
                112.3919851393981,
                25.99830482835572,
                5.0
            ],
            "length": 267.7093610269924,
            "solid_ids": [
                1,
                2
            ],
            "preferred_normal": [
                -0.2619642658597008,
                0.8859616887912602,
                0.3826834323650899
            ]
        },
        "4": {
            "type": "line",
            "start": [
                116.13176739403,
                13.350382062423,
                5.0
            ],
            "end": [
                112.39198513938744,
                25.998304828382242,
                5.0
            ],
            "length": 13.18923506522685,
            "solid_ids": [
                1,
                2
            ],
            "preferred_normal": [
                0.8859616887912602,
                0.2619642658597008,
                0.3826834323650899
            ]
        },
        "5": {
            "type": "line",
            "start": [
                -130.9414469603,
                72.359993977471,
                5.0
            ],
            "end": [
                -134.84648115268885,
                85.56679787693629,
                5.0
            ],
            "length": 13.772035480736227,
            "solid_ids": [
                1,
                3
            ],
            "preferred_normal": [
                -0.8859616887912602,
                -0.2619642658597008,
                0.3826834323650899
            ]
        },
        "6": {
            "type": "line",
            "start": [
                -130.9414469603,
                72.359993977471,
                5.0
            ],
            "end": [
                72.67891398029333,
                132.56717792541875,
                5.0
            ],
            "length": 212.33500980412893,
            "solid_ids": [
                1,
                3
            ],
            "preferred_normal": [
                0.2619642658597008,
                -0.8859616887912602,
                0.3826834323650899
            ]
        },
        "7": {
            "type": "line",
            "start": [
                -134.8464811527,
                85.566797876933,
                5.0
            ],
            "end": [
                68.77387978790382,
                145.77398182488383,
                5.0
            ],
            "length": 212.33500980413984,
            "solid_ids": [
                1,
                3
            ],
            "preferred_normal": [
                -0.2619642658597008,
                0.8859616887912602,
                0.3826834323650899
            ]
        },
        "8": {
            "type": "line",
            "start": [
                72.67891398029,
                132.56717792543,
                5.0
            ],
            "end": [
                68.77387978790264,
                145.7739818248902,
                5.0
            ],
            "length": 13.772035480730926,
            "solid_ids": [
                1,
                3
            ],
            "preferred_normal": [
                0.8859616887912602,
                0.2619642658597008,
                0.3826834323650899
            ]
        }
    }
}