{
    "contact_edges": {
        "1": {
            "type": "line",
            "start": [
                69.459952053106,
                123.34440566386,
                5.0
            ],
            "end": [
                57.90232896843517,
                -40.91345970458998,
                5.0
            ],
            "length": 164.66397598372012,
            "solid_ids": [
                1,
                2
            ],
            "preferred_normal": [
                0.9216009692545563,
                -0.06484631109273727,
                0.38268343236508984
            ]
        },
        "2": {
            "type": "line",
            "start": [
                69.459952053106,
                123.34440566386,
                5.0
            ],
            "end": [
                60.40422777515019,
                123.98159066397275,
                5.0
            ],
            "length": 9.0781136213823,
            "solid_ids": [
                1,
                2
            ],
            "preferred_normal": [
                0.06484631109273727,
                0.9216009692545564,
                0.3826834323650899
            ]
        },
        "3": {
            "type": "line",
            "start": [
                57.902328968435,
                -40.91345970459,
                5.0
            ],
            "end": [
                48.84660469048019,
                -40.276274704477316,
                5.0
            ],
            "length": 9.078113621381302,
            "solid_ids": [
                1,
                2
            ],
            "preferred_normal": [
                -0.06484631109273727,
                -0.9216009692545564,
                0.3826834323650899
            ]
        },
        "4": {
            "type": "line",
            "start": [
                60.40422777515,
                123.98159066397,
                5.0
            ],
            "end": [
                48.84660469047918,
                -40.27627470447993,
                5.0
            ],
            "length": 164.66397598372006,
            "solid_ids": [
                1,
                2
            ],
            "preferred_normal": [
                -0.9216009692545563,
                0.06484631109273727,
                0.38268343236508984
            ]
        },
        "5": {
            "type": "line",
            "start": [
                -107.4076582247,
                85.96131421694,
                5.0
            ],
            "end": [
                -122.23771145492653,
                -124.8045905933981,
                5.0
            ],
            "length": 211.2870017519579,
            "solid_ids": [
                1,
                3
            ],
            "preferred_normal": [
                0.9216009692545563,
                -0.06484631109273727,
                0.38268343236508984
            ]
        },
        "6": {
            "type": "line",
            "start": [
                -107.4076582247,
                85.96131421694,
                5.0
            ],
            "end": [
                -121.21388212210016,
                86.93275708617976,
                5.0
            ],
            "length": 13.840358360726793,
            "solid_ids": [
                1,
                3
            ],
            "preferred_normal": [
                0.06484631109273727,
                0.9216009692545564,
                0.3826834323650899
            ]
        },
        "7": {
            "type": "line",
            "start": [
                -122.2377114549,
                -124.8045905934,
                5.0
            ],
            "end": [
                -136.04393535240374,
                -123.83314772415294,
                5.0
            ],
            "length": 13.840358360830631,
            "solid_ids": [
                1,
                3
            ],
            "preferred_normal": [
                -0.06484631109273727,
                -0.9216009692545564,
                0.3826834323650899
            ]
        },
        "8": {
            "type": "line",
            "start": [
                -121.2138821221,
                86.932757086182,
                5.0
            ],
            "end": [
                -136.04393535232296,
                -123.83314772410542,
                5.0
            ],
            "length": 211.28700175190704,
            "solid_ids": [
                1,
                3
            ],
            "preferred_normal": [
                -0.9216009692545563,
                0.06484631109273727,
                0.38268343236508984
            ]
        }
    }
}