{
    "contact_edges": {
        "1": {
            "type": "line",
            "start": [
                -5.853302855097,
                -130.3194518665,
                5.0
            ],
            "end": [
                -141.53155253247294,
                -11.016794070519229,
                5.0
            ],
            "length": 180.67017350050133,
            "solid_ids": [
                1,
                2
            ],
            "preferred_normal": [
                -0.6100690643970565,
                -0.693807701931143,
                0.3826834323650899
            ]
        },
        "2": {
            "type": "line",
            "start": [
                -5.853302855097,
                -130.3194518665,
                5.0
            ],
            "end": [
                1.8434761300345723,
                -121.56620596109786,
                5.0
            ],
            "length": 11.655887809446448,
            "solid_ids": [
                1,
                2
            ],
            "preferred_normal": [
                0.6938077019311429,
                -0.6100690643970565,
                0.38268343236508984
            ]
        },
        "3": {
            "type": "line",
            "start": [
                -141.5315525325,
                -11.01679407055,
                5.0
            ],
            "end": [
                -133.8347735473357,
                -2.2635481651106146,
                5.0
            ],
            "length": 11.65588780949604,
            "solid_ids": [
                1,
                2
            ],
            "preferred_normal": [
                -0.6938077019311429,
                0.6100690643970565,
                0.38268343236508984
            ]
        },
        "4": {
            "type": "line",
            "start": [
                1.843476130037,
                -121.5662059611,
                5.0
            ],
            "end": [
                -133.8347735473057,
                -2.2635481651484626,
                5.0
            ],
            "length": 180.67017350045708,
            "solid_ids": [
                1,
                2
            ],
            "preferred_normal": [
                0.6100690643970565,
                0.693807701931143,
                0.3826834323650899
            ]
        },
        "5": {
            "type": "line",
            "start": [
                -91.11064938682,
                -26.515039006000002,
                5.0
            ],
            "end": [
                44.31383920726835,
                127.49793870419718,
                5.0
            ],
            "length": 205.08483467612143,
            "solid_ids": [
                1,
                3
            ],
            "preferred_normal": [
                0.6938077019311429,
                -0.6100690643970565,
                0.38268343236508984
            ]
        },
        "6": {
            "type": "line",
            "start": [
                -91.11064938677222,
                -26.515039005945653,
                5.0
            ],
            "end": [
                -97.61921311140213,
                -20.792021848595542,
                5.0
            ],
            "length": 8.666852204860314,
            "solid_ids": [
                1,
                3
            ],
            "preferred_normal": [
                -0.6100690643970565,
                -0.693807701931143,
                0.3826834323650899
            ]
        },
        "7": {
            "type": "line",
            "start": [
                44.313839207231,
                127.49793870423,
                5.0
            ],
            "end": [
                37.80527548260166,
                133.22095586157963,
                5.0
            ],
            "length": 8.66685220485957,
            "solid_ids": [
                1,
                3
            ],
            "preferred_normal": [
                0.6100690643970565,
                0.693807701931143,
                0.3826834323650899
            ]
        },
        "8": {
            "type": "line",
            "start": [
                -97.61921311140487,
                -20.792021848689668,
                5.0
            ],
            "end": [
                37.80527548268391,
                133.22095586150803,
                5.0
            ],
            "length": 205.0848346761221,
            "solid_ids": [
                1,
                3
            ],
            "preferred_normal": [
                -0.6938077019311429,
                0.6100690643970565,
                0.38268343236508984
            ]
        },
        "9": {
            "type": "line",
            "start": [
                -97.71398935625,
                -34.02475945673,
                15.0
            ],
            "end": [
                -97.71398935625,
                -34.02475945673,
                51.990758509338
            ],
            "length": 36.990758509338,
            "solid_ids": [
                2,
                3
            ],
            "preferred_normal": [
                0.9465065823886689,
                -0.3226845045782673,
                0.0
            ]
        },
        "10": {
            "type": "line",
            "start": [
                -97.71398935618693,
                -34.02475945665823,
                15.0
            ],
            "end": [
                -104.2225530807717,
                -28.301742299347794,
                15.0
            ],
            "length": 8.666852204800222,
            "solid_ids": [
                2,
                3
            ],
            "preferred_normal": [
                0.25269888045752575,
                0.2873845598187891,
                -0.9238795325112868
            ]
        },
        "11": {
            "type": "line",
            "start": [
                -97.71398935625,
                -34.02475945673,
                51.990758509338
            ],
            "end": [
                -104.22255308083479,
                -28.30174229941956,
                51.990758509338
            ],
            "length": 8.666852204800238,
            "solid_ids": [
                2,
                3
            ],
            "preferred_normal": [
                0.25269888045752603,
                0.28738455981878935,
                0.9238795325112866
            ]
        },
        "12": {
            "type": "line",
            "start": [
                -104.2225530808,
                -28.30174229938,
                15.0
            ],
            "end": [
                -104.2225530808,
                -28.30174229938,
                51.990758509338
            ],
            "length": 36.990758509338,
            "solid_ids": [
                2,
                3
            ],
            "preferred_normal": [
                -0.441108821473617,
                0.8974536242158457,
                0.0
            ]
        }
    }
}