{
    "contact_edges": {
        "1": {
            "type": "line",
            "start": [
                95.946497654861,
                -103.0496940422,
                5.0
            ],
            "end": [
                81.74812092166879,
                -109.61531189793848,
                5.0
            ],
            "length": 15.642929383118947,
            "solid_ids": [
                1,
                2
            ],
            "preferred_normal": [
                0.3877687999891742,
                -0.8385635028715652,
                0.38268343236508984
            ]
        },
        "2": {
            "type": "line",
            "start": [
                95.946497654861,
                -103.0496940422,
                5.0
            ],
            "end": [
                11.658596736476001,
                79.22582024823708,
                5.0
            ],
            "length": 200.82035093852122,
            "solid_ids": [
                1,
                2
            ],
            "preferred_normal": [
                0.8385635028715651,
                0.38776879998917413,
                0.3826834323650898
            ]
        },
        "3": {
            "type": "line",
            "start": [
                81.748120921651,
                -109.6153118979,
                5.0
            ],
            "end": [
                -2.539779996713062,
                72.66020239249178,
                5.0
            ],
            "length": 200.8203509384713,
            "solid_ids": [
                1,
                2
            ],
            "preferred_normal": [
                -0.8385635028715651,
                -0.38776879998917413,
                0.3826834323650898
            ]
        },
        "4": {
            "type": "line",
            "start": [
                11.658596736385,
                79.225820248195,
                5.0
            ],
            "end": [
                -2.5397799968281642,
                72.66020239244683,
                5.0
            ],
            "length": 15.642929383142025,
            "solid_ids": [
                1,
                2
            ],
            "preferred_normal": [
                -0.3877687999891742,
                0.8385635028715652,
                0.38268343236508984
            ]
        },
        "5": {
            "type": "line",
            "start": [
                14.047206467440917,
                12.9647426306165,
                5.0
            ],
            "end": [
                -45.455216069132504,
                -14.550386401882978,
                5.0
            ],
            "length": 65.55624007976675,
            "solid_ids": [
                1,
                3
            ],
            "preferred_normal": [
                0.3877687999891742,
                -0.8385635028715652,
                0.38268343236508984
            ]
        },
        "6": {
            "type": "line",
            "start": [
                14.047206467479658,
                12.964742630628956,
                5.0
            ],
            "end": [
                12.558010226240821,
                16.18518124392449,
                5.0
            ],
            "length": 3.548088260870174,
            "solid_ids": [
                1,
                3
            ],
            "preferred_normal": [
                0.8385635028715653,
                0.38776879998917413,
                0.3826834323650898
            ]
        },
        "7": {
            "type": "line",
            "start": [
                -45.45521606912,
                -14.55038640191,
                5.0
            ],
            "end": [
                -46.94441231035693,
                -11.329947788618583,
                5.0
            ],
            "length": 3.548088260865639,
            "solid_ids": [
                1,
                3
            ],
            "preferred_normal": [
                -0.8385635028715651,
                -0.38776879998917413,
                0.3826834323650898
            ]
        },
        "8": {
            "type": "line",
            "start": [
                12.558010226200919,
                16.1851812439115,
                5.0
            ],
            "end": [
                -46.94441231037441,
                -11.329947788588862,
                5.0
            ],
            "length": 65.55624007976886,
            "solid_ids": [
                1,
                3
            ],
            "preferred_normal": [
                -0.3877687999891742,
                0.8385635028715652,
                0.38268343236508984
            ]
        },
        "9": {
            "type": "line",
            "start": [
                23.123752417022,
                17.161921876867,
                15.0
            ],
            "end": [
                23.123752417022,
                17.161921876867,
                71.445216789865
            ],
            "length": 56.445216789865,
            "solid_ids": [
                2,
                3
            ],
            "preferred_normal": [
                0.04042442418868201,
                -0.9991825988922213,
                0.0
            ]
        },
        "10": {
            "type": "line",
            "start": [
                23.12375241705675,
                17.161921876883078,
                15.0
            ],
            "end": [
                21.634556175817913,
                20.38236049017861,
                15.0
            ],
            "length": 3.5480882608701725,
            "solid_ids": [
                2,
                3
            ],
            "preferred_normal": [
                -0.9076545949580508,
                -0.41971792462502344,
                0.0
            ]
        },
        "11": {
            "type": "line",
            "start": [
                23.123752417022,
                17.161921876867,
                71.445216789865
            ],
            "end": [
                21.63455617578316,
                20.382360490162537,
                71.445216789865
            ],
            "length": 3.548088260870177,
            "solid_ids": [
                2,
                3
            ],
            "preferred_normal": [
                -0.3473443758004922,
                -0.16061909602065602,
                0.9238795325112867
            ]
        },
        "12": {
            "type": "line",
            "start": [
                21.634556175782,
                20.382360490162,
                15.0
            ],
            "end": [
                21.634556175782,
                20.382360490162,
                71.445216789865
            ],
            "length": 56.445216789865,
            "solid_ids": [
                2,
                3
            ],
            "preferred_normal": [
                -0.7351131757896663,
                0.6779444068509092,
                0.0
            ]
        }
    }
}