{
    "contact_edges": {
        "1": {
            "type": "line",
            "start": [
                -31.79427472098,
                -82.17776912796,
                5.0
            ],
            "end": [
                -48.828464231850035,
                -81.47198889466077,
                5.0
            ],
            "length": 17.048804592403265,
            "solid_ids": [
                1,
                2
            ],
            "preferred_normal": [
                -0.038246430033385063,
                -0.9230875371182167,
                0.38268343236508984
            ]
        },
        "2": {
            "type": "line",
            "start": [
                -31.79427472098,
                -82.17776912796,
                5.0
            ],
            "end": [
                -23.056790979033384,
                128.70367368706016,
                5.0
            ],
            "length": 211.06237596001188,
            "solid_ids": [
                1,
                2
            ],
            "preferred_normal": [
                0.9230875371182167,
                -0.038246430033385063,
                0.38268343236508984
            ]
        },
        "3": {
            "type": "line",
            "start": [
                -48.82846423185,
                -81.47198889466,
                5.0
            ],
            "end": [
                -40.09098048990338,
                129.40945392036016,
                5.0
            ],
            "length": 211.06237596001188,
            "solid_ids": [
                1,
                2
            ],
            "preferred_normal": [
                -0.9230875371182167,
                0.038246430033385063,
                0.38268343236508984
            ]
        },
        "4": {
            "type": "line",
            "start": [
                -23.05679097903,
                128.70367368706,
                5.0
            ],
            "end": [
                -40.09098048990003,
                129.40945392035923,
                5.0
            ],
            "length": 17.04880459240326,
            "solid_ids": [
                1,
                2
            ],
            "preferred_normal": [
                0.038246430033385063,
                0.9230875371182167,
                0.38268343236508984
            ]
        },
        "5": {
            "type": "line",
            "start": [
                81.998969902591,
                70.862887691541,
                5.0
            ],
            "end": [
                -15.277741887380015,
                74.89336887750508,
                5.0
            ],
            "length": 97.360173763503,
            "solid_ids": [
                1,
                3
            ],
            "preferred_normal": [
                -0.038246430033385063,
                -0.9230875371182167,
                0.38268343236508984
            ]
        },
        "6": {
            "type": "line",
            "start": [
                81.998969902591,
                70.862887691541,
                5.0
            ],
            "end": [
                82.40937830950526,
                80.76820134357098,
                5.0
            ],
            "length": 9.913812263985903,
            "solid_ids": [
                1,
                3
            ],
            "preferred_normal": [
                0.9230875371182167,
                -0.038246430033385063,
                0.38268343236508984
            ]
        },
        "7": {
            "type": "line",
            "start": [
                -15.277741887377056,
                74.8933688775049,
                5.0
            ],
            "end": [
                -14.867333480462783,
                84.79868252953514,
                5.0
            ],
            "length": 9.913812263986173,
            "solid_ids": [
                1,
                3
            ],
            "preferred_normal": [
                -0.9230875371182167,
                0.038246430033385063,
                0.38268343236508984
            ]
        },
        "8": {
            "type": "line",
            "start": [
                82.409378309505,
                80.768201343571,
                5.0
            ],
            "end": [
                -14.867333480460022,
                84.79868252953483,
                5.0
            ],
            "length": 97.36017376349699,
            "solid_ids": [
                1,
                3
            ],
            "preferred_normal": [
                0.038246430033385063,
                0.9230875371182167,
                0.38268343236508984
            ]
        },
        "9": {
            "type": "line",
            "start": [
                -25.26916939102,
                75.307345253077,
                15.0
            ],
            "end": [
                -25.26916939102,
                75.307345253077,
                68.626368779698
            ],
            "length": 53.626368779698,
            "solid_ids": [
                2,
                3
            ],
            "preferred_normal": [
                0.344108947098558,
                -0.9389297271503985,
                0.0
            ]
        },
        "10": {
            "type": "line",
            "start": [
                -25.26916939101739,
                75.30734525307692,
                15.0
            ],
            "end": [
                -24.858760984103114,
                85.21265890510716,
                15.0
            ],
            "length": 9.913812263986173,
            "solid_ids": [
                2,
                3
            ],
            "preferred_normal": [
                0.38235537713194306,
                -0.015842190032181753,
                -0.9238795325112868
            ]
        },
        "11": {
            "type": "line",
            "start": [
                -25.26916939102,
                75.307345253077,
                68.626368779698
            ],
            "end": [
                -24.858760984105725,
                85.21265890510725,
                68.626368779698
            ],
            "length": 9.913812263986173,
            "solid_ids": [
                2,
                3
            ],
            "preferred_normal": [
                0.3823553771319433,
                -0.015842190032181763,
                0.9238795325112867
            ]
        },
        "12": {
            "type": "line",
            "start": [
                -24.8587609841,
                85.212658905107,
                15.0
            ],
            "end": [
                -24.8587609841,
                85.212658905107,
                68.626368779698
            ],
            "length": 53.626368779698,
            "solid_ids": [
                2,
                3
            ],
            "preferred_normal": [
                0.42060180716532825,
                0.907245347086035,
                0.0
            ]
        }
    }
}