{
    "contact_edges": {
        "1": {
            "type": "line",
            "start": [
                81.513274352576,
                58.043969181201,
                5.0
            ],
            "end": [
                76.427685736166,
                41.97625944375278,
                5.0
            ],
            "length": 16.853323345330065,
            "solid_ids": [
                1,
                2
            ],
            "preferred_normal": [
                0.880813110660103,
                -0.2787860374598173,
                0.3826834323650898
            ]
        },
        "2": {
            "type": "line",
            "start": [
                81.513274352576,
                58.043969181201,
                5.0
            ],
            "end": [
                -123.46121119983397,
                122.92041563270284,
                5.0
            ],
            "length": 214.9964953938778,
            "solid_ids": [
                1,
                2
            ],
            "preferred_normal": [
                0.2787860374598173,
                0.8808131106601031,
                0.3826834323650899
            ]
        },
        "3": {
            "type": "line",
            "start": [
                76.427685736159,
                41.976259443755,
                5.0
            ],
            "end": [
                -128.54679981632526,
                106.85270589528035,
                5.0
            ],
            "length": 214.9964953939557,
            "solid_ids": [
                1,
                2
            ],
            "preferred_normal": [
                -0.2787860374598173,
                -0.8808131106601031,
                0.3826834323650899
            ]
        },
        "4": {
            "type": "line",
            "start": [
                -123.4612111998,
                122.92041563281,
                5.0
            ],
            "end": [
                -128.5467998162187,
                106.85270589533428,
                5.0
            ],
            "length": 16.853323345358913,
            "solid_ids": [
                1,
                2
            ],
            "preferred_normal": [
                -0.880813110660103,
                0.2787860374598173,
                0.3826834323650898
            ]
        },
        "5": {
            "type": "line",
            "start": [
                -15.76888175627,
                -123.4583367898,
                15.0
            ],
            "end": [
                -15.76888175627,
                -123.4583367898,
                50.349394054632
            ],
            "length": 35.349394054632,
            "solid_ids": [
                3,
                5
            ],
            "preferred_normal": [
                0.9962900683762133,
                0.0860586988916312,
                0.0
            ]
        },
        "6": {
            "type": "line",
            "start": [
                -15.768881756320491,
                -123.45833678995933,
                15.0
            ],
            "end": [
                -22.171622899997946,
                -121.43180606428808,
                15.0
            ],
            "length": 6.715796373850962,
            "solid_ids": [
                3,
                5
            ],
            "preferred_normal": [
                0.11547695771610965,
                0.36484473635144726,
                -0.9238795325112873
            ]
        },
        "7": {
            "type": "line",
            "start": [
                -15.76888175627,
                -123.4583367898,
                50.349394054632
            ],
            "end": [
                -22.171622899947447,
                -121.43180606412875,
                50.349394054632
            ],
            "length": 6.715796373850955,
            "solid_ids": [
                3,
                5
            ],
            "preferred_normal": [
                0.11547695771611007,
                0.3648447363514486,
                0.9238795325112866
            ]
        },
        "8": {
            "type": "line",
            "start": [
                -22.17162289997,
                -121.4318060642,
                15.0
            ],
            "end": [
                -22.17162289997,
                -121.4318060642,
                50.349394054632
            ],
            "length": 35.349394054632,
            "solid_ids": [
                3,
                5
            ],
            "preferred_normal": [
                -0.765336152943993,
                0.6436307738112658,
                0.0
            ]
        },
        "9": {
            "type": "line",
            "start": [
                37.202469980170875,
                43.90248774745077,
                5.0
            ],
            "end": [
                -12.75132343121047,
                -113.9244843809252,
                5.0
            ],
            "length": 165.54375435937814,
            "solid_ids": [
                1,
                5
            ],
            "preferred_normal": [
                0.880813110660103,
                -0.2787860374598173,
                0.3826834323650898
            ]
        },
        "10": {
            "type": "line",
            "start": [
                37.20246998014498,
                43.9024877473826,
                5.0
            ],
            "end": [
                30.7997288364391,
                45.929018473062854,
                5.0
            ],
            "length": 6.71579637388078,
            "solid_ids": [
                1,
                5
            ],
            "preferred_normal": [
                0.2787860374598173,
                0.880813110660103,
                0.3826834323650898
            ]
        },
        "11": {
            "type": "line",
            "start": [
                -12.751323431312612,
                -113.92448438097134,
                5.0
            ],
            "end": [
                -19.15406457502795,
                -111.89795365528809,
                5.0
            ],
            "length": 6.715796373890697,
            "solid_ids": [
                1,
                5
            ],
            "preferred_normal": [
                -0.2787860374598173,
                -0.880813110660103,
                0.38268343236508967
            ]
        },
        "12": {
            "type": "line",
            "start": [
                30.799728836466784,
                45.92901847313349,
                5.0
            ],
            "end": [
                -19.15406457491012,
                -111.89795365522846,
                5.0
            ],
            "length": 165.54375435936345,
            "solid_ids": [
                1,
                5
            ],
            "preferred_normal": [
                -0.880813110660103,
                0.2787860374598173,
                0.3826834323650898
            ]
        },
        "13": {
            "type": "line",
            "start": [
                -39.460897477678856,
                68.16719972013664,
                5.0
            ],
            "end": [
                -89.4146908890772,
                -89.65977240829305,
                5.0
            ],
            "length": 165.5437543594345,
            "solid_ids": [
                1,
                4
            ],
            "preferred_normal": [
                0.880813110660103,
                -0.2787860374598173,
                0.3826834323650898
            ]
        },
        "14": {
            "type": "line",
            "start": [
                -39.46089747770492,
                68.1671997200584,
                5.0
            ],
            "end": [
                -44.23811527933529,
                69.67923627455625,
                5.0
            ],
            "length": 5.010794793877696,