{
    "contact_edges": {
        "1": {
            "type": "line",
            "start": [
                -131.2842034533,
                -126.6176567943,
                5.0
            ],
            "end": [
                -131.83064622941333,
                -113.55769591810055,
                5.0
            ],
            "length": 13.07138775323519,
            "solid_ids": [
                1,
                2
            ],
            "preferred_normal": [
                -0.923071886222068,
                -0.03862231815553102,
                0.38268343236508984
            ]
        },
        "2": {
            "type": "line",
            "start": [
                -131.2842034533,
                -126.6176567943,
                5.0
            ],
            "end": [
                17.412072391239178,
                -120.39604506510389,
                5.0
            ],
            "length": 148.82637838281275,
            "solid_ids": [
                1,
                2
            ],
            "preferred_normal": [
                0.03862231815553102,
                -0.923071886222068,
                0.38268343236508984
            ]
        },
        "3": {
            "type": "line",
            "start": [
                -131.8306462294,
                -113.5576959181,
                5.0
            ],
            "end": [
                16.865629615124178,
                -107.33608418890451,
                5.0
            ],
            "length": 148.82637838279774,
            "solid_ids": [
                1,
                2
            ],
            "preferred_normal": [
                -0.03862231815553102,
                0.923071886222068,
                0.38268343236508984
            ]
        },
        "4": {
            "type": "line",
            "start": [
                17.412072391239,
                -120.3960450651,
                5.0
            ],
            "end": [
                16.865629615125638,
                -107.33608418889993,
                5.0
            ],
            "length": 13.0713877532358,
            "solid_ids": [
                1,
                2
            ],
            "preferred_normal": [
                0.923071886222068,
                0.03862231815553102,
                0.38268343236508984
            ]
        },
        "5": {
            "type": "line",
            "start": [
                -21.227853200725516,
                -98.92120683418982,
                5.0
            ],
            "end": [
                -24.880239860231704,
                -11.629309195469665,
                5.0
            ],
            "length": 87.36827411411615,
            "solid_ids": [
                1,
                3
            ],
            "preferred_normal": [
                -0.923071886222068,
                -0.03862231815553102,
                0.38268343236508984
            ]
        },
        "6": {
            "type": "line",
            "start": [
                -21.2278532007304,
                -98.92120683418024,
                5.0
            ],
            "end": [
                -17.853141356590445,
                -98.78000526962923,
                5.0
            ],
            "length": 3.377664564874694,
            "solid_ids": [
                1,
                3
            ],
            "preferred_normal": [
                0.03862231815553102,
                -0.923071886222068,
                0.3826834323650898
            ]
        },
        "7": {
            "type": "line",
            "start": [
                -24.88023986024,
                -11.62930919547,
                5.0
            ],
            "end": [
                -21.50552801609006,
                -11.488107630918568,
                5.0
            ],
            "length": 3.377664564884686,
            "solid_ids": [
                1,
                3
            ],
            "preferred_normal": [
                -0.03862231815553102,
                0.923071886222068,
                0.38268343236508984
            ]
        },
        "8": {
            "type": "line",
            "start": [
                -17.853141356587606,
                -98.7800052696399,
                5.0
            ],
            "end": [
                -21.505528016093777,
                -11.48810763092016,
                5.0
            ],
            "length": 87.36827411411574,
            "solid_ids": [
                1,
                3
            ],
            "preferred_normal": [
                0.923071886222068,
                0.03862231815553102,
                0.38268343236508984
            ]
        },
        "9": {
            "type": "line",
            "start": [
                -20.80980824144,
                -108.9124649337,
                15.0
            ],
            "end": [
                -20.80980824144,
                -108.9124649337,
                53.351186335282
            ],
            "length": 38.351186335282,
            "solid_ids": [
                2,
                3
            ],
            "preferred_normal": [
                -0.9390697742123778,
                0.34372657616296415,
                0.0
            ]
        },
        "10": {
            "type": "line",
            "start": [
                -20.809808241440802,
                -108.91246493368068,
                15.0
            ],
            "end": [
                -17.435096397302935,
                -108.77126336912974,
                15.0
            ],
            "length": 3.3776645648726036,
            "solid_ids": [
                2,
                3
            ],
            "preferred_normal": [
                -0.0418044959287581,
                0.9991258099559547,
                0.0
            ]
        },
        "11": {
            "type": "line",
            "start": [
                -20.80980824144,
                -108.9124649337,
                53.351186335282
            ],
            "end": [
                -17.435096397302132,
                -108.77126336914907,
                53.351186335282
            ],
            "length": 3.377664564872603,
            "solid_ids": [
                2,
                3
            ],
            "preferred_normal": [
                -0.015997887990309576,
                0.3823488943184952,
                0.9238795325112867
            ]
        },
        "12": {
            "type": "line",
            "start": [
                -17.4350963973,
                -108.7712633692,
                15.0
            ],
            "end": [
                -17.4350963973,
                -108.7712633692,
                53.351186335282
            ],
            "length": 38.351186335282,
            "solid_ids": [
                2,
                3
            ],
            "preferred_normal": [
                0.9070739982317585,
                0.42097121247402625,
                0.0
            ]
        }
    }
}