{
    "contact_edges": {
        "1": {
            "type": "line",
            "start": [
                -127.2666521563,
                -93.93280298585,
                5.0
            ],
            "end": [
                -129.07162355031616,
                -82.23081564144249,
                5.0
            ],
            "length": 11.840372863296588,
            "solid_ids": [
                1,
                2
            ],
            "preferred_normal": [
                -0.9130815998808126,
                -0.14083814310182177,
                0.38268343236508984
            ]
        },
        "2": {
            "type": "line",
            "start": [
                -127.2666521563,
                -93.93280298585,
                5.0
            ],
            "end": [
                66.38932415369523,
                -64.06236412514983,
                5.0
            ],
            "length": 195.9461157520308,
            "solid_ids": [
                1,
                2
            ],
            "preferred_normal": [
                0.14083814310182177,
                -0.9130815998808126,
                0.38268343236508984
            ]
        },
        "3": {
            "type": "line",
            "start": [
                -129.0716235503,
                -82.23081564144,
                5.0
            ],
            "end": [
                64.58435275967614,
                -52.360376780742776,
                5.0
            ],
            "length": 195.94611575201148,
            "solid_ids": [
                1,
                2
            ],
            "preferred_normal": [
                -0.14083814310182177,
                0.9130815998808126,
                0.38268343236508984
            ]
        },
        "4": {
            "type": "line",
            "start": [
                66.389324153686,
                -64.06236412509,
                5.0
            ],
            "end": [
                64.58435275967094,
                -52.36037678068954,
                5.0
            ],
            "length": 11.84037286328945,
            "solid_ids": [
                1,
                2
            ],
            "preferred_normal": [
                0.9130815998808126,
                0.14083814310182177,
                0.38268343236508984
            ]
        },
        "5": {
            "type": "line",
            "start": [
                -78.91950425556,
                97.844135805633,
                15.0
            ],
            "end": [
                -78.91950425556,
                97.844135805633,
                57.580471401568
            ],
            "length": 42.580471401568,
            "solid_ids": [
                3,
                5
            ],
            "preferred_normal": [
                -0.8547445309085954,
                -0.5190489253257782,
                0.0
            ]
        },
        "6": {
            "type": "line",
            "start": [
                -78.91950425555184,
                97.84413580558024,
                15.0
            ],
            "end": [
                -74.21329904054164,
                98.570043767831,
                15.0
            ],
            "length": 4.761859919763312,
            "solid_ids": [
                3,
                5
            ],
            "preferred_normal": [
                0.05833706897221721,
                -0.3782107822239556,
                -0.9238795325112871
            ]
        },
        "7": {
            "type": "line",
            "start": [
                -78.91950425556,
                97.844135805633,
                57.580471401568
            ],
            "end": [
                -74.21329904054981,
                98.57004376788376,
                57.580471401568
            ],
            "length": 4.761859919763298,
            "solid_ids": [
                3,
                5
            ],
            "preferred_normal": [
                0.05833706897221735,
                -0.37821078222395654,
                0.9238795325112867
            ]
        },
        "8": {
            "type": "line",
            "start": [
                -74.21329904055,
                98.570043767885,
                15.0
            ],
            "end": [
                -74.21329904055,
                98.570043767885,
                57.580471401568
            ],
            "length": 42.580471401568,
            "solid_ids": [
                3,
                5
            ],
            "preferred_normal": [
                0.97141866885303,
                -0.23737263912213472,
                0.0
            ]
        },
        "9": {
            "type": "line",
            "start": [
                -54.47922136895001,
                -60.60706291174,
                5.0
            ],
            "end": [
                -77.39508317955418,
                87.96101178622453,
                5.0
            ],
            "length": 150.3250130283802,
            "solid_ids": [
                1,
                5
            ],
            "preferred_normal": [
                -0.9130815998808126,
                -0.14083814310182177,
                0.38268343236508984
            ]
        },
        "10": {
            "type": "line",
            "start": [
                -54.47922136894239,
                -60.607062911789306,
                5.0
            ],
            "end": [
                -49.7730161539325,
                -59.88115494953859,
                5.0
            ],
            "length": 4.761859919762997,
            "solid_ids": [
                1,
                5
            ],
            "preferred_normal": [
                0.14083814310182177,
                -0.9130815998808126,
                0.3826834323650898
            ]
        },
        "11": {
            "type": "line",
            "start": [
                -77.39508317958334,
                87.9610117861758,
                5.0
            ],
            "end": [
                -72.68887796457328,
                88.68691974842655,
                5.0
            ],
            "length": 4.761859919763169,
            "solid_ids": [
                1,
                5
            ],
            "preferred_normal": [
                -0.14083814310182177,
                0.9130815998808126,
                0.38268343236508984
            ]
        },
        "12": {
            "type": "line",
            "start": [
                -49.77301615394,
                -59.88115494949,
                5.0
            ],
            "end": [
                -72.68887796454433,
                88.68691974847553,
                5.0
            ],
            "length": 150.3250130283812,
            "solid_ids": [
                1,
                5
            ],
            "preferred_normal": [
                0.9130815998808126,
                0.14083814310182177,
                0.38268343236508984
            ]
        },
        "13": {
            "type": "line",
            "start": [
                15.305223986622929,
                -49.84317094132955,
                5.0
            ],
            "end": [
                -7.610637823980914,
                98.72490375663286,
                5.0
            ],
            "length": 150.32501302837804,
            "solid_ids": [
                1,
                4
            ],
            "preferred_normal": [
                -0.9130815998808126,
                -0.14083814310182177,
                0.38268343236508984
            ]
        },
        "14": {
            "type": "line",
            "start": [
                15.305223986626004,
                -49.843170941368754,
                5.0
            ],
            "end": [
                21.296938293065427,
                -48.91897980990176,
                5.0
            ],
            "length": 6.062571201847703,