{
    "contact_edges": {
        "1": {
            "type": "line",
            "start": [
                102.37141926418,
                53.217626339228,
                5.0
            ],
            "end": [
                -52.08034667207774,
                1.335588275603831,
                5.0
            ],
            "length": 162.93278943927737,
            "solid_ids": [
                1,
                2
            ],
            "preferred_normal": [
                0.29418727339605083,
                -0.8757894945505289,
                0.38268343236508984
            ]
        },
        "2": {
            "type": "line",
            "start": [
                102.37141926418,
                53.217626339228,
                5.0
            ],
            "end": [
                97.29658247623472,
                68.3253116382369,
                5.0
            ],
            "length": 15.937255833993895,
            "solid_ids": [
                1,
                2
            ],
            "preferred_normal": [
                0.8757894945505289,
                0.29418727339605083,
                0.38268343236508984
            ]
        },
        "3": {
            "type": "line",
            "start": [
                -52.08034667206,
                1.335588275551,
                5.0
            ],
            "end": [
                -57.155183460005496,
                16.443273574560514,
                5.0
            ],
            "length": 15.937255833994543,
            "solid_ids": [
                1,
                2
            ],
            "preferred_normal": [
                -0.8757894945505289,
                -0.29418727339605083,
                0.38268343236508984
            ]
        },
        "4": {
            "type": "line",
            "start": [
                97.296582476235,
                68.325311638237,
                5.0
            ],
            "end": [
                -57.15518346002754,
                16.44327357461122,
                5.0
            ],
            "length": 162.93278943928243,
            "solid_ids": [
                1,
                2
            ],
            "preferred_normal": [
                -0.29418727339605083,
                0.8757894945505289,
                0.38268343236508984
            ]
        },
        "5": {
            "type": "line",
            "start": [
                -36.55367939499222,
                33.91264918258661,
                5.0
            ],
            "end": [
                -57.99537778002902,
                97.74414663032205,
                5.0
            ],
            "length": 67.3365168096416,
            "solid_ids": [
                1,
                3
            ],
            "preferred_normal": [
                0.8757894945505289,
                0.29418727339605083,
                0.38268343236508984
            ]
        },
        "6": {
            "type": "line",
            "start": [
                -36.553679395007954,
                33.91264918260768,
                5.0
            ],
            "end": [
                -44.33884426942993,
                31.297527122345546,
                5.0
            ],
            "length": 8.212652160660609,
            "solid_ids": [
                1,
                3
            ],
            "preferred_normal": [
                0.29418727339605083,
                -0.8757894945505289,
                0.38268343236508984
            ]
        },
        "7": {
            "type": "line",
            "start": [
                -57.99537778005,
                97.744146630315,
                5.0
            ],
            "end": [
                -65.78054265448095,
                95.12902457004985,
                5.0
            ],
            "length": 8.212652160670084,
            "solid_ids": [
                1,
                3
            ],
            "preferred_normal": [
                -0.29418727339605083,
                0.8757894945505289,
                0.38268343236508984
            ]
        },
        "8": {
            "type": "line",
            "start": [
                -44.33884426942121,
                31.297527122315596,
                5.0
            ],
            "end": [
                -65.78054265445901,
                95.12902457005404,
                5.0
            ],
            "length": 67.33651680964476,
            "solid_ids": [
                1,
                3
            ],
            "preferred_normal": [
                -0.8757894945505289,
                -0.29418727339605083,
                0.38268343236508984
            ]
        },
        "9": {
            "type": "line",
            "start": [
                -33.3694192935,
                24.43317200259,
                15.0
            ],
            "end": [
                -33.3694192935,
                24.43317200259,
                49.060808636411
            ],
            "length": 34.060808636411,
            "solid_ids": [
                2,
                3
            ],
            "preferred_normal": [
                0.7539331360323229,
                0.6569511598227579,
                0.0
            ]
        },
        "10": {
            "type": "line",
            "start": [
                -33.369419293508464,
                24.433172002615187,
                15.0
            ],
            "end": [
                -41.15458416793942,
                21.81804994235004,
                15.0
            ],
            "length": 8.212652160670082,
            "solid_ids": [
                2,
                3
            ],
            "preferred_normal": [
                -0.12185635851820592,
                0.36276388642670704,
                -0.9238795325112867
            ]
        },
        "11": {
            "type": "line",
            "start": [
                -33.3694192935,
                24.43317200259,
                49.060808636411
            ],
            "end": [
                -41.154584167930956,
                21.81804994232485,
                49.060808636411
            ],
            "length": 8.212652160670082,
            "solid_ids": [
                2,
                3
            ],
            "preferred_normal": [
                -0.12185635851820592,
                0.36276388642670704,
                0.9238795325112867
            ]
        },
        "12": {
            "type": "line",
            "start": [
                -41.15458416793,
                21.818049942322,
                15.0
            ],
            "end": [
                -41.15458416793,
                21.818049942322,
                49.060808636411
            ],
            "length": 34.060808636411,
            "solid_ids": [
                2,
                3
            ],
            "preferred_normal": [
                -0.9976458530687349,
                0.06857661303065607,
                0.0
            ]
        }
    }
}