{
    "contact_edges": {
        "1": {
            "type": "line",
            "start": [
                61.444190007026,
                -107.0171144719,
                5.0
            ],
            "end": [
                -135.98485731683263,
                27.521261800105094,
                5.0
            ],
            "length": 238.9117063207955,
            "solid_ids": [
                1,
                2
            ],
            "preferred_normal": [
                -0.5202643859071066,
                -0.7634647073375265,
                0.38268343236508984
            ]
        },
        "2": {
            "type": "line",
            "start": [
                61.444190007026,
                -107.0171144719,
                5.0
            ],
            "end": [
                67.8297284203616,
                -97.6466225681927,
                5.0
            ],
            "length": 11.339365914619243,
            "solid_ids": [
                1,
                2
            ],
            "preferred_normal": [
                0.7634647073375266,
                -0.5202643859071066,
                0.3826834323650899
            ]
        },
        "3": {
            "type": "line",
            "start": [
                -135.9848573168,
                27.521261800153,
                5.0
            ],
            "end": [
                -129.59931890346095,
                36.89175370386538,
                5.0
            ],
            "length": 11.339365914625382,
            "solid_ids": [
                1,
                2
            ],
            "preferred_normal": [
                -0.7634647073375266,
                0.5202643859071066,
                0.3826834323650899
            ]
        },
        "4": {
            "type": "line",
            "start": [
                67.829728420387,
                -97.64662256821,
                5.0
            ],
            "end": [
                -129.5993189035361,
                36.89175370383902,
                5.0
            ],
            "length": 238.91170632087352,
            "solid_ids": [
                1,
                2
            ],
            "preferred_normal": [
                0.5202643859071066,
                0.7634647073375265,
                0.38268343236508984
            ]
        },
        "5": {
            "type": "line",
            "start": [
                -36.5721192423,
                -14.40065471124,
                5.0
            ],
            "end": [
                5.772575648707342,
                47.738290348189985,
                5.0
            ],
            "length": 75.19522377459462,
            "solid_ids": [
                1,
                4
            ],
            "preferred_normal": [
                0.7634647073375266,
                -0.5202643859071066,
                0.3826834323650899
            ]
        },
        "6": {
            "type": "line",
            "start": [
                -36.572119242319054,
                -14.400654711267977,
                5.0
            ],
            "end": [
                -42.0519096867768,
                -10.666441743614655,
                5.0
            ],
            "length": 6.631172581298173,
            "solid_ids": [
                1,
                4
            ],
            "preferred_normal": [
                -0.5202643859071066,
                -0.7634647073375265,
                0.38268343236508984
            ]
        },
        "7": {
            "type": "line",
            "start": [
                5.7725756487073365,
                47.738290348158486,
                5.0
            ],
            "end": [
                0.2927852042511622,
                51.472503315810734,
                5.0
            ],
            "length": 6.631172581296267,
            "solid_ids": [
                1,
                4
            ],
            "preferred_normal": [
                0.5202643859071066,
                0.7634647073375265,
                0.3826834323650898
            ]
        },
        "8": {
            "type": "line",
            "start": [
                -42.05190968676465,
                -10.66644174358683,
                5.0
            ],
            "end": [
                0.292785204246133,
                51.47250331584821,
                5.0
            ],
            "length": 75.19522377460075,
            "solid_ids": [
                1,
                4
            ],
            "preferred_normal": [
                -0.7634647073375266,
                0.5202643859071066,
                0.3826834323650899
            ]
        },
        "9": {
            "type": "line",
            "start": [
                11.403876782682,
                56.001972792386,
                15.0
            ],
            "end": [
                11.403876782682,
                56.001972792386,
                56.307494129705
            ],
            "length": 41.307494129705,
            "solid_ids": [
                3,
                4
            ],
            "preferred_normal": [
                0.5479641426750933,
                -0.8365018220795158,
                0.0
            ]
        },
        "10": {
            "type": "line",
            "start": [
                11.403876782666886,
                56.001972792363794,
                15.0
            ],
            "end": [
                5.924086338210477,
                59.736185760016205,
                15.0
            ],
            "length": 6.631172581296553,
            "solid_ids": [
                3,
                4
            ],
            "preferred_normal": [
                -0.5631301133957642,
                -0.8263682444206539,
                0.0
            ]
        },
        "11": {
            "type": "line",
            "start": [
                11.403876782682,
                56.001972792386,
                56.307494129705
            ],
            "end": [
                5.924086338225596,
                59.7361857600384,
                56.307494129705
            ],
            "length": 6.6311725812965445,
            "solid_ids": [
                3,
                4
            ],
            "preferred_normal": [
                -0.21550056466243334,
                -0.3162374361724094,
                0.9238795325112867
            ]
        },
        "12": {
            "type": "line",
            "start": [
                5.924086338226,
                59.736185760039,
                15.0
            ],
            "end": [
                5.924086338226,
                59.736185760039,
                56.307494129705
            ],
            "length": 41.307494129705,
            "solid_ids": [
                3,
                4
            ],
            "preferred_normal": [
                -0.9789652719999599,
                0.20402694973469737,
                0.0
            ]
        },
        "13": {
            "type": "line",
            "start": [
                138.40077682786,
                -30.54029115137,
                5.0
            ],
            "end": [
                -55.87774382562277,
                101.85115310440189,
                5.0
            ],
            "length": 235.09920905744212,
            "solid_ids": [
                1,
                3
            ],
            "preferred_normal": [
                -0.5202643859071066,
                -0.7634647073375265,
                0.38268343236508984
            ]
        },
        "14": {
            "type": "line",
            "start": [
                138.40077682786,
                -30.54029115137,
                5.0
            ],
            "end": [
                145.61541310539226,
                -19.953135229541545,
                5.0
            ],
            "length": 12.811668397605048,