{
  "welds": [
    {
      "start": {
        "xyz": [
          3.358298892915,
          -35.36401430719,
          5.0
        ],
        "pose": [
          0.7755836350356424,
          -0.25521890943181713,
          0.5773502691896257
        ]
      },
      "end": {
        "xyz": [
          -10.625886400943347,
          -42.423442693633376,
          5.0
        ],
        "pose": [
          -0.25521890943181724,
          -0.7755836350356424,
          0.5773502691896258
        ]
      }
    },
    {
      "start": {
        "xyz": [
          -10.625886400943347,
          -42.423442693633376,
          5.0
        ],
        "pose": [
          -0.25521890943181724,
          -0.7755836350356424,
          0.5773502691896258
        ]
      },
      "end": {
        "xyz": [
          -60.75065734769542,
          56.86987772274345,
          5.0
        ],
        "pose": [
          -0.7755836350356424,
          0.25521890943181713,
          0.5773502691896257
        ]
      }
    },
    {
      "start": {
        "xyz": [
          -60.75065734769542,
          56.86987772274345,
          5.0
        ],
        "pose": [
          -0.7755836350356424,
          0.25521890943181713,
          0.5773502691896257
        ]
      },
      "end": {
        "xyz": [
          -46.766472053839394,
          63.92930610919143,
          5.0
        ],
        "pose": [
          0.25521890943181724,
          0.7755836350356424,
          0.5773502691896258
        ]
      }
    },
    {
      "start": {
        "xyz": [
          -46.766472053839394,
          63.92930610919143,
          5.0
        ],
        "pose": [
          0.25521890943181724,
          0.7755836350356424,
          0.5773502691896258
        ]
      },
      "end": {
        "xyz": [
          3.358298892915,
          -35.36401430719,
          5.0
        ],
        "pose": [
          0.7755836350356424,
          -0.25521890943181713,
          0.5773502691896257
        ]
      }
    }
  ]
}