{
    "contact_edges": {
        "1": {
            "type": "line",
            "start": [
                57.045415002338,
                -136.9490488457,
                5.0
            ],
            "end": [
                45.16837081870197,
                -127.05605243433844,
                5.0
            ],
            "length": 15.45754044262071,
            "solid_ids": [
                1,
                2
            ],
            "preferred_normal": [
                -0.5912930930759991,
                -0.709877361713903,
                0.38268343236508984
            ]
        },
        "2": {
            "type": "line",
            "start": [
                57.045415002338,
                -136.9490488457,
                5.0
            ],
            "end": [
                194.32571687207903,
                27.862919445048167,
                5.0
            ],
            "length": 214.49677427252328,
            "solid_ids": [
                1,
                2
            ],
            "preferred_normal": [
                0.709877361713903,
                -0.5912930930759991,
                0.38268343236508984
            ]
        },
        "3": {
            "type": "line",
            "start": [
                45.168370818734,
                -127.0560524343,
                5.0
            ],
            "end": [
                182.44867268844666,
                37.75591585641411,
                5.0
            ],
            "length": 214.49677427247894,
            "solid_ids": [
                1,
                2
            ],
            "preferred_normal": [
                -0.709877361713903,
                0.5912930930759991,
                0.38268343236508984
            ]
        },
        "4": {
            "type": "line",
            "start": [
                194.32571687212,
                27.862919445014,
                5.0
            ],
            "end": [
                182.44867268851633,
                37.75591585634861,
                5.0
            ],
            "length": 15.457540442578619,
            "solid_ids": [
                1,
                2
            ],
            "preferred_normal": [
                0.5912930930759991,
                0.709877361713903,
                0.38268343236508984
            ]
        },
        "5": {
            "type": "line",
            "start": [
                70.6689938143034,
                -80.8165299041395,
                5.0
            ],
            "end": [
                -60.91917871733404,
                28.78997643745617,
                5.0
            ],
            "length": 171.25721410389178,
            "solid_ids": [
                1,
                4
            ],
            "preferred_normal": [
                -0.5912930930759991,
                -0.709877361713903,
                0.38268343236508984
            ]
        },
        "6": {
            "type": "line",
            "start": [
                70.6689938142721,
                -80.81652990411425,
                5.0
            ],
            "end": [
                73.9930581866864,
                -76.8258219548953,
                5.0
            ],
            "length": 5.193761054179652,
            "solid_ids": [
                1,
                4
            ],
            "preferred_normal": [
                0.7098773617139031,
                -0.5912930930759991,
                0.3826834323650898
            ]
        },
        "7": {
            "type": "line",
            "start": [
                -60.9191787173701,
                28.7899764375351,
                5.0
            ],
            "end": [
                -57.595114344955405,
                32.780684386754515,
                5.0
            ],
            "length": 5.19376105418027,
            "solid_ids": [
                1,
                4
            ],
            "preferred_normal": [
                -0.709877361713903,
                0.5912930930759991,
                0.38268343236508984
            ]
        },
        "8": {
            "type": "line",
            "start": [
                73.9930581867115,
                -76.82582195492542,
                5.0
            ],
            "end": [
                -57.595114344919374,
                32.780684386664774,
                5.0
            ],
            "length": 171.25721410388323,
            "solid_ids": [
                1,
                4
            ],
            "preferred_normal": [
                0.5912930930759991,
                0.709877361713903,
                0.38268343236508984
            ]
        },
        "9": {
            "type": "line",
            "start": [
                -68.60283591214,
                35.190086757809,
                15.0
            ],
            "end": [
                -68.60283591214,
                35.190086757809,
                45.132064476418
            ],
            "length": 30.132064476418,
            "solid_ids": [
                3,
                4
            ],
            "preferred_normal": [
                -0.2972522622324689,
                -0.9547989802035187,
                0.0
            ]
        },
        "10": {
            "type": "line",
            "start": [
                -68.60283591217059,
                35.190086757834514,
                15.0
            ],
            "end": [
                -65.27877153976,
                39.180794707048996,
                15.0
            ],
            "length": 5.19376105417385,
            "solid_ids": [
                3,
                4
            ],
            "preferred_normal": [
                0.7683657194832713,
                -0.640011032032226,
                0.0
            ]
        },
        "11": {
            "type": "line",
            "start": [
                -68.60283591214,
                35.190086757809,
                45.132064476418
            ],
            "end": [
                -65.27877153972939,
                39.180794707023495,
                45.132064476418
            ],
            "length": 5.19376105417387,
            "solid_ids": [
                3,
                4
            ],
            "preferred_normal": [
                0.29404083084353005,
                -0.24492161848961572,
                0.9238795325112867
            ]
        },
        "12": {
            "type": "line",
            "start": [
                -65.27877153973,
                39.180794707024,
                15.0
            ],
            "end": [
                -65.27877153973,
                39.180794707024,
                45.132064476418
            ],
            "length": 30.132064476418,
            "solid_ids": [
                3,
                4
            ],
            "preferred_normal": [
                0.8853339239195291,
                0.4649557432242874,
                0.0
            ]
        },
        "13": {
            "type": "line",
            "start": [
                -173.9588849381,
                -91.29519608914,
                5.0
            ],
            "end": [
                -181.29991445368478,
                -85.18047785365171,
                5.0
            ],
            "length": 9.554082553971366,
            "solid_ids": [
                1,
                3
            ],
            "preferred_normal": [
                -0.5912930930759991,
                -0.709877361713903,
                0.38268343236508984
            ]
        },
        "14": {
            "type": "line",
            "start": [
                -173.9588849381,
                -91.29519608914,
                5.0
            ],
            "end": [
                36.697211250224356,
                161.60813652580308,
                5.0
            ],
            "length": 329.1444766497671,