{
    "contact_edges": {
        "1": {
            "type": "line",
            "start": [
                -96.89627197143,
                123.12143482184,
                5.0
            ],
            "end": [
                -123.92720932137753,
                -6.646907973356851,
                5.0
            ],
            "length": 132.55374142523667,
            "solid_ids": [
                1,
                2
            ],
            "preferred_normal": [
                0.9044657252772584,
                -0.18840154561987169,
                0.38268343236508984
            ]
        },
        "2": {
            "type": "line",
            "start": [
                -96.89627197143,
                123.12143482184,
                5.0
            ],
            "end": [
                -106.51187850709981,
                125.12437985642093,
                5.0
            ],
            "length": 9.821999687455117,
            "solid_ids": [
                1,
                2
            ],
            "preferred_normal": [
                0.18840154561987169,
                0.9044657252772584,
                0.38268343236508984
            ]
        },
        "3": {
            "type": "line",
            "start": [
                -123.9272093213,
                -6.646907973373,
                5.0
            ],
            "end": [
                -133.54281585699954,
                -4.643962938785865,
                5.0
            ],
            "length": 9.821999687485487,
            "solid_ids": [
                1,
                2
            ],
            "preferred_normal": [
                -0.18840154561987169,
                -0.9044657252772584,
                0.38268343236508984
            ]
        },
        "4": {
            "type": "line",
            "start": [
                -106.5118785071,
                125.12437985642,
                5.0
            ],
            "end": [
                -133.5428158570478,
                -4.6439629387780945,
                5.0
            ],
            "length": 132.55374142523794,
            "solid_ids": [
                1,
                2
            ],
            "preferred_normal": [
                -0.9044657252772584,
                0.18840154561987169,
                0.38268343236508984
            ]
        }
    }
}