{
    "contact_edges": {
        "1": {
            "type": "line",
            "start": [
                125.48194731169,
                82.447203784089,
                5.0
            ],
            "end": [
                -128.25524671280118,
                50.301625715785065,
                5.0
            ],
            "length": 255.76532568111674,
            "solid_ids": [
                1,
                2
            ],
            "preferred_normal": [
                0.11611676273537329,
                -0.9165534834395267,
                0.38268343236508984
            ]
        },
        "2": {
            "type": "line",
            "start": [
                125.48194731169,
                82.447203784089,
                5.0
            ],
            "end": [
                124.31170777599014,
                91.68434661891601,
                5.0
            ],
            "length": 9.310975691188922,
            "solid_ids": [
                1,
                2
            ],
            "preferred_normal": [
                0.9165534834395267,
                0.11611676273537329,
                0.38268343236508984
            ]
        },
        "3": {
            "type": "line",
            "start": [
                -128.2552467128,
                50.301625715776,
                5.0
            ],
            "end": [
                -129.42548624849985,
                59.538768550603024,
                5.0
            ],
            "length": 9.310975691188936,
            "solid_ids": [
                1,
                2
            ],
            "preferred_normal": [
                -0.9165534834395267,
                -0.11611676273537329,
                0.38268343236508984
            ]
        },
        "4": {
            "type": "line",
            "start": [
                124.31170777599,
                91.684346618916,
                5.0
            ],
            "end": [
                -129.4254862485012,
                59.53876855061206,
                5.0
            ],
            "length": 255.76532568111674,
            "solid_ids": [
                1,
                2
            ],
            "preferred_normal": [
                -0.11611676273537329,
                0.9165534834395267,
                0.38268343236508984
            ]
        },
        "5": {
            "type": "line",
            "start": [
                100.72735402112,
                -40.83572655034,
                5.0
            ],
            "end": [
                94.8188121526109,
                -41.58427070695926,
                5.0
            ],
            "length": 5.955769082690642,
            "solid_ids": [
                1,
                3
            ],
            "preferred_normal": [
                0.11611676273537329,
                -0.9165534834395267,
                0.38268343236508984
            ]
        },
        "6": {
            "type": "line",
            "start": [
                100.72735402112,
                -40.83572655034,
                5.0
            ],
            "end": [
                87.00341786432142,
                67.49248717778418,
                5.0
            ],
            "length": 109.19408552280676,
            "solid_ids": [
                1,
                3
            ],
            "preferred_normal": [
                0.9165534834395267,
                0.11611676273537329,
                0.38268343236508984
            ]
        },
        "7": {
            "type": "line",
            "start": [
                94.818812152611,
                -41.58427070696,
                5.0
            ],
            "end": [
                81.09487599581233,
                66.74394302116492,
                5.0
            ],
            "length": 109.1940855228075,
            "solid_ids": [
                1,
                3
            ],
            "preferred_normal": [
                -0.9165534834395267,
                -0.11611676273537329,
                0.38268343236508984
            ]
        },
        "8": {
            "type": "line",
            "start": [
                87.00341786432806,
                67.49248717778447,
                5.0
            ],
            "end": [
                81.09487599581306,
                66.74394302116445,
                5.0
            ],
            "length": 5.955769082696602,
            "solid_ids": [
                1,
                3
            ],
            "preferred_normal": [
                -0.11611676273537329,
                0.9165534834395267,
                0.3826834323650898
            ]
        },
        "9": {
            "type": "line",
            "start": [
                85.746579081248,
                77.413190594043,
                15.0
            ],
            "end": [
                85.746579081248,
                77.413190594043,
                77.829885526091
            ],
            "length": 62.829885526091005,
            "solid_ids": [
                2,
                3
            ],
            "preferred_normal": [
                0.9646506213833771,
                -0.2635321207455828,
                0.0
            ]
        },
        "10": {
            "type": "line",
            "start": [
                85.74657908124806,
                77.41319059404248,
                15.0
            ],
            "end": [
                79.83803721273402,
                76.66464643742259,
                15.0
            ],
            "length": 5.955769082695626,
            "solid_ids": [
                2,
                3
            ],
            "preferred_normal": [
                0.04809713794385036,
                -0.3796488834809554,
                -0.9238795325112871
            ]
        },
        "11": {
            "type": "line",
            "start": [
                85.746579081248,
                77.413190594043,
                77.829885526091
            ],
            "end": [
                79.83803721273398,
                76.66464643742312,
                77.829885526091
            ],
            "length": 5.955769082695612,
            "solid_ids": [
                2,
                3
            ],
            "preferred_normal": [
                0.04809713794385043,
                -0.37964888348095605,
                0.9238795325112867
            ]
        },
        "12": {
            "type": "line",
            "start": [
                79.838037212734,
                76.664646437423,
                15.0
            ],
            "end": [
                79.838037212734,
                76.664646437423,
                77.829885526091
            ],
            "length": 62.829885526091005,
            "solid_ids": [
                2,
                3
            ],
            "preferred_normal": [
                -0.8684563454956762,
                -0.49576564621632935,
                0.0
            ]
        }
    }
}