{
    "contact_edges": {
        "1": {
            "type": "line",
            "start": [
                50.080240270853,
                99.50023103707,
                5.0
            ],
            "end": [
                0.755539873869898,
                -144.5708673932925,
                5.0
            ],
            "length": 249.005275362302,
            "solid_ids": [
                1,
                2
            ],
            "preferred_normal": [
                0.9055723497796137,
                -0.1830084968188713,
                0.3826834323650899
            ]
        },
        "2": {
            "type": "line",
            "start": [
                50.080240270853,
                99.50023103707,
                5.0
            ],
            "end": [
                40.66313587661664,
                101.40334802158813,
                5.0
            ],
            "length": 9.607481950475215,
            "solid_ids": [
                1,
                2
            ],
            "preferred_normal": [
                0.1830084968188713,
                0.9055723497796137,
                0.3826834323650899
            ]
        },
        "3": {
            "type": "line",
            "start": [
                0.755539873907,
                -144.5708673933,
                5.0
            ],
            "end": [
                -8.661564520327415,
                -142.66775040878227,
                5.0
            ],
            "length": 9.607481950473236,
            "solid_ids": [
                1,
                2
            ],
            "preferred_normal": [
                -0.1830084968188713,
                -0.9055723497796137,
                0.3826834323650899
            ]
        },
        "4": {
            "type": "line",
            "start": [
                40.663135876615,
                101.40334802158,
                5.0
            ],
            "end": [
                -8.661564520370039,
                -142.6677504087921,
                5.0
            ],
            "length": 249.0052753623118,
            "solid_ids": [
                1,
                2
            ],
            "preferred_normal": [
                -0.9055723497796137,
                0.1830084968188713,
                0.3826834323650899
            ]
        },
        "5": {
            "type": "line",
            "start": [
                -1.2304451410330386,
                -55.41381498784019,
                5.0
            ],
            "end": [
                -93.44462301512576,
                -36.7781111898689,
                5.0
            ],
            "length": 94.0783931465697,
            "solid_ids": [
                1,
                4
            ],
            "preferred_normal": [
                0.1830084968188713,
                0.9055723497796137,
                0.3826834323650899
            ]
        },
        "6": {
            "type": "line",
            "start": [
                -1.2304451410585189,
                -55.41381498783485,
                5.0
            ],
            "end": [
                -2.899006357597115,
                -63.67027809133473,
                5.0
            ],
            "length": 8.423376966086208,
            "solid_ids": [
                1,
                4
            ],
            "preferred_normal": [
                0.9055723497796137,
                -0.1830084968188713,
                0.3826834323650899
            ]
        },
        "7": {
            "type": "line",
            "start": [
                -93.44462301515571,
                -36.77811118988479,
                5.0
            ],
            "end": [
                -95.11318423169439,
                -45.03457429338508,
                5.0
            ],
            "length": 8.42337696608662,
            "solid_ids": [
                1,
                4
            ],
            "preferred_normal": [
                -0.9055723497796137,
                0.18300849681887132,
                0.38268343236508984
            ]
        },
        "8": {
            "type": "line",
            "start": [
                -2.899006357571,
                -63.67027809134,
                5.0
            ],
            "end": [
                -95.11318423166563,
                -45.03457429336832,
                5.0
            ],
            "length": 94.07839314657166,
            "solid_ids": [
                1,
                4
            ],
            "preferred_normal": [
                -0.1830084968188713,
                -0.9055723497796137,
                0.3826834323650899
            ]
        },
        "9": {
            "type": "line",
            "start": [
                -103.2464674971,
                -34.79724149445,
                15.0
            ],
            "end": [
                -103.2464674971,
                -34.79724149445,
                56.824625856592
            ],
            "length": 41.824625856592,
            "solid_ids": [
                3,
                4
            ],
            "preferred_normal": [
                0.5581088458076596,
                0.8297677483677236,
                0.0
            ]
        },
        "10": {
            "type": "line",
            "start": [
                -103.24646749717336,
                -34.79724149443517,
                15.0
            ],
            "end": [
                -104.91502871371046,
                -43.05370459792768,
                15.0
            ],
            "length": 8.423376966078681,
            "solid_ids": [
                3,
                4
            ],
            "preferred_normal": [
                0.9801844482019094,
                -0.19808696954398172,
                0.0
            ]
        },
        "11": {
            "type": "line",
            "start": [
                -103.2464674971,
                -34.79724149445,
                56.824625856592
            ],
            "end": [
                -104.9150287136371,
                -43.053704597942506,
                56.824625856592
            ],
            "length": 8.423376966078681,
            "solid_ids": [
                3,
                4
            ],
            "preferred_normal": [
                0.37510034898878836,
                -0.07580460141188995,
                0.9238795325112867
            ]
        },
        "12": {
            "type": "line",
            "start": [
                -104.9150287136,
                -43.05370459795,
                15.0
            ],
            "end": [
                -104.9150287136,
                -43.05370459795,
                56.824625856592
            ],
            "length": 41.824625856592,
            "solid_ids": [
                3,
                4
            ],
            "preferred_normal": [
                0.19209185216991695,
                -0.9813769511915036,
                0.0
            ]
        },
        "13": {
            "type": "line",
            "start": [
                -75.48643746158,
                102.56641137558,
                5.0
            ],
            "end": [
                -126.21536355964007,
                -148.4531511416919,
                5.0
            ],
            "length": 256.0942106128622,
            "solid_ids": [
                1,
                3
            ],
            "preferred_normal": [
                0.9055723497796137,
                -0.1830084968188713,
                0.3826834323650899
            ]
        },
        "14": {
            "type": "line",
            "start": [
                -75.48643746158,
                102.56641137558,
                5.0
            ],
            "end": [
                -86.8353560992899,
                104.85993164584049,
                5.0
            ],
            "length": 11.578350032515639,