{
    "contact_edges": {
        "1": {
            "type": "line",
            "start": [
                18.553886726596,
                -90.56488433936,
                5.0
            ],
            "end": [
                5.374753141775046,
                -84.026640692932,
                5.0
            ],
            "length": 14.711838499202328,
            "solid_ids": [
                1,
                2
            ],
            "preferred_normal": [
                -0.4105910681275025,
                -0.8276281564610948,
                0.3826834323650899
            ]
        },
        "2": {
            "type": "line",
            "start": [
                18.553886726596,
                -90.56488433936,
                5.0
            ],
            "end": [
                127.70173141152108,
                129.4443571920089,
                5.0
            ],
            "length": 245.59584352869808,
            "solid_ids": [
                1,
                2
            ],
            "preferred_normal": [
                0.8276281564610948,
                -0.4105910681275025,
                0.3826834323650899
            ]
        },
        "3": {
            "type": "line",
            "start": [
                5.374753141781,
                -84.02664069292,
                5.0
            ],
            "end": [
                114.52259782670508,
                135.98260083844693,
                5.0
            ],
            "length": 245.59584352869584,
            "solid_ids": [
                1,
                2
            ],
            "preferred_normal": [
                -0.8276281564610948,
                0.4105910681275025,
                0.3826834323650899
            ]
        },
        "4": {
            "type": "line",
            "start": [
                127.70173141166,
                129.44435719194,
                5.0
            ],
            "end": [
                114.52259782683504,
                135.98260083837,
                5.0
            ],
            "length": 14.711838499206811,
            "solid_ids": [
                1,
                2
            ],
            "preferred_normal": [
                0.4105910681275025,
                0.8276281564610948,
                0.3826834323650899
            ]
        },
        "5": {
            "type": "line",
            "start": [
                27.427959911447,
                123.13448637107,
                15.0
            ],
            "end": [
                27.427959911447,
                123.13448637107,
                51.777521101994
            ],
            "length": 36.777521101994,
            "solid_ids": [
                3,
                5
            ],
            "preferred_normal": [
                -0.06777626111947518,
                -0.9977005454687616,
                0.0
            ]
        },
        "6": {
            "type": "line",
            "start": [
                27.427959911404546,
                123.13448637109106,
                15.0
            ],
            "end": [
                30.3109016037263,
                128.94563011779368,
                15.0
            ],
            "length": 6.486967276483523,
            "solid_ids": [
                3,
                5
            ],
            "preferred_normal": [
                0.34281480700802747,
                -0.17007238900766702,
                -0.9238795325112866
            ]
        },
        "7": {
            "type": "line",
            "start": [
                27.427959911447,
                123.13448637107,
                51.777521101994
            ],
            "end": [
                30.310901603768755,
                128.94563011777262,
                51.777521101994
            ],
            "length": 6.486967276483523,
            "solid_ids": [
                3,
                5
            ],
            "preferred_normal": [
                0.34281480700802747,
                -0.17007238900766702,
                0.9238795325112866
            ]
        },
        "8": {
            "type": "line",
            "start": [
                30.310901603774,
                128.94563011777,
                15.0
            ],
            "end": [
                30.310901603774,
                128.94563011777,
                51.777521101994
            ],
            "length": 36.777521101994,
            "solid_ids": [
                3,
                5
            ],
            "preferred_normal": [
                0.7534058751355298,
                0.6575557674534279,
                0.0
            ]
        },
        "9": {
            "type": "line",
            "start": [
                83.24729226740622,
                95.4421959199624,
                5.0
            ],
            "end": [
                36.38614252438949,
                118.69028067452277,
                5.0
            ],
            "length": 52.31100075502914,
            "solid_ids": [
                1,
                5
            ],
            "preferred_normal": [
                -0.4105910681275025,
                -0.8276281564610948,
                0.3826834323650899
            ]
        },
        "10": {
            "type": "line",
            "start": [
                83.24729226736733,
                95.44219591998866,
                5.0
            ],
            "end": [
                86.13023395968969,
                101.25333966669248,
                5.0
            ],
            "length": 6.4869672764848625,
            "solid_ids": [
                1,
                5
            ],
            "preferred_normal": [
                0.8276281564610948,
                -0.4105910681275025,
                0.38268343236508984
            ]
        },
        "11": {
            "type": "line",
            "start": [
                36.386142524358554,
                118.69028067457205,
                5.0
            ],
            "end": [
                39.269084216684284,
                124.50142442128266,
                5.0
            ],
            "length": 6.486967276492445,
            "solid_ids": [
                1,
                5
            ],
            "preferred_normal": [
                -0.8276281564610948,
                0.4105910681275025,
                0.3826834323650897
            ]
        },
        "12": {
            "type": "line",
            "start": [
                86.1302339597326,
                101.2533396666652,
                5.0
            ],
            "end": [
                39.2690842167135,
                124.50142442122674,
                5.0
            ],
            "length": 52.31100075503179,
            "solid_ids": [
                1,
                5
            ],
            "preferred_normal": [
                0.4105910681275025,
                0.8276281564610948,
                0.3826834323650899
            ]
        },
        "13": {
            "type": "line",
            "start": [
                32.86619320791762,
                -6.110953604650801,
                5.0
            ],
            "end": [
                -13.994956535097883,
                17.137131149908953,
                5.0
            ],
            "length": 52.31100075502777,
            "solid_ids": [
                1,
                4
            ],
            "preferred_normal": [
                -0.4105910681275025,
                -0.8276281564610948,
                0.3826834323650899
            ]
        },
        "14": {
            "type": "line",
            "start": [
                32.866193207875945,
                -6.110953604624155,
                5.0
            ],
            "end": [
                34.903069927156714,
                -2.0052224892230384,
                5.0
            ],
            "length": 4.583218821038429,