{
    "contact_edges": {
        "1": {
            "type": "line",
            "start": [
                -90.38656755945,
                -122.0625047402,
                5.0
            ],
            "end": [
                -92.617629788515,
                -108.79761297879747,
                5.0
            ],
            "length": 13.451207830960202,
            "solid_ids": [
                1,
                2
            ],
            "preferred_normal": [
                -0.9110826442760092,
                -0.1532377430410296,
                0.3826834323650898
            ]
        },
        "2": {
            "type": "line",
            "start": [
                -90.38656755945,
                -122.0625047402,
                5.0
            ],
            "end": [
                78.12752292574001,
                -93.71961064733496,
                5.0
            ],
            "length": 170.8810063687892,
            "solid_ids": [
                1,
                2
            ],
            "preferred_normal": [
                0.1532377430410296,
                -0.9110826442760092,
                0.3826834323650898
            ]
        },
        "3": {
            "type": "line",
            "start": [
                -92.61762978853,
                -108.7976129788,
                5.0
            ],
            "end": [
                75.89646069667667,
                -80.45471888593217,
                5.0
            ],
            "length": 170.88100636880608,
            "solid_ids": [
                1,
                2
            ],
            "preferred_normal": [
                -0.1532377430410296,
                0.9110826442760092,
                0.3826834323650898
            ]
        },
        "4": {
            "type": "line",
            "start": [
                78.127522925761,
                -93.71961064746,
                5.0
            ],
            "end": [
                75.89646069668133,
                -80.45471888597028,
                5.0
            ],
            "length": 13.451207831048624,
            "solid_ids": [
                1,
                2
            ],
            "preferred_normal": [
                0.9110826442760092,
                0.1532377430410296,
                0.3826834323650898
            ]
        },
        "5": {
            "type": "line",
            "start": [
                -74.89165264518,
                83.000770039355,
                5.0
            ],
            "end": [
                -77.16006491418315,
                96.48772832611448,
                5.0
            ],
            "length": 13.676393459203858,
            "solid_ids": [
                1,
                3
            ],
            "preferred_normal": [
                -0.9110826442760092,
                -0.1532377430410296,
                0.3826834323650898
            ]
        },
        "6": {
            "type": "line",
            "start": [
                -74.89165264518,
                83.000770039355,
                5.0
            ],
            "end": [
                31.822001349501573,
                100.94926197095239,
                5.0
            ],
            "length": 108.21253306117197,
            "solid_ids": [
                1,
                3
            ],
            "preferred_normal": [
                0.1532377430410296,
                -0.9110826442760092,
                0.3826834323650898
            ]
        },
        "7": {
            "type": "line",
            "start": [
                -77.16006491418,
                96.487728326115,
                5.0
            ],
            "end": [
                29.553589080502544,
                114.43622025771255,
                5.0
            ],
            "length": 108.21253306117295,
            "solid_ids": [
                1,
                3
            ],
            "preferred_normal": [
                -0.1532377430410296,
                0.9110826442760092,
                0.3826834323650898
            ]
        },
        "8": {
            "type": "line",
            "start": [
                31.822001349507,
                100.94926197092,
                5.0
            ],
            "end": [
                29.553589080503876,
                114.43622025767931,
                5.0
            ],
            "length": 13.676393459203686,
            "solid_ids": [
                1,
                3
            ],
            "preferred_normal": [
                0.9110826442760092,
                0.1532377430410296,
                0.3826834323650898
            ]
        }
    }
}