{
    "contact_edges": {
        "1": {
            "type": "line",
            "start": [
                -58.47784312996,
                92.20744420568,
                5.0
            ],
            "end": [
                -58.88263037809485,
                105.45774425366015,
                5.0
            ],
            "length": 13.25648158742565,
            "solid_ids": [
                1,
                2
            ],
            "preferred_normal": [
                -0.9234487245525197,
                -0.028210702146494904,
                0.38268343236508984
            ]
        },
        "2": {
            "type": "line",
            "start": [
                -58.47784312996,
                92.20744420568,
                5.0
            ],
            "end": [
                70.92498719920408,
                96.16060869253165,
                5.0
            ],
            "length": 129.4631994300254,
            "solid_ids": [
                1,
                2
            ],
            "preferred_normal": [
                0.028210702146494904,
                -0.9234487245525197,
                0.38268343236508984
            ]
        },
        "3": {
            "type": "line",
            "start": [
                -58.8826303781,
                105.45774425366,
                5.0
            ],
            "end": [
                70.52019995106897,
                109.41090874051179,
                5.0
            ],
            "length": 129.4631994300303,
            "solid_ids": [
                1,
                2
            ],
            "preferred_normal": [
                -0.028210702146494904,
                0.9234487245525197,
                0.38268343236508984
            ]
        },
        "4": {
            "type": "line",
            "start": [
                70.924987199204,
                96.160608692534,
                5.0
            ],
            "end": [
                70.52019995106927,
                109.41090874051001,
                5.0
            ],
            "length": 13.256481587421513,
            "solid_ids": [
                1,
                2
            ],
            "preferred_normal": [
                0.9234487245525197,
                0.028210702146494904,
                0.38268343236508984
            ]
        }
    }
}