{
    "contact_edges": {
        "1": {
            "type": "line",
            "start": [
                22.045265828345,
                -80.97946195882,
                5.0
            ],
            "end": [
                10.697713977210862,
                -89.56024856937512,
                5.0
            ],
            "length": 14.226624050352207,
            "solid_ids": [
                1,
                2
            ],
            "preferred_normal": [
                0.5572378305830405,
                -0.7369120644692827,
                0.3826834323650898
            ]
        },
        "2": {
            "type": "line",
            "start": [
                22.045265828345,
                -80.97946195882,
                5.0
            ],
            "end": [
                -111.53815557590073,
                95.67623053584688,
                5.0
            ],
            "length": 221.47632867833664,
            "solid_ids": [
                1,
                2
            ],
            "preferred_normal": [
                0.7369120644692827,
                0.5572378305830405,
                0.3826834323650898
            ]
        },
        "3": {
            "type": "line",
            "start": [
                10.697713977207,
                -89.56024856937,
                5.0
            ],
            "end": [
                -122.88570742705939,
                87.09544392532419,
                5.0
            ],
            "length": 221.4763286783709,
            "solid_ids": [
                1,
                2
            ],
            "preferred_normal": [
                -0.7369120644692827,
                -0.5572378305830405,
                0.3826834323650898
            ]
        },
        "4": {
            "type": "line",
            "start": [
                -111.5381555758,
                95.676230535923,
                5.0
            ],
            "end": [
                -122.8857074269755,
                87.0954439253366,
                5.0
            ],
            "length": 14.226624050404062,
            "solid_ids": [
                1,
                2
            ],
            "preferred_normal": [
                -0.5572378305830405,
                0.7369120644692827,
                0.3826834323650898
            ]
        },
        "5": {
            "type": "line",
            "start": [
                -40.41098636684,
                -38.551826316260005,
                5.0
            ],
            "end": [
                -86.55577530645861,
                -73.4455718813351,
                5.0
            ],
            "length": 57.85252825799531,
            "solid_ids": [
                1,
                3
            ],
            "preferred_normal": [
                0.5572378305830405,
                -0.7369120644692827,
                0.3826834323650898
            ]
        },
        "6": {
            "type": "line",
            "start": [
                -40.41098636686127,
                -38.55182631627606,
                5.0
            ],
            "end": [
                -42.93647071909766,
                -35.212031733693344,
                5.0
            ],
            "length": 4.187158829951372,
            "solid_ids": [
                1,
                3
            ],
            "preferred_normal": [
                0.7369120644692827,
                0.5572378305830405,
                0.3826834323650898
            ]
        },
        "7": {
            "type": "line",
            "start": [
                -86.55577530647,
                -73.44557188132,
                5.0
            ],
            "end": [
                -89.08125965870276,
                -70.10577729874208,
                5.0
            ],
            "length": 4.187158829945361,
            "solid_ids": [
                1,
                3
            ],
            "preferred_normal": [
                -0.7369120644692827,
                -0.5572378305830405,
                0.3826834323650898
            ]
        },
        "8": {
            "type": "line",
            "start": [
                -42.93647071907155,
                -35.21203173369117,
                5.0
            ],
            "end": [
                -89.0812596586838,
                -70.10577729876145,
                5.0
            ],
            "length": 57.85252825798734,
            "solid_ids": [
                1,
                3
            ],
            "preferred_normal": [
                -0.5572378305830405,
                0.7369120644692827,
                0.3826834323650898
            ]
        },
        "9": {
            "type": "line",
            "start": [
                -32.43470765801,
                -32.52032750095,
                15.0
            ],
            "end": [
                -32.43470765801,
                -32.52032750095,
                48.98782003774
            ],
            "length": 33.98782003774,
            "solid_ids": [
                2,
                3
            ],
            "preferred_normal": [
                0.25199885920350695,
                -0.9677275313641391,
                0.0
            ]
        },
        "10": {
            "type": "line",
            "start": [
                -32.43470765803064,
                -32.520327500965585,
                15.0
            ],
            "end": [
                -34.96019201025858,
                -29.180532918394032,
                15.0
            ],
            "length": 4.18715882993737,
            "solid_ids": [
                2,
                3
            ],
            "preferred_normal": [
                -0.3052389713795332,
                -0.23081546689485624,
                -0.9238795325112868
            ]
        },
        "11": {
            "type": "line",
            "start": [
                -32.43470765801,
                -32.52032750095,
                48.98782003774
            ],
            "end": [
                -34.96019201023795,
                -29.180532918378443,
                48.98782003774
            ],
            "length": 4.187158829937379,
            "solid_ids": [
                2,
                3
            ],
            "preferred_normal": [
                -0.3052389713795336,
                -0.23081546689485652,
                0.9238795325112867
            ]
        },
        "12": {
            "type": "line",
            "start": [
                -34.96019201024,
                -29.18053291838,
                15.0
            ],
            "end": [
                -34.96019201024,
                -29.18053291838,
                48.98782003774
            ],
            "length": 33.98782003774,
            "solid_ids": [
                2,
                3
            ],
            "preferred_normal": [
                -0.862476801962574,
                0.5060965975744262,
                0.0
            ]
        }
    }
}