{
    "contact_edges": {
        "1": {
            "type": "line",
            "start": [
                69.873089811649,
                94.780543562442,
                5.0
            ],
            "end": [
                20.091779097186958,
                -2.9063085776536606,
                5.0
            ],
            "length": 109.63986491003502,
            "solid_ids": [
                1,
                2
            ],
            "preferred_normal": [
                0.823157556439404,
                -0.4194818564252608,
                0.38268343236508984
            ]
        },
        "2": {
            "type": "line",
            "start": [
                69.873089811649,
                94.780543562442,
                5.0
            ],
            "end": [
                56.10108790768271,
                101.79876854279335,
                5.0
            ],
            "length": 15.457151041433173,
            "solid_ids": [
                1,
                2
            ],
            "preferred_normal": [
                0.4194818564252608,
                0.823157556439404,
                0.38268343236508984
            ]
        },
        "3": {
            "type": "line",
            "start": [
                20.09177909717,
                -2.906308577645,
                5.0
            ],
            "end": [
                6.319777193200877,
                4.1119164027077995,
                5.0
            ],
            "length": 15.457151041436362,
            "solid_ids": [
                1,
                2
            ],
            "preferred_normal": [
                -0.4194818564252608,
                -0.823157556439404,
                0.38268343236508984
            ]
        },
        "4": {
            "type": "line",
            "start": [
                56.101087907681,
                101.79876854279,
                5.0
            ],
            "end": [
                6.3197771932217925,
                4.111916402699893,
                5.0
            ],
            "length": 109.63986491002878,
            "solid_ids": [
                1,
                2
            ],
            "preferred_normal": [
                -0.823157556439404,
                0.4194818564252608,
                0.38268343236508984
            ]
        }
    }
}