{
    "contact_edges": {
        "1": {
            "type": "line",
            "start": [
                129.52752908126,
                35.478551276202,
                5.0
            ],
            "end": [
                48.089631511031385,
                -147.7837825410971,
                5.0
            ],
            "length": 200.54230016837403,
            "solid_ids": [
                1,
                2
            ],
            "preferred_normal": [
                0.8442723512790078,
                -0.37517674162864834,
                0.3826834323650899
            ]
        },
        "2": {
            "type": "line",
            "start": [
                129.52752908126,
                35.478551276202,
                5.0
            ],
            "end": [
                117.23196305544275,
                40.94244025830318,
                5.0
            ],
            "length": 13.45492574130227,
            "solid_ids": [
                1,
                2
            ],
            "preferred_normal": [
                0.37517674162864834,
                0.8442723512790078,
                0.3826834323650899
            ]
        },
        "3": {
            "type": "line",
            "start": [
                48.089631511038,
                -147.7837825411,
                5.0
            ],
            "end": [
                35.794065485226405,
                -142.31989355900134,
                5.0
            ],
            "length": 13.454925741296067,
            "solid_ids": [
                1,
                2
            ],
            "preferred_normal": [
                -0.37517674162864834,
                -0.8442723512790078,
                0.3826834323650899
            ]
        },
        "4": {
            "type": "line",
            "start": [
                117.23196305544,
                40.942440258297,
                5.0
            ],
            "end": [
                35.79406548521472,
                -142.31989355899458,
                5.0
            ],
            "length": 200.54230016836576,
            "solid_ids": [
                1,
                2
            ],
            "preferred_normal": [
                -0.8442723512790078,
                0.37517674162864834,
                0.3826834323650899
            ]
        },
        "5": {
            "type": "line",
            "start": [
                62.864998780056,
                -56.776115738659996,
                5.0
            ],
            "end": [
                10.534032711688203,
                -33.521343382243785,
                5.0
            ],
            "length": 57.265298803004605,
            "solid_ids": [
                1,
                4
            ],
            "preferred_normal": [
                0.37517674162864834,
                0.8442723512790078,
                0.3826834323650899
            ]
        },
        "6": {
            "type": "line",
            "start": [
                62.8649987800435,
                -56.77611573865444,
                5.0
            ],
            "end": [
                60.95960423147524,
                -61.063886693353446,
                5.0
            ],
            "length": 4.692068642472536,
            "solid_ids": [
                1,
                4
            ],
            "preferred_normal": [
                0.8442723512790078,
                -0.3751767416286483,
                0.38268343236508984
            ]
        },
        "7": {
            "type": "line",
            "start": [
                10.53403271166628,
                -33.52134338225345,
                5.0
            ],
            "end": [
                8.628638163101888,
                -37.809114336943736,
                5.0
            ],
            "length": 4.692068642462998,
            "solid_ids": [
                1,
                4
            ],
            "preferred_normal": [
                -0.8442723512790078,
                0.37517674162864834,
                0.3826834323650898
            ]
        },
        "8": {
            "type": "line",
            "start": [
                60.95960423149,
                -61.063886693360004,
                5.0
            ],
            "end": [
                8.628638163119325,
                -37.809114336942514,
                5.0
            ],
            "length": 57.26529880300776,
            "solid_ids": [
                1,
                4
            ],
            "preferred_normal": [
                -0.37517674162864834,
                -0.8442723512790078,
                0.3826834323650899
            ]
        },
        "9": {
            "type": "line",
            "start": [
                1.395694632211,
                -29.46045959356,
                15.0
            ],
            "end": [
                1.395694632211,
                -29.46045959356,
                68.391134929689
            ],
            "length": 53.391134929689,
            "solid_ids": [
                3,
                4
            ],
            "preferred_normal": [
                0.7248857998650352,
                0.6888690566094751,
                0.0
            ]
        },
        "10": {
            "type": "line",
            "start": [
                1.3956946321973909,
                -29.460459593553946,
                15.0
            ],
            "end": [
                -0.5096999163707102,
                -33.748230548252586,
                15.0
            ],
            "length": 4.692068642472138,
            "solid_ids": [
                3,
                4
            ],
            "preferred_normal": [
                0.3497090582363866,
                -0.15540329466953254,
                -0.9238795325112868
            ]
        },
        "11": {
            "type": "line",
            "start": [
                1.395694632211,
                -29.46045959356,
                68.391134929689
            ],
            "end": [
                -0.5096999163570934,
                -33.748230548258626,
                68.391134929689
            ],
            "length": 4.692068642472122,
            "solid_ids": [
                3,
                4
            ],
            "preferred_normal": [
                0.34970905823638704,
                -0.15540329466953273,
                0.9238795325112867
            ]
        },
        "12": {
            "type": "line",
            "start": [
                -0.509699916354,
                -33.74823054826,
                15.0
            ],
            "end": [
                -0.509699916354,
                -33.74823054826,
                68.391134929689
            ],
            "length": 53.391134929689,
            "solid_ids": [
                3,
                4
            ],
            "preferred_normal": [
                -0.025467683392261384,
                -0.9996756459485404,
                0.0
            ]
        },
        "13": {
            "type": "line",
            "start": [
                43.499218409559,
                65.286461183944,
                5.0
            ],
            "end": [
                -49.649110325092195,
                -144.32823448489012,
                5.0
            ],
            "length": 229.379449354986,
            "solid_ids": [
                1,
                3
            ],
            "preferred_normal": [
                0.8442723512790078,
                -0.37517674162864834,
                0.3826834323650899
            ]
        },
        "14": {
            "type": "line",
            "start": [
                43.499218409559,
                65.286461183944,
                5.0
            ],
            "end": [
                33.37252629505999,
                69.78654856124425,
                5.0
            ],
            "length": 11.0815468047197,