{
    "contact_edges": {
        "1": {
            "type": "line",
            "start": [
                120.20168125853,
                8.731548344905,
                5.0
            ],
            "end": [
                113.66683270887542,
                2.105049026391509,
                5.0
            ],
            "length": 9.306703969998315,
            "solid_ids": [
                1,
                2
            ],
            "preferred_normal": [
                0.6578147443294807,
                -0.6487165426717695,
                0.3826834323650898
            ]
        },
        "2": {
            "type": "line",
            "start": [
                120.20168125853,
                8.731548344905,
                5.0
            ],
            "end": [
                -8.624371321733781,
                135.77581446439726,
                5.0
            ],
            "length": 180.9320241893437,
            "solid_ids": [
                1,
                2
            ],
            "preferred_normal": [
                0.6487165426717694,
                0.6578147443294807,
                0.3826834323650898
            ]
        },
        "3": {
            "type": "line",
            "start": [
                113.66683270888,
                2.105049026387,
                5.0
            ],
            "end": [
                -15.15921987138735,
                129.14931514588275,
                5.0
            ],
            "length": 180.9320241893487,
            "solid_ids": [
                1,
                2
            ],
            "preferred_normal": [
                -0.6487165426717694,
                -0.6578147443294807,
                0.3826834323650898
            ]
        },
        "4": {
            "type": "line",
            "start": [
                -8.624371321731,
                135.7758144644,
                5.0
            ],
            "end": [
                -15.159219871391027,
                129.149315145881,
                5.0
            ],
            "length": 9.306703970006076,
            "solid_ids": [
                1,
                2
            ],
            "preferred_normal": [
                -0.6578147443294807,
                0.6487165426717695,
                0.3826834323650898
            ]
        },
        "5": {
            "type": "line",
            "start": [
                108.53844636252,
                97.324854789616,
                5.0
            ],
            "end": [
                77.01814919534532,
                65.36248777979966,
                5.0
            ],
            "length": 44.890110696869485,
            "solid_ids": [
                1,
                3
            ],
            "preferred_normal": [
                0.6578147443294807,
                -0.6487165426717695,
                0.3826834323650898
            ]
        },
        "6": {
            "type": "line",
            "start": [
                108.53844636252,
                97.324854789616,
                5.0
            ],
            "end": [
                104.7172433953469,
                101.093206896467,
                5.0
            ],
            "length": 5.366755977081584,
            "solid_ids": [
                1,
                3
            ],
            "preferred_normal": [
                0.6487165426717694,
                0.6578147443294807,
                0.3826834323650898
            ]
        },
        "7": {
            "type": "line",
            "start": [
                77.01814919534225,
                65.36248777979522,
                5.0
            ],
            "end": [
                73.19694622816819,
                69.13083988664717,
                5.0
            ],
            "length": 5.3667559770829305,
            "solid_ids": [
                1,
                3
            ],
            "preferred_normal": [
                -0.6487165426717694,
                -0.6578147443294807,
                0.38268343236508984
            ]
        },
        "8": {
            "type": "line",
            "start": [
                104.71724339534,
                101.09320689646,
                5.0
            ],
            "end": [
                73.19694622817227,
                69.13083988665072,
                5.0
            ],
            "length": 44.89011069685959,
            "solid_ids": [
                1,
                3
            ],
            "preferred_normal": [
                -0.6578147443294807,
                0.6487165426717695,
                0.3826834323650898
            ]
        },
        "9": {
            "type": "line",
            "start": [
                69.996491935461,
                58.242352294804,
                15.0
            ],
            "end": [
                69.996491935461,
                58.242352294804,
                76.144051916158
            ],
            "length": 61.144051916158006,
            "solid_ids": [
                2,
                3
            ],
            "preferred_normal": [
                0.9265219344399123,
                -0.37624075404150836,
                0.0
            ]
        },
        "10": {
            "type": "line",
            "start": [
                69.9964919354592,
                58.24235229480222,
                15.0
            ],
            "end": [
                66.17528896828516,
                62.010704401654145,
                15.0
            ],
            "length": 5.366755977082906,
            "solid_ids": [
                2,
                3
            ],
            "preferred_normal": [
                0.26870719011043126,
                0.2724757886302606,
                -0.9238795325112868
            ]
        },
        "11": {
            "type": "line",
            "start": [
                69.996491935461,
                58.242352294804,
                76.144051916158
            ],
            "end": [
                66.17528896828694,
                62.01070440165593,
                76.144051916158
            ],
            "length": 5.366755977082916,
            "solid_ids": [
                2,
                3
            ],
            "preferred_normal": [
                0.26870719011043165,
                0.272475788630261,
                0.9238795325112867
            ]
        },
        "12": {
            "type": "line",
            "start": [
                66.175288968287,
                62.010704401656,
                15.0
            ],
            "end": [
                66.175288968287,
                62.010704401656,
                76.144051916158
            ],
            "length": 61.144051916158006,
            "solid_ids": [
                2,
                3
            ],
            "preferred_normal": [
                -0.38910755421904897,
                0.9211923313020304,
                0.0
            ]
        }
    }
}