{
    "contact_edges": {
        "1": {
            "type": "line",
            "start": [
                81.880707601416,
                -65.96269255776,
                5.0
            ],
            "end": [
                78.7138826936645,
                -76.61691554370046,
                5.0
            ],
            "length": 11.11491104015221,
            "solid_ids": [
                1,
                2
            ],
            "preferred_normal": [
                0.8855868046054004,
                -0.2632288018095097,
                0.38268343236508984
            ]
        },
        "2": {
            "type": "line",
            "start": [
                81.880707601416,
                -65.96269255776,
                5.0
            ],
            "end": [
                -66.8546280054461,
                -21.75310861305037,
                5.0
            ],
            "length": 155.16664387248386,
            "solid_ids": [
                1,
                2
            ],
            "preferred_normal": [
                0.2632288018095097,
                0.8855868046054004,
                0.38268343236508984
            ]
        },
        "3": {
            "type": "line",
            "start": [
                78.713882693663,
                -76.6169155437,
                5.0
            ],
            "end": [
                -70.0214529131936,
                -32.407331598992016,
                5.0
            ],
            "length": 155.16664387247812,
            "solid_ids": [
                1,
                2
            ],
            "preferred_normal": [
                -0.2632288018095097,
                -0.8855868046054004,
                0.38268343236508984
            ]
        },
        "4": {
            "type": "line",
            "start": [
                -66.85462800544,
                -21.75310861303,
                5.0
            ],
            "end": [
                -70.021452913194,
                -32.407331598978814,
                5.0
            ],
            "length": 11.114911040160921,
            "solid_ids": [
                1,
                2
            ],
            "preferred_normal": [
                -0.8855868046054004,
                0.2632288018095097,
                0.38268343236508984
            ]
        },
        "5": {
            "type": "line",
            "start": [
                -31.23046080232,
                -54.36983329652,
                5.0
            ],
            "end": [
                -55.199617159696366,
                -135.00982573540705,
                5.0
            ],
            "length": 84.12686156649443,
            "solid_ids": [
                1,
                3
            ],
            "preferred_normal": [
                0.8855868046054004,
                -0.2632288018095097,
                0.38268343236508984
            ]
        },
        "6": {
            "type": "line",
            "start": [
                -31.23046080232051,
                -54.36983329652169,
                5.0
            ],
            "end": [
                -39.719310170732136,
                -51.84663665857714,
                5.0
            ],
            "length": 8.855906778716516,
            "solid_ids": [
                1,
                3
            ],
            "preferred_normal": [
                0.2632288018095097,
                0.8855868046054004,
                0.3826834323650898
            ]
        },
        "7": {
            "type": "line",
            "start": [
                -55.19961715972,
                -135.0098257354,
                5.0
            ],
            "end": [
                -63.68846652812715,
                -132.48662909745678,
                5.0
            ],
            "length": 8.855906778711848,
            "solid_ids": [
                1,
                3
            ],
            "preferred_normal": [
                -0.2632288018095097,
                -0.8855868046054004,
                0.38268343236508984
            ]
        },
        "8": {
            "type": "line",
            "start": [
                -39.71931017073,
                -51.84663665857,
                5.0
            ],
            "end": [
                -63.688466528120834,
                -132.48662909750573,
                5.0
            ],
            "length": 84.12686156654522,
            "solid_ids": [
                1,
                3
            ],
            "preferred_normal": [
                -0.8855868046054004,
                0.2632288018095097,
                0.38268343236508984
            ]
        },
        "9": {
            "type": "line",
            "start": [
                -28.38129278261,
                -44.78431079665,
                15.0
            ],
            "end": [
                -28.38129278261,
                -44.78431079665,
                63.07616691616
            ],
            "length": 48.07616691616,
            "solid_ids": [
                2,
                3
            ],
            "preferred_normal": [
                0.7765538648886819,
                -0.6300508669357188,
                0.0
            ]
        },
        "10": {
            "type": "line",
            "start": [
                -28.381292782613247,
                -44.78431079666087,
                15.0
            ],
            "end": [
                -36.87014215102487,
                -42.26111415871632,
                15.0
            ],
            "length": 8.855906778716516,
            "solid_ids": [
                2,
                3
            ],
            "preferred_normal": [
                -0.28491680197092567,
                -0.9585522499867498,
                0.0
            ]
        },
        "11": {
            "type": "line",
            "start": [
                -28.38129278261,
                -44.78431079665,
                63.07616691616
            ],
            "end": [
                -36.87014215102162,
                -42.261114158705446,
                63.07616691616
            ],
            "length": 8.855906778716509,
            "solid_ids": [
                2,
                3
            ],
            "preferred_normal": [
                -0.10903293971671844,
                -0.3668220651262091,
                0.9238795325112867
            ]
        },
        "12": {
            "type": "line",
            "start": [
                -36.87014215102,
                -42.2611141587,
                15.0
            ],
            "end": [
                -36.87014215102,
                -42.2611141587,
                63.07616691616
            ],
            "length": 48.07616691616,
            "solid_ids": [
                2,
                3
            ],
            "preferred_normal": [
                -0.9946197443221189,
                -0.10359326331669942,
                0.0
            ]
        }
    }
}