{
    "contact_edges": {
        "1": {
            "type": "line",
            "start": [
                -80.86151089804,
                -59.3625157479,
                5.0
            ],
            "end": [
                -85.83475274502189,
                -49.33561426529597,
                5.0
            ],
            "length": 11.192492475334467,
            "solid_ids": [
                1,
                2
            ],
            "preferred_normal": [
                -0.8276663196066262,
                -0.41051413371782464,
                0.3826834323650899
            ]
        },
        "2": {
            "type": "line",
            "start": [
                -80.86151089804,
                -59.3625157479,
                5.0
            ],
            "end": [
                106.97047140523412,
                33.800250058950915,
                5.0
            ],
            "length": 209.66677015864872,
            "solid_ids": [
                1,
                2
            ],
            "preferred_normal": [
                0.4105141337178246,
                -0.8276663196066261,
                0.38268343236508984
            ]
        },
        "3": {
            "type": "line",
            "start": [
                -85.83475274503,
                -49.3356142653,
                5.0
            ],
            "end": [
                101.99722955825055,
                43.82715154155411,
                5.0
            ],
            "length": 209.6667701586559,
            "solid_ids": [
                1,
                2
            ],
            "preferred_normal": [
                -0.4105141337178246,
                0.8276663196066261,
                0.38268343236508984
            ]
        },
        "4": {
            "type": "line",
            "start": [
                106.97047140518,
                33.80025005906,
                5.0
            ],
            "end": [
                101.99722955820168,
                43.82715154165683,
                5.0
            ],
            "length": 11.19249247532644,
            "solid_ids": [
                1,
                2
            ],
            "preferred_normal": [
                0.8276663196066262,
                0.41051413371782464,
                0.3826834323650899
            ]
        }
    }
}