{
    "contact_edges": {
        "1": {
            "type": "line",
            "start": [
                -64.60599321206,
                114.83769728494,
                5.0
            ],
            "end": [
                -81.12481892454136,
                -73.18804454842078,
                5.0
            ],
            "length": 188.749970052726,
            "solid_ids": [
                1,
                2
            ],
            "preferred_normal": [
                0.9203346332535451,
                -0.08085513853390032,
                0.38268343236508984
            ]
        },
        "2": {
            "type": "line",
            "start": [
                -64.60599321206,
                114.83769728494,
                5.0
            ],
            "end": [
                -80.63350713247038,
                116.24577953194569,
                5.0
            ],
            "length": 16.089247902971763,
            "solid_ids": [
                1,
                2
            ],
            "preferred_normal": [
                0.08085513853390032,
                0.9203346332535451,
                0.38268343236508984
            ]
        },
        "3": {
            "type": "line",
            "start": [
                -81.12481892455,
                -73.18804454842,
                5.0
            ],
            "end": [
                -97.15233284496038,
                -71.77996230141432,
                5.0
            ],
            "length": 16.089247902971763,
            "solid_ids": [
                1,
                2
            ],
            "preferred_normal": [
                -0.08085513853390032,
                -0.9203346332535451,
                0.38268343236508984
            ]
        },
        "4": {
            "type": "line",
            "start": [
                -80.63350713247,
                116.24577953195,
                5.0
            ],
            "end": [
                -97.15233284495136,
                -71.77996230141078,
                5.0
            ],
            "length": 188.749970052726,
            "solid_ids": [
                1,
                2
            ],
            "preferred_normal": [
                -0.9203346332535451,
                0.08085513853390032,
                0.38268343236508984
            ]
        },
        "5": {
            "type": "line",
            "start": [
                -95.27889576056992,
                63.808010904488896,
                5.0
            ],
            "end": [
                -171.5199321994003,
                70.50609586238866,
                5.0
            ],
            "length": 76.53469787861127,
            "solid_ids": [
                1,
                3
            ],
            "preferred_normal": [
                0.08085513853390032,
                0.9203346332535451,
                0.38268343236508984
            ]
        },
        "6": {
            "type": "line",
            "start": [
                -95.2788957605602,
                63.80801090448712,
                5.0
            ],
            "end": [
                -95.56518918148245,
                60.54927243312933,
                5.0
            ],
            "length": 3.271290318447853,
            "solid_ids": [
                1,
                3
            ],
            "preferred_normal": [
                0.9203346332535451,
                -0.08085513853390032,
                0.38268343236508984
            ]
        },
        "7": {
            "type": "line",
            "start": [
                -171.5199321994,
                70.506095862392,
                5.0
            ],
            "end": [
                -171.8062256203221,
                67.24735739103593,
                5.0
            ],
            "length": 3.2712903184461273,
            "solid_ids": [
                1,
                3
            ],
            "preferred_normal": [
                -0.9203346332535451,
                0.08085513853390032,
                0.38268343236508984
            ]
        },
        "8": {
            "type": "line",
            "start": [
                -95.56518918149001,
                60.5492724331299,
                5.0
            ],
            "end": [
                -171.80622562030055,
                67.24735739102793,
                5.0
            ],
            "length": 76.53469787859136,
            "solid_ids": [
                1,
                3
            ],
            "preferred_normal": [
                -0.08085513853390032,
                -0.9203346332535451,
                0.38268343236508984
            ]
        },
        "9": {
            "type": "line",
            "start": [
                -85.31726547364,
                62.932841191462,
                15.0
            ],
            "end": [
                -85.31726547364,
                62.932841191462,
                70.906720432412
            ],
            "length": 55.906720432412,
            "solid_ids": [
                2,
                3
            ],
            "preferred_normal": [
                -0.3003599484813866,
                0.9538259282218422,
                0.0
            ]
        },
        "10": {
            "type": "line",
            "start": [
                -85.31726547364065,
                62.93284119146205,
                15.0
            ],
            "end": [
                -85.60355889456298,
                59.67410272010326,
                15.0
            ],
            "length": 3.2712903184488655,
            "solid_ids": [
                2,
                3
            ],
            "preferred_normal": [
                -0.38121508701528706,
                0.033491294968296975,
                -0.9238795325112867
            ]
        },
        "11": {
            "type": "line",
            "start": [
                -85.31726547364,
                62.932841191462,
                70.906720432412
            ],
            "end": [
                -85.60355889456235,
                59.67410272010321,
                70.906720432412
            ],
            "length": 3.2712903184488664,
            "solid_ids": [
                2,
                3
            ],
            "preferred_normal": [
                -0.38121508701528706,
                0.033491294968296975,
                0.9238795325112867
            ]
        },
        "12": {
            "type": "line",
            "start": [
                -85.60355889456,
                59.674102720103,
                15.0
            ],
            "end": [
                -85.60355889456,
                59.674102720103,
                70.906720432412
            ],
            "length": 55.906720432412,
            "solid_ids": [
                2,
                3
            ],
            "preferred_normal": [
                -0.46207022554918725,
                -0.8868433382852483,
                0.0
            ]
        }
    }
}