{
    "contact_edges": {
        "1": {
            "type": "line",
            "start": [
                147.11412243099,
                96.683591044655,
                5.0
            ],
            "end": [
                96.76554601638978,
                -140.17890083390722,
                5.0
            ],
            "length": 242.1545357946012,
            "solid_ids": [
                1,
                2
            ],
            "preferred_normal": [
                0.9036890742027693,
                -0.19209228969382253,
                0.38268343236508984
            ]
        },
        "2": {
            "type": "line",
            "start": [
                147.11412243099,
                96.683591044655,
                5.0
            ],
            "end": [
                130.84364980389145,
                100.14211724637683,
                5.0
            ],
            "length": 16.633991793828663,
            "solid_ids": [
                1,
                2
            ],
            "preferred_normal": [
                0.19209228969382253,
                0.9036890742027693,
                0.38268343236508984
            ]
        },
        "3": {
            "type": "line",
            "start": [
                96.765546016356,
                -140.1789008339,
                5.0
            ],
            "end": [
                80.49507338926338,
                -136.72037463217944,
                5.0
            ],
            "length": 16.633991793822602,
            "solid_ids": [
                1,
                2
            ],
            "preferred_normal": [
                -0.19209228969382253,
                -0.9036890742027693,
                0.38268343236508984
            ]
        },
        "4": {
            "type": "line",
            "start": [
                130.84364980389,
                100.14211724637,
                5.0
            ],
            "end": [
                80.49507338928687,
                -136.72037463220596,
                5.0
            ],
            "length": 242.15453579461524,
            "solid_ids": [
                1,
                2
            ],
            "preferred_normal": [
                -0.9036890742027693,
                0.19209228969382253,
                0.38268343236508984
            ]
        },
        "5": {
            "type": "line",
            "start": [
                109.57093295006977,
                48.16123612820592,
                5.0
            ],
            "end": [
                -20.212901217822466,
                75.7486824991243,
                5.0
            ],
            "length": 132.68349862958564,
            "solid_ids": [
                1,
                4
            ],
            "preferred_normal": [
                0.19209228969382253,
                0.9036890742027693,
                0.38268343236508984
            ]
        },
        "6": {
            "type": "line",
            "start": [
                109.57093295008346,
                48.16123612820412,
                5.0
            ],
            "end": [
                108.17818162044114,
                41.609103496096594,
                5.0
            ],
            "length": 6.698522097817458,
            "solid_ids": [
                1,
                4
            ],
            "preferred_normal": [
                0.9036890742027693,
                -0.19209228969382253,
                0.38268343236508984
            ]
        },
        "7": {
            "type": "line",
            "start": [
                -20.21290121780865,
                75.7486824991336,
                5.0
            ],
            "end": [
                -21.605652547450973,
                69.19654986702606,
                5.0
            ],
            "length": 6.698522097817458,
            "solid_ids": [
                1,
                4
            ],
            "preferred_normal": [
                -0.9036890742027693,
                0.1920922896938225,
                0.3826834323650898
            ]
        },
        "8": {
            "type": "line",
            "start": [
                108.17818162042977,
                41.60910349609792,
                5.0
            ],
            "end": [
                -21.605652547462483,
                69.1965498670163,
                5.0
            ],
            "length": 132.68349862958564,
            "solid_ids": [
                1,
                4
            ],
            "preferred_normal": [
                -0.19209228969382253,
                -0.9036890742027693,
                0.38268343236508984
            ]
        },
        "9": {
            "type": "line",
            "start": [
                -29.99436127188,
                77.827874460146,
                15.0
            ],
            "end": [
                -29.99436127188,
                77.827874460146,
                58.971291344676
            ],
            "length": 43.971291344676,
            "solid_ids": [
                3,
                4
            ],
            "preferred_normal": [
                0.5664125603969957,
                0.8241218425842866,
                0.0
            ]
        },
        "10": {
            "type": "line",
            "start": [
                -29.994361271873434,
                77.82787446014459,
                15.0
            ],
            "end": [
                -31.38711260151619,
                71.27574182803502,
                15.0
            ],
            "length": 6.698522097819536,
            "solid_ids": [
                3,
                4
            ],
            "preferred_normal": [
                0.37432027070317325,
                -0.07956723161848278,
                -0.9238795325112867
            ]
        },
        "11": {
            "type": "line",
            "start": [
                -29.99436127188,
                77.827874460146,
                58.971291344676
            ],
            "end": [
                -31.38711260152275,
                71.27574182803646,
                58.971291344676
            ],
            "length": 6.698522097819521,
            "solid_ids": [
                3,
                4
            ],
            "preferred_normal": [
                0.3743202707031735,
                -0.07956723161848282,
                0.9238795325112867
            ]
        },
        "12": {
            "type": "line",
            "start": [
                -31.38711260153,
                71.275741828038,
                15.0
            ],
            "end": [
                -31.38711260153,
                71.275741828038,
                58.971291344676
            ],
            "length": 43.971291344676,
            "solid_ids": [
                3,
                4
            ],
            "preferred_normal": [
                0.1822279810093508,
                -0.9832563058212521,
                0.0
            ]
        },
        "13": {
            "type": "line",
            "start": [
                -27.51007378625,
                89.515087213548,
                5.0
            ],
            "end": [
                -75.33388296504411,
                -135.4697568451055,
                5.0
            ],
            "length": 230.01151445192116,
            "solid_ids": [
                1,
                3
            ],
            "preferred_normal": [
                0.9036890742027693,
                -0.19209228969382253,
                0.38268343236508984
            ]
        },
        "14": {
            "type": "line",
            "start": [
                -27.51007378625,
                89.515087213548,
                5.0
            ],
            "end": [
                -39.90383615844008,
                92.14956212306865,
                5.0
            ],
            "length": 12.670667061651034,