{
    "contact_edges": {
        "1": {
            "type": "line",
            "start": [
                -89.5764089862,
                -105.2043832408,
                5.0
            ],
            "end": [
                -97.85474344762665,
                -107.32513052615214,
                5.0
            ],
            "length": 8.545665012365777,
            "solid_ids": [
                1,
                2
            ],
            "preferred_normal": [
                0.22927589692909012,
                -0.8949781861479278,
                0.38268343236508984
            ]
        },
        "2": {
            "type": "line",
            "start": [
                -89.5764089862,
                -105.2043832408,
                5.0
            ],
            "end": [
                -125.64785527773176,
                35.600463697436865,
                5.0
            ],
            "length": 145.35182888035214,
            "solid_ids": [
                1,
                2
            ],
            "preferred_normal": [
                0.8949781861479278,
                0.22927589692909012,
                0.38268343236508984
            ]
        },
        "3": {
            "type": "line",
            "start": [
                -97.85474344764,
                -107.3251305261,
                5.0
            ],
            "end": [
                -133.9261897391561,
                33.47971641207563,
                5.0
            ],
            "length": 145.3518288802889,
            "solid_ids": [
                1,
                2
            ],
            "preferred_normal": [
                -0.8949781861479278,
                -0.22927589692909012,
                0.38268343236508984
            ]
        },
        "4": {
            "type": "line",
            "start": [
                -125.6478552777,
                35.600463697445,
                5.0
            ],
            "end": [
                -133.92618973910234,
                33.4797164120991,
                5.0
            ],
            "length": 8.545665012340674,
            "solid_ids": [
                1,
                2
            ],
            "preferred_normal": [
                -0.22927589692909012,
                0.8949781861479278,
                0.38268343236508984
            ]
        },
        "5": {
            "type": "line",
            "start": [
                96.562429816301,
                -37.84900215429,
                5.0
            ],
            "end": [
                -84.61802580616742,
                -84.26388925635017,
                5.0
            ],
            "length": 187.03127878582833,
            "solid_ids": [
                1,
                3
            ],
            "preferred_normal": [
                0.22927589692909012,
                -0.8949781861479278,
                0.38268343236508984
            ]
        },
        "6": {
            "type": "line",
            "start": [
                96.562429816301,
                -37.84900215429,
                5.0
            ],
            "end": [
                94.86145700407053,
                -31.20925684060012,
                5.0
            ],
            "length": 6.8541612425309895,
            "solid_ids": [
                1,
                3
            ],
            "preferred_normal": [
                0.8949781861479278,
                0.22927589692909012,
                0.38268343236508984
            ]
        },
        "7": {
            "type": "line",
            "start": [
                -84.61802580617893,
                -84.26388925634231,
                5.0
            ],
            "end": [
                -86.31899861841183,
                -77.62414394264303,
                5.0
            ],
            "length": 6.8541612425406955,
            "solid_ids": [
                1,
                3
            ],
            "preferred_normal": [
                -0.8949781861479278,
                -0.22927589692909012,
                0.38268343236508984
            ]
        },
        "8": {
            "type": "line",
            "start": [
                94.861457004071,
                -31.2092568406,
                5.0
            ],
            "end": [
                -86.318998618395,
                -77.62414394265954,
                5.0
            ],
            "length": 187.03127878582586,
            "solid_ids": [
                1,
                3
            ],
            "preferred_normal": [
                -0.22927589692909012,
                0.8949781861479278,
                0.38268343236508984
            ]
        },
        "9": {
            "type": "line",
            "start": [
                -94.30519988736,
                -86.74555368185,
                15.0
            ],
            "end": [
                -94.30519988736,
                -86.74555368185,
                70.887535554875
            ],
            "length": 55.887535554875,
            "solid_ids": [
                2,
                3
            ],
            "preferred_normal": [
                0.5999879996596343,
                -0.8000090001146428,
                0.0
            ]
        },
        "10": {
            "type": "line",
            "start": [
                -94.30519988736654,
                -86.74555368185169,
                15.0
            ],
            "end": [
                -96.00617269959942,
                -80.10580836815242,
                15.0
            ],
            "length": 6.854161242540679,
            "solid_ids": [
                2,
                3
            ],
            "preferred_normal": [
                0.3707121027305443,
                0.09496918603328502,
                -0.9238795325112867
            ]
        },
        "11": {
            "type": "line",
            "start": [
                -94.30519988736,
                -86.74555368185,
                70.887535554875
            ],
            "end": [
                -96.00617269959288,
                -80.10580836815073,
                70.887535554875
            ],
            "length": 6.854161242540679,
            "solid_ids": [
                2,
                3
            ],
            "preferred_normal": [
                0.0,
                0.0,
                1.0
            ]
        },
        "12": {
            "type": "line",
            "start": [
                -96.00617269959,
                -80.10580836815,
                15.0
            ],
            "end": [
                -96.00617269959,
                -80.10580836815,
                70.887535554875
            ],
            "length": 55.887535554875,
            "solid_ids": [
                2,
                3
            ],
            "preferred_normal": [
                0.14143620580145408,
                0.9899473721812129,
                0.0
            ]
        }
    }
}