{
    "contact_edges": {
        "1": {
            "type": "line",
            "start": [
                33.757193006819,
                -86.55585459622,
                5.0
            ],
            "end": [
                20.374799537333303,
                -87.14006020851686,
                5.0
            ],
            "length": 13.39513908735451,
            "solid_ids": [
                1,
                2
            ],
            "preferred_normal": [
                0.04029339333167621,
                -0.9230004512713375,
                0.38268343236508984
            ]
        },
        "2": {
            "type": "line",
            "start": [
                33.757193006819,
                -86.55585459622,
                5.0
            ],
            "end": [
                24.70133554663181,
                120.88660262245989,
                5.0
            ],
            "length": 207.64002892328605,
            "solid_ids": [
                1,
                2
            ],
            "preferred_normal": [
                0.9230004512713375,
                0.04029339333167621,
                0.38268343236508984
            ]
        },
        "3": {
            "type": "line",
            "start": [
                20.374799537333,
                -87.14006020851,
                5.0
            ],
            "end": [
                11.318942077146247,
                120.30239701015994,
                5.0
            ],
            "length": 207.64002892327605,
            "solid_ids": [
                1,
                2
            ],
            "preferred_normal": [
                -0.9230004512713375,
                -0.04029339333167621,
                0.38268343236508984
            ]
        },
        "4": {
            "type": "line",
            "start": [
                24.701335546635,
                120.88660262246,
                5.0
            ],
            "end": [
                11.318942077148865,
                120.30239701016313,
                5.0
            ],
            "length": 13.395139087354947,
            "solid_ids": [
                1,
                2
            ],
            "preferred_normal": [
                -0.04029339333167621,
                0.9230004512713375,
                0.38268343236508984
            ]
        },
        "5": {
            "type": "line",
            "start": [
                9.767505600603226,
                -73.44695273763516,
                5.0
            ],
            "end": [
                -106.77448379830004,
                -78.53456912182867,
                5.0
            ],
            "length": 116.65298596061224,
            "solid_ids": [
                1,
                3
            ],
            "preferred_normal": [
                0.04029339333167621,
                -0.9230004512713375,
                0.38268343236508984
            ]
        },
        "6": {
            "type": "line",
            "start": [
                9.76750560060392,
                -73.44695273762994,
                5.0
            ],
            "end": [
                9.473729061696298,
                -66.71741581943989,
                5.0
            ],
            "length": 6.735946242963595,
            "solid_ids": [
                1,
                3
            ],
            "preferred_normal": [
                0.9230004512713375,
                0.04029339333167621,
                0.3826834323650898
            ]
        },
        "7": {
            "type": "line",
            "start": [
                -106.7744837983,
                -78.53456912183,
                5.0
            ],
            "end": [
                -107.0682603372076,
                -71.80503220364032,
                5.0
            ],
            "length": 6.735946242963226,
            "solid_ids": [
                1,
                3
            ],
            "preferred_normal": [
                -0.9230004512713375,
                -0.04029339333167621,
                0.38268343236508984
            ]
        },
        "8": {
            "type": "line",
            "start": [
                9.473729061695227,
                -66.71741581944521,
                5.0
            ],
            "end": [
                -107.06826033720007,
                -71.80503220363836,
                5.0
            ],
            "length": 116.65298596060425,
            "solid_ids": [
                1,
                3
            ],
            "preferred_normal": [
                -0.04029339333167621,
                0.9230004512713375,
                0.38268343236508984
            ]
        },
        "9": {
            "type": "line",
            "start": [
                19.757990493827,
                -73.01082019098,
                15.0
            ],
            "end": [
                19.757990493827,
                -73.01082019098,
                47.61644034659
            ],
            "length": 32.61644034659,
            "solid_ids": [
                2,
                3
            ],
            "preferred_normal": [
                -0.34202591166139884,
                -0.9396905212633514,
                0.0
            ]
        },
        "10": {
            "type": "line",
            "start": [
                19.75799049382674,
                -73.01082019098,
                15.0
            ],
            "end": [
                19.46421395491912,
                -66.28128327279002,
                15.0
            ],
            "length": 6.735946242963524,
            "solid_ids": [
                2,
                3
            ],
            "preferred_normal": [
                -0.9990484893224556,
                -0.04361325466551989,
                0.0
            ]
        },
        "11": {
            "type": "line",
            "start": [
                19.757990493827,
                -73.01082019098,
                47.61644034659
            ],
            "end": [
                19.46421395491938,
                -66.28128327279003,
                47.61644034659
            ],
            "length": 6.73594624296351,
            "solid_ids": [
                2,
                3
            ],
            "preferred_normal": [
                -0.38231930499307515,
                -0.01669006999201392,
                0.9238795325112867
            ]
        },
        "12": {
            "type": "line",
            "start": [
                19.46421395492,
                -66.28128327279,
                15.0
            ],
            "end": [
                19.46421395492,
                -66.28128327279,
                47.61644034659
            ],
            "length": 32.61644034659,
            "solid_ids": [
                2,
                3
            ],
            "preferred_normal": [
                -0.42261269832475123,
                0.9063103812793234,
                0.0
            ]
        }
    }
}