{
    "contact_edges": {
        "1": {
            "type": "line",
            "start": [
                171.23357295354,
                -122.4523349357,
                5.0
            ],
            "end": [
                -143.02419330159702,
                -155.32504094602942,
                5.0
            ],
            "length": 315.97240140890455,
            "solid_ids": [
                1,
                2
            ],
            "preferred_normal": [
                0.0961173195057036,
                -0.918866068306101,
                0.38268343236508984
            ]
        },
        "2": {
            "type": "line",
            "start": [
                171.23357295354,
                -122.4523349357,
                5.0
            ],
            "end": [
                170.39854989705904,
                -114.4696492262001,
                5.0
            ],
            "length": 8.026240380247067,
            "solid_ids": [
                1,
                2
            ],
            "preferred_normal": [
                0.918866068306101,
                0.0961173195057036,
                0.38268343236508984
            ]
        },
        "3": {
            "type": "line",
            "start": [
                -143.0241933016,
                -155.325040946,
                5.0
            ],
            "end": [
                -143.8592163580812,
                -147.34235523649804,
                5.0
            ],
            "length": 8.026240380249153,
            "solid_ids": [
                1,
                2
            ],
            "preferred_normal": [
                -0.918866068306101,
                -0.0961173195057036,
                0.38268343236508984
            ]
        },
        "4": {
            "type": "line",
            "start": [
                170.39854989706,
                -114.4696492262,
                5.0
            ],
            "end": [
                -143.85921635809683,
                -147.3423552365315,
                5.0
            ],
            "length": 315.97240140892444,
            "solid_ids": [
                1,
                2
            ],
            "preferred_normal": [
                -0.0961173195057036,
                0.918866068306101,
                0.38268343236508984
            ]
        },
        "5": {
            "type": "line",
            "start": [
                -49.3327208972,
                127.95621501168,
                15.0
            ],
            "end": [
                -49.3327208972,
                127.95621501168,
                46.529827780458
            ],
            "length": 31.529827780458,
            "solid_ids": [
                3,
                5
            ],
            "preferred_normal": [
                0.9586791656243114,
                -0.2844894679911263,
                0.0
            ]
        },
        "6": {
            "type": "line",
            "start": [
                -49.332720897199984,
                127.95621501167932,
                15.0
            ],
            "end": [
                -53.46093872061068,
                127.52438577648579,
                15.0
            ],
            "length": 4.150741968117695,
            "solid_ids": [
                3,
                5
            ],
            "preferred_normal": [
                0.03981309731821013,
                -0.3806067874968266,
                -0.9238795325112881
            ]
        },
        "7": {
            "type": "line",
            "start": [
                -49.3327208972,
                127.95621501168,
                46.529827780458
            ],
            "end": [
                -53.46093872061068,
                127.52438577648648,
                46.529827780458
            ],
            "length": 4.150741968117679,
            "solid_ids": [
                3,
                5
            ],
            "preferred_normal": [
                0.039813097318210484,
                -0.38060678749682997,
                0.9238795325112866
            ]
        },
        "8": {
            "type": "line",
            "start": [
                -53.46093872061,
                127.52438577648,
                15.0
            ],
            "end": [
                -53.46093872061,
                127.52438577648,
                46.529827780458
            ],
            "length": 31.529827780458,
            "solid_ids": [
                3,
                5
            ],
            "preferred_normal": [
                -0.8790529709878905,
                -0.47672410700253337,
                0.0
            ]
        },
        "9": {
            "type": "line",
            "start": [
                -22.91049102323207,
                -124.63604000560021,
                5.0
            ],
            "end": [
                -48.29235452772834,
                118.01048035720127,
                5.0
            ],
            "length": 243.97043435452647,
            "solid_ids": [
                1,
                5
            ],
            "preferred_normal": [
                0.918866068306101,
                0.0961173195057036,
                0.38268343236508984
            ]
        },
        "10": {
            "type": "line",
            "start": [
                -22.91049102322173,
                -124.63604000567982,
                5.0
            ],
            "end": [
                -27.038708846632375,
                -125.06786924087335,
                5.0
            ],
            "length": 4.150741968117646,
            "solid_ids": [
                1,
                5
            ],
            "preferred_normal": [
                0.0961173195057036,
                -0.918866068306101,
                0.38268343236508984
            ]
        },
        "11": {
            "type": "line",
            "start": [
                -48.29235452774004,
                118.01048035719928,
                5.0
            ],
            "end": [
                -52.420572351150675,
                117.57865112200577,
                5.0
            ],
            "length": 4.150741968117637,
            "solid_ids": [
                1,
                5
            ],
            "preferred_normal": [
                -0.09611731950570358,
                0.918866068306101,
                0.3826834323650898
            ]
        },
        "12": {
            "type": "line",
            "start": [
                -27.03870884664207,
                -125.0678692408002,
                5.0
            ],
            "end": [
                -52.42057235113835,
                117.57865112200129,
                5.0
            ],
            "length": 243.97043435452647,
            "solid_ids": [
                1,
                5
            ],
            "preferred_normal": [
                -0.918866068306101,
                -0.0961173195057036,
                0.38268343236508984
            ]
        },
        "13": {
            "type": "line",
            "start": [
                57.51482905731293,
                -116.22320765370021,
                5.0
            ],
            "end": [
                32.13296555281459,
                126.42331270912106,
                5.0
            ],
            "length": 243.97043435454637,
            "solid_ids": [
                1,
                4
            ],
            "preferred_normal": [
                0.918866068306101,
                0.0961173195057036,
                0.38268343236508984
            ]
        },
        "14": {
            "type": "line",
            "start": [
                57.51482905732125,
                -116.22320765376057,
                5.0
            ],
            "end": [
                52.074729869525115,
                -116.79226528883034,
                5.0
            ],
            "length": 5.469781144167596,