{
    "contact_edges": {
        "1": {
            "type": "line",
            "start": [
                130.65350941114,
                8.400923970264,
                5.0
            ],
            "end": [
                -129.61597762040012,
                17.816197822390013,
                5.0
            ],
            "length": 260.4397305738346,
            "solid_ids": [
                1,
                2
            ],
            "preferred_normal": [
                -0.0333995845633924,
                -0.9232756134244349,
                0.38268343236508984
            ]
        },
        "2": {
            "type": "line",
            "start": [
                130.65350941114,
                8.400923970264,
                5.0
            ],
            "end": [
                131.1865350417965,
                23.135525389670125,
                5.0
            ],
            "length": 14.744239394139726,
            "solid_ids": [
                1,
                2
            ],
            "preferred_normal": [
                0.9232756134244349,
                -0.0333995845633924,
                0.38268343236508984
            ]
        },
        "3": {
            "type": "line",
            "start": [
                -129.6159776204,
                17.816197822393,
                5.0
            ],
            "end": [
                -129.08295198974344,
                32.55079924180057,
                5.0
            ],
            "length": 14.74423939414117,
            "solid_ids": [
                1,
                2
            ],
            "preferred_normal": [
                -0.9232756134244349,
                0.0333995845633924,
                0.38268343236508984
            ]
        },
        "4": {
            "type": "line",
            "start": [
                131.1865350418,
                23.13552538967,
                5.0
            ],
            "end": [
                -129.08295198970018,
                32.55079924179457,
                5.0
            ],
            "length": 260.4397305737946,
            "solid_ids": [
                1,
                2
            ],
            "preferred_normal": [
                0.0333995845633924,
                0.9232756134244349,
                0.38268343236508984
            ]
        },
        "5": {
            "type": "line",
            "start": [
                89.485670355641,
                -73.79851638758,
                5.0
            ],
            "end": [
                86.02604642716217,
                -73.67336415754525,
                5.0
            ],
            "length": 3.4618868853828815,
            "solid_ids": [
                1,
                3
            ],
            "preferred_normal": [
                -0.0333995845633924,
                -0.9232756134244349,
                0.38268343236508984
            ]
        },
        "6": {
            "type": "line",
            "start": [
                89.485670355641,
                -73.79851638758,
                5.0
            ],
            "end": [
                92.14764568842554,
                -0.21266373625199275,
                5.0
            ],
            "length": 73.63398551684752,
            "solid_ids": [
                1,
                3
            ],
            "preferred_normal": [
                0.9232756134244349,
                -0.0333995845633924,
                0.38268343236508984
            ]
        },
        "7": {
            "type": "line",
            "start": [
                86.026046427162,
                -73.67336415755,
                5.0
            ],
            "end": [
                88.68802175994671,
                -0.0875115062175793,
                5.0
            ],
            "length": 73.63398551685194,
            "solid_ids": [
                1,
                3
            ],
            "preferred_normal": [
                -0.9232756134244349,
                0.0333995845633924,
                0.38268343236508984
            ]
        },
        "8": {
            "type": "line",
            "start": [
                92.14764568842592,
                -0.21266373625390567,
                5.0
            ],
            "end": [
                88.68802175994695,
                -0.08751150621915611,
                5.0
            ],
            "length": 3.461886885383024,
            "solid_ids": [
                1,
                3
            ],
            "preferred_normal": [
                0.0333995845633924,
                0.9232756134244349,
                0.3826834323650898
            ]
        },
        "9": {
            "type": "line",
            "start": [
                92.50916018667,
                9.780799490655,
                15.0
            ],
            "end": [
                92.50916018667,
                9.780799490655,
                50.673316684422
            ],
            "length": 35.673316684422,
            "solid_ids": [
                2,
                3
            ],
            "preferred_normal": [
                0.9094410525206508,
                -0.41583286545213216,
                0.0
            ]
        },
        "10": {
            "type": "line",
            "start": [
                92.50916018666999,
                9.780799490654308,
                15.0
            ],
            "end": [
                89.04953625819097,
                9.90595172068906,
                15.0
            ],
            "length": 3.4618868853830667,
            "solid_ids": [
                2,
                3
            ],
            "preferred_normal": [
                -0.03615144982442218,
                -0.9993463226907838,
                0.0
            ]
        },
        "11": {
            "type": "line",
            "start": [
                92.50916018667,
                9.780799490655,
                50.673316684422
            ],
            "end": [
                89.04953625819098,
                9.90595172068975,
                50.673316684422
            ],
            "length": 3.4618868853830667,
            "solid_ids": [
                2,
                3
            ],
            "preferred_normal": [
                -0.013834560903784205,
                -0.38243328088873985,
                0.9238795325112867
            ]
        },
        "12": {
            "type": "line",
            "start": [
                89.049536258191,
                9.90595172069,
                15.0
            ],
            "end": [
                89.049536258191,
                9.90595172069,
                50.673316684422
            ],
            "length": 35.673316684422,
            "solid_ids": [
                2,
                3
            ],
            "preferred_normal": [
                -0.9371101743282192,
                -0.3490336963253473,
                0.0
            ]
        }
    }
}