{
    "contact_edges": {
        "1": {
            "type": "line",
            "start": [
                79.582609846313,
                57.418454397499,
                5.0
            ],
            "end": [
                79.39792321208061,
                40.378469299393,
                5.0
            ],
            "length": 17.040985925014393,
            "solid_ids": [
                1,
                2
            ],
            "preferred_normal": [
                0.923825272534762,
                -0.010012812758987187,
                0.38268343236508984
            ]
        },
        "2": {
            "type": "line",
            "start": [
                79.582609846313,
                57.418454397499,
                5.0
            ],
            "end": [
                -144.92750063390005,
                59.85179083629328,
                5.0
            ],
            "length": 224.52329686262368,
            "solid_ids": [
                1,
                2
            ],
            "preferred_normal": [
                0.010012812758987187,
                0.923825272534762,
                0.38268343236508984
            ]
        },
        "3": {
            "type": "line",
            "start": [
                79.397923212081,
                40.378469299393,
                5.0
            ],
            "end": [
                -145.11218726810006,
                42.81180573818694,
                5.0
            ],
            "length": 224.52329686259168,
            "solid_ids": [
                1,
                2
            ],
            "preferred_normal": [
                -0.010012812758987187,
                -0.923825272534762,
                0.38268343236508984
            ]
        },
        "4": {
            "type": "line",
            "start": [
                -144.9275006339,
                59.851790836296,
                5.0
            ],
            "end": [
                -145.1121872681324,
                42.81180573818935,
                5.0
            ],
            "length": 17.04098592501504,
            "solid_ids": [
                1,
                2
            ],
            "preferred_normal": [
                -0.923825272534762,
                0.010012812758987187,
                0.38268343236508984
            ]
        },
        "5": {
            "type": "line",
            "start": [
                74.12947459042785,
                30.43498365482999,
                5.0
            ],
            "end": [
                72.81029394620272,
                -91.27830985303004,
                5.0
            ],
            "length": 121.7204422194669,
            "solid_ids": [
                1,
                3
            ],
            "preferred_normal": [
                0.923825272534762,
                -0.010012812758987187,
                0.38268343236508984
            ]
        },
        "6": {
            "type": "line",
            "start": [
                74.12947459042698,
                30.434983654828617,
                5.0
            ],
            "end": [
                70.61960857724199,
                30.473025081323403,
                5.0
            ],
            "length": 3.5100721617426687,
            "solid_ids": [
                1,
                3
            ],
            "preferred_normal": [
                0.010012812758987188,
                0.923825272534762,
                0.3826834323650898
            ]
        },
        "7": {
            "type": "line",
            "start": [
                72.810293946201,
                -91.27830985303,
                5.0
            ],
            "end": [
                69.30042793301494,
                -91.2402684265352,
                5.0
            ],
            "length": 3.510072161743735,
            "solid_ids": [
                1,
                3
            ],
            "preferred_normal": [
                -0.010012812758987187,
                -0.923825272534762,
                0.38268343236508984
            ]
        },
        "8": {
            "type": "line",
            "start": [
                70.61960857724185,
                30.473025081325,
                5.0
            ],
            "end": [
                69.30042793301678,
                -91.24026842653004,
                5.0
            ],
            "length": 121.72044221946192,
            "solid_ids": [
                1,
                3
            ],
            "preferred_normal": [
                -0.923825272534762,
                0.010012812758987187,
                0.38268343236508984
            ]
        },
        "9": {
            "type": "line",
            "start": [
                74.237852494761,
                40.434396349076,
                15.0
            ],
            "end": [
                74.237852494761,
                40.434396349076,
                70.989840180723
            ],
            "length": 55.98984018072299,
            "solid_ids": [
                2,
                3
            ],
            "preferred_normal": [
                0.919677829692487,
                -0.3926737699059064,
                0.0
            ]
        },
        "10": {
            "type": "line",
            "start": [
                74.23785249476097,
                40.434396349074575,
                15.0
            ],
            "end": [
                70.72798648157496,
                40.47243777556937,
                15.0
            ],
            "length": 3.510072161743692,
            "solid_ids": [
                2,
                3
            ],
            "preferred_normal": [
                -0.010837790433315899,
                -0.9999412694246216,
                0.0
            ]
        },
        "11": {
            "type": "line",
            "start": [
                74.237852494761,
                40.434396349076,
                70.989840180723
            ],
            "end": [
                70.727986481575,
                40.472437775570796,
                70.989840180723
            ],
            "length": 3.5100721617436776,
            "solid_ids": [
                2,
                3
            ],
            "preferred_normal": [
                -0.004147442842274863,
                -0.3826609571469193,
                0.9238795325112867
            ]
        },
        "12": {
            "type": "line",
            "start": [
                70.727986481575,
                40.472437775571,
                15.0
            ],
            "end": [
                70.727986481575,
                40.472437775571,
                70.989840180723
            ],
            "length": 55.98984018072299,
            "solid_ids": [
                2,
                3
            ],
            "preferred_normal": [
                -0.9279727153770368,
                -0.372648144387932,
                0.0
            ]
        }
    }
}