{
    "contact_edges": {
        "1": {
            "type": "line",
            "start": [
                -116.5400833232,
                -69.03305351668,
                5.0
            ],
            "end": [
                -124.44561400942548,
                -54.39652304012375,
                5.0
            ],
            "length": 16.635066571012352,
            "solid_ids": [
                1,
                2
            ],
            "preferred_normal": [
                -0.8128846900938527,
                -0.43905793604522697,
                0.3826834323650898
            ]
        },
        "2": {
            "type": "line",
            "start": [
                -116.5400833232,
                -69.03305351668,
                5.0
            ],
            "end": [
                81.02207504015381,
                37.67486526776601,
                5.0
            ],
            "length": 224.53816234327476,
            "solid_ids": [
                1,
                2
            ],
            "preferred_normal": [
                0.439057936045227,
                -0.8128846900938528,
                0.38268343236508984
            ]
        },
        "3": {
            "type": "line",
            "start": [
                -124.4456140094,
                -54.39652304011,
                5.0
            ],
            "end": [
                73.11654435392325,
                52.311395744319505,
                5.0
            ],
            "length": 224.53816234324003,
            "solid_ids": [
                1,
                2
            ],
            "preferred_normal": [
                -0.439057936045227,
                0.8128846900938528,
                0.38268343236508984
            ]
        },
        "4": {
            "type": "line",
            "start": [
                81.02207504011,
                37.674865267847,
                5.0
            ],
            "end": [
                73.11654435387506,
                52.311395744420736,
                5.0
            ],
            "length": 16.635066571032237,
            "solid_ids": [
                1,
                2
            ],
            "preferred_normal": [
                0.8128846900938527,
                0.43905793604522697,
                0.3826834323650898
            ]
        }
    }
}