{
    "contact_edges": {
        "1": {
            "type": "line",
            "start": [
                16.336157558873,
                -117.9772757294,
                5.0
            ],
            "end": [
                11.153260601822696,
                -126.58344576049379,
                5.0
            ],
            "length": 10.046321887710848,
            "solid_ids": [
                1,
                2
            ],
            "preferred_normal": [
                0.7914403334782356,
                -0.4766294043983574,
                0.3826834323650898
            ]
        },
        "2": {
            "type": "line",
            "start": [
                16.336157558873,
                -117.9772757294,
                5.0
            ],
            "end": [
                -110.21414596320389,
                -41.764839690066445,
                5.0
            ],
            "length": 147.7271631372487,
            "solid_ids": [
                1,
                2
            ],
            "preferred_normal": [
                0.4766294043983573,
                0.7914403334782356,
                0.3826834323650898
            ]
        },
        "3": {
            "type": "line",
            "start": [
                11.153260601833,
                -126.5834457605,
                5.0
            ],
            "end": [
                -115.39704292030119,
                -50.371009721131934,
                5.0
            ],
            "length": 147.7271631373156,
            "solid_ids": [
                1,
                2
            ],
            "preferred_normal": [
                -0.4766294043983573,
                -0.7914403334782356,
                0.3826834323650898
            ]
        },
        "4": {
            "type": "line",
            "start": [
                -110.2141459632,
                -41.76483969006,
                5.0
            ],
            "end": [
                -115.39704292025301,
                -50.371009721158295,
                5.0
            ],
            "length": 10.046321887716113,
            "solid_ids": [
                1,
                2
            ],
            "preferred_normal": [
                -0.7914403334782356,
                0.4766294043983574,
                0.3826834323650898
            ]
        }
    }
}