{
    "contact_edges": {
        "1": {
            "type": "line",
            "start": [
                -74.1862873989,
                46.552639190564,
                5.0
            ],
            "end": [
                -80.3857813474957,
                59.50449837814206,
                5.0
            ],
            "length": 14.359121896325162,
            "solid_ids": [
                1,
                2
            ],
            "preferred_normal": [
                -0.8333349140544591,
                -0.39888132522232844,
                0.3826834323650898
            ]
        },
        "2": {
            "type": "line",
            "start": [
                -74.1862873989,
                46.552639190564,
                5.0
            ],
            "end": [
                87.04613198734731,
                123.72761413633437,
                5.0
            ],
            "length": 178.7508596315638,
            "solid_ids": [
                1,
                2
            ],
            "preferred_normal": [
                0.39888132522232844,
                -0.8333349140544591,
                0.3826834323650898
            ]
        },
        "3": {
            "type": "line",
            "start": [
                -80.3857813475,
                59.50449837814,
                5.0
            ],
            "end": [
                80.8466380387505,
                136.67947332391188,
                5.0
            ],
            "length": 178.75085963156732,
            "solid_ids": [
                1,
                2
            ],
            "preferred_normal": [
                -0.39888132522232844,
                0.8333349140544591,
                0.3826834323650898
            ]
        },
        "4": {
            "type": "line",
            "start": [
                87.046131987335,
                123.72761413636,
                5.0
            ],
            "end": [
                80.84663803873813,
                136.67947332394053,
                5.0
            ],
            "length": 14.359121896327895,
            "solid_ids": [
                1,
                2
            ],
            "preferred_normal": [
                0.8333349140544591,
                0.39888132522232844,
                0.3826834323650898
            ]
        }
    }
}