{
    "contact_edges": {
        "1": {
            "type": "line",
            "start": [
                87.944099328416,
                -102.4402208255,
                5.0
            ],
            "end": [
                -148.1596737954031,
                -121.8140805210621,
                5.0
            ],
            "length": 236.89731556690796,
            "solid_ids": [
                1,
                2
            ],
            "preferred_normal": [
                0.07555641732639151,
                -0.9207847839718432,
                0.3826834323650899
            ]
        },
        "2": {
            "type": "line",
            "start": [
                87.944099328416,
                -102.4402208255,
                5.0
            ],
            "end": [
                86.6696177327184,
                -86.90847246716947,
                5.0
            ],
            "length": 15.583950410735882,
            "solid_ids": [
                1,
                2
            ],
            "preferred_normal": [
                0.9207847839718432,
                0.07555641732639151,
                0.3826834323650899
            ]
        },
        "3": {
            "type": "line",
            "start": [
                -148.1596737954,
                -121.8140805211,
                5.0
            ],
            "end": [
                -149.4341553911033,
                -106.28233216270027,
                5.0
            ],
            "length": 15.583950410805308,
            "solid_ids": [
                1,
                2
            ],
            "preferred_normal": [
                -0.9207847839718432,
                -0.07555641732639151,
                0.3826834323650899
            ]
        },
        "4": {
            "type": "line",
            "start": [
                86.669617732712,
                -86.90847246717,
                5.0
            ],
            "end": [
                -149.43415539109745,
                -106.2823321627313,
                5.0
            ],
            "length": 236.89731556689827,
            "solid_ids": [
                1,
                2
            ],
            "preferred_normal": [
                -0.07555641732639151,
                0.9207847839718432,
                0.3826834323650899
            ]
        },
        "5": {
            "type": "line",
            "start": [
                -35.01514997828119,
                -86.8598940865801,
                5.0
            ],
            "end": [
                -49.08060660606177,
                84.55186550663785,
                5.0
            ],
            "length": 171.98787281954247,
            "solid_ids": [
                1,
                4
            ],
            "preferred_normal": [
                0.9207847839718432,
                0.07555641732639151,
                0.3826834323650899
            ]
        },
        "6": {
            "type": "line",
            "start": [
                -35.01514997828012,
                -86.85989408657855,
                5.0
            ],
            "end": [
                -39.15914062886994,
                -87.19993563857079,
                5.0
            ],
            "length": 4.15791856212422,
            "solid_ids": [
                1,
                4
            ],
            "preferred_normal": [
                0.07555641732639151,
                -0.9207847839718432,
                0.3826834323650899
            ]
        },
        "7": {
            "type": "line",
            "start": [
                -49.080606606059476,
                84.55186550663151,
                5.0
            ],
            "end": [
                -53.22459725664944,
                84.21182395463926,
                5.0
            ],
            "length": 4.157918562124363,
            "solid_ids": [
                1,
                4
            ],
            "preferred_normal": [
                -0.07555641732639151,
                0.920784783971843,
                0.3826834323650898
            ]
        },
        "8": {
            "type": "line",
            "start": [
                -39.15914062887119,
                -87.1999356385701,
                5.0
            ],
            "end": [
                -53.224597256651606,
                84.21182395464585,
                5.0
            ],
            "length": 171.98787281954048,
            "solid_ids": [
                1,
                4
            ],
            "preferred_normal": [
                -0.9207847839718432,
                -0.07555641732639151,
                0.3826834323650899
            ]
        },
        "9": {
            "type": "line",
            "start": [
                -49.89842337402,
                94.518368189829,
                15.0
            ],
            "end": [
                -49.89842337402,
                94.518368189829,
                66.137394284648
            ],
            "length": 51.137394284647996,
            "solid_ids": [
                3,
                4
            ],
            "preferred_normal": [
                0.952081276752756,
                -0.3058451282215264,
                0.0
            ]
        },
        "10": {
            "type": "line",
            "start": [
                -49.89842337401937,
                94.51836818982153,
                15.0
            ],
            "end": [
                -54.0424140246194,
                94.17832663782845,
                15.0
            ],
            "length": 4.157918562134458,
            "solid_ids": [
                3,
                4
            ],
            "preferred_normal": [
                0.03129649278091282,
                -0.38140154554791733,
                -0.9238795325112871
            ]
        },
        "11": {
            "type": "line",
            "start": [
                -49.89842337402,
                94.518368189829,
                66.137394284648
            ],
            "end": [
                -54.042414024619994,
                94.17832663783592,
                66.137394284648
            ],
            "length": 4.157918562134429,
            "solid_ids": [
                3,
                4
            ],
            "preferred_normal": [
                0.03129649278091288,
                -0.38140154554791805,
                0.9238795325112866
            ]
        },
        "12": {
            "type": "line",
            "start": [
                -54.04241402462,
                94.178326637836,
                15.0
            ],
            "end": [
                -54.04241402462,
                94.178326637836,
                66.137394284648
            ],
            "length": 51.137394284647996,
            "solid_ids": [
                3,
                4
            ],
            "preferred_normal": [
                -0.8894882911909303,
                -0.4569579628743094,
                0.0
            ]
        },
        "13": {
            "type": "line",
            "start": [
                128.99621989048,
                109.19784439234,
                5.0
            ],
            "end": [
                -108.8347782725001,
                89.68225457900543,
                5.0
            ],
            "length": 238.63034579231908,
            "solid_ids": [
                1,
                3
            ],
            "preferred_normal": [
                0.07555641732639151,
                -0.9207847839718432,
                0.3826834323650899
            ]
        },
        "14": {
            "type": "line",
            "start": [
                128.99621989048,
                109.19784439234,
                5.0
            ],
            "end": [
                127.70791466836589,
                124.89805739356966,
                5.0
            ],
            "length": 15.752981261631312,