{
    "contact_edges": {
        "1": {
            "type": "line",
            "start": [
                109.51321929978,
                -198.9587194366,
                5.0
            ],
            "end": [
                109.51321929978,
                198.95871943662002,
                5.0
            ],
            "length": 397.91743887322,
            "solid_ids": [
                1,
                2
            ],
            "preferred_normal": [
                -0.9238795325112867,
                0.0,
                0.3826834323650899
            ]
        },
        "2": {
            "type": "line",
            "start": [
                109.51321929978,
                -198.9587194366,
                5.0
            ],
            "end": [
                123.34462562452,
                -198.9587194366,
                5.0
            ],
            "length": 13.831406324740001,
            "solid_ids": [
                1,
                2
            ],
            "preferred_normal": [
                0.0,
                -0.9238795325112867,
                0.3826834323650899
            ]
        },
        "3": {
            "type": "line",
            "start": [
                109.51321929978,
                198.95871943662,
                5.0
            ],
            "end": [
                123.34462562452,
                198.95871943662,
                5.0
            ],
            "length": 13.831406324740001,
            "solid_ids": [
                1,
                2
            ],
            "preferred_normal": [
                0.0,
                0.9238795325112867,
                0.3826834323650899
            ]
        },
        "4": {
            "type": "line",
            "start": [
                123.34462562452,
                -198.9587194366,
                5.0
            ],
            "end": [
                123.34462562452,
                198.95871943662002,
                5.0
            ],
            "length": 397.91743887322,
            "solid_ids": [
                1,
                2
            ],
            "preferred_normal": [
                0.9238795325112867,
                0.0,
                0.3826834323650899
            ]
        },
        "5": {
            "type": "line",
            "start": [
                -24.15673096581,
                -122.7168673972,
                15.0
            ],
            "end": [
                -24.15673096581,
                -122.7168673972,
                55.572360156445
            ],
            "length": 40.572360156445,
            "solid_ids": [
                3,
                5
            ],
            "preferred_normal": [
                -0.9238795325112867,
                0.3826834323650899,
                0.0
            ]
        },
        "6": {
            "type": "line",
            "start": [
                -24.15673096581,
                -122.7168673972,
                15.0
            ],
            "end": [
                -20.148731589410005,
                -122.7168673972,
                15.0
            ],
            "length": 4.007999376399994,
            "solid_ids": [
                3,
                5
            ],
            "preferred_normal": [
                0.0,
                1.0,
                0.0
            ]
        },
        "7": {
            "type": "line",
            "start": [
                -24.15673096581,
                -122.7168673972,
                55.572360156445
            ],
            "end": [
                -20.14873158941,
                -122.7168673972,
                55.572360156445
            ],
            "length": 4.007999376399997,
            "solid_ids": [
                3,
                5
            ],
            "preferred_normal": [
                0.0,
                0.3826834323650899,
                0.9238795325112867
            ]
        },
        "8": {
            "type": "line",
            "start": [
                -20.14873158941,
                -122.7168673972,
                15.0
            ],
            "end": [
                -20.14873158941,
                -122.7168673972,
                55.572360156445
            ],
            "length": 40.572360156445,
            "solid_ids": [
                3,
                5
            ],
            "preferred_normal": [
                0.9238795325112867,
                0.3826834323650899,
                0.0
            ]
        },
        "9": {
            "type": "line",
            "start": [
                109.51321929978,
                -129.0213054776,
                15.0
            ],
            "end": [
                109.51321929978,
                -129.0213054776,
                58.251332542278
            ],
            "length": 43.251332542278,
            "solid_ids": [
                2,
                3
            ],
            "preferred_normal": [
                -0.3826834323650899,
                -0.9238795325112867,
                0.0
            ]
        },
        "10": {
            "type": "line",
            "start": [
                109.51321929978,
                -129.02130547759998,
                15.0
            ],
            "end": [
                109.51321929978,
                -122.71686739720002,
                15.0
            ],
            "length": 6.304438080399962,
            "solid_ids": [
                2,
                3
            ],
            "preferred_normal": [
                -1.0,
                0.0,
                0.0
            ]
        },
        "11": {
            "type": "line",
            "start": [
                109.51321929978,
                -129.0213054776,
                58.251332542278
            ],
            "end": [
                109.51321929978,
                -122.7168673972,
                58.251332542278
            ],
            "length": 6.304438080400004,
            "solid_ids": [
                2,
                3
            ],
            "preferred_normal": [
                -0.3826834323650899,
                0.0,
                0.9238795325112867
            ]
        },
        "12": {
            "type": "line",
            "start": [
                109.51321929978,
                -122.7168673972,
                15.0
            ],
            "end": [
                109.51321929978,
                -122.7168673972,
                58.251332542278
            ],
            "length": 43.251332542278,
            "solid_ids": [
                2,
                3
            ],
            "preferred_normal": [
                -0.3826834323650899,
                0.9238795325112867,
                0.0
            ]
        },
        "13": {
            "type": "line",
            "start": [
                -24.15673096581,
                -112.7168673972,
                5.0
            ],
            "end": [
                -24.15673096581,
                85.70278293795998,
                5.0
            ],
            "length": 198.41965033516,
            "solid_ids": [
                1,
                5
            ],
            "preferred_normal": [
                -0.9238795325112867,
                0.0,
                0.3826834323650899
            ]
        },
        "14": {
            "type": "line",
            "start": [
                -24.15673096581,
                -112.7168673972,
                5.0
            ],
            "end": [
                -20.148731589410005,
                -112.7168673972,
                5.0
            ],
            "length": 4.007999376399994,
            "solid_ids": [
                1,
                5
            ],
            "preferred_normal": [
                0.0,
                -0.9238795325112866,
                0.3826834323650898
            ]
        },
        "15": {
            "type": "line",