{
    "contact_edges": {
        "1": {
            "type": "line",
            "start": [
                -95.96408236854,
                -75.36393720171,
                5.0
            ],
            "end": [
                -113.05569125629866,
                -78.75546244357675,
                5.0
            ],
            "length": 17.424854026313387,
            "solid_ids": [
                1,
                2
            ],
            "preferred_normal": [
                0.17982134887468054,
                -0.9062106118790291,
                0.38268343236508984
            ]
        },
        "2": {
            "type": "line",
            "start": [
                -95.96408236854,
                -75.36393720171,
                5.0
            ],
            "end": [
                -132.063312076767,
                106.55831645156672,
                5.0
            ],
            "length": 185.4692986987725,
            "solid_ids": [
                1,
                2
            ],
            "preferred_normal": [
                0.9062106118790291,
                0.17982134887468054,
                0.38268343236508984
            ]
        },
        "3": {
            "type": "line",
            "start": [
                -113.0556912563,
                -78.75546244357,
                5.0
            ],
            "end": [
                -149.1549209645285,
                103.16679120971436,
                5.0
            ],
            "length": 185.4692986987803,
            "solid_ids": [
                1,
                2
            ],
            "preferred_normal": [
                -0.9062106118790291,
                -0.17982134887468054,
                0.38268343236508984
            ]
        },
        "4": {
            "type": "line",
            "start": [
                -132.0633120767,
                106.55831645158,
                5.0
            ],
            "end": [
                -149.15492096449717,
                103.16679120970561,
                5.0
            ],
            "length": 17.424854026352666,
            "solid_ids": [
                1,
                2
            ],
            "preferred_normal": [
                -0.17982134887468054,
                0.9062106118790291,
                0.38268343236508984
            ]
        },
        "5": {
            "type": "line",
            "start": [
                84.128024614557,
                122.69243553255,
                5.0
            ],
            "end": [
                -117.14468513179608,
                82.75345260317913,
                5.0
            ],
            "length": 205.1970420012732,
            "solid_ids": [
                1,
                3
            ],
            "preferred_normal": [
                0.17982134887468054,
                -0.9062106118790291,
                0.38268343236508984
            ]
        },
        "6": {
            "type": "line",
            "start": [
                84.128024614557,
                122.69243553255,
                5.0
            ],
            "end": [
                82.81982637834442,
                129.2851072676701,
                5.0
            ],
            "length": 6.721212928652185,
            "solid_ids": [
                1,
                3
            ],
            "preferred_normal": [
                0.9062106118790291,
                0.17982134887468054,
                0.38268343236508984
            ]
        },
        "7": {
            "type": "line",
            "start": [
                -117.14468513189045,
                82.75345260318105,
                5.0
            ],
            "end": [
                -118.4528833681035,
                89.34612433830347,
                5.0
            ],
            "length": 6.721212928654546,
            "solid_ids": [
                1,
                3
            ],
            "preferred_normal": [
                -0.9062106118790291,
                -0.17982134887468054,
                0.38268343236508984
            ]
        },
        "8": {
            "type": "line",
            "start": [
                82.819826378344,
                129.28510726767,
                5.0
            ],
            "end": [
                -118.4528833679956,
                89.34612433830182,
                5.0
            ],
            "length": 205.19704200125946,
            "solid_ids": [
                1,
                3
            ],
            "preferred_normal": [
                -0.17982134887468054,
                0.9062106118790291,
                0.38268343236508984
            ]
        },
        "9": {
            "type": "line",
            "start": [
                -126.953438113,
                80.807080348521,
                15.0
            ],
            "end": [
                -126.953438113,
                80.807080348521,
                53.837061061742
            ],
            "length": 38.837061061742,
            "solid_ids": [
                2,
                3
            ],
            "preferred_normal": [
                0.5551860746813954,
                -0.8317261703709123,
                0.0
            ]
        },
        "10": {
            "type": "line",
            "start": [
                -126.95343811309465,
                80.80708034850223,
                15.0
            ],
            "end": [
                -128.2616363493075,
                87.3997520836237,
                15.0
            ],
            "length": 6.721212928653576,
            "solid_ids": [
                2,
                3
            ],
            "preferred_normal": [
                0.37536472580671465,
                0.07448444150811653,
                -0.9238795325112868
            ]
        },
        "11": {
            "type": "line",
            "start": [
                -126.953438113,
                80.807080348521,
                53.837061061742
            ],
            "end": [
                -128.26163634921286,
                87.39975208364244,
                53.837061061742
            ],
            "length": 6.721212928653548,
            "solid_ids": [
                2,
                3
            ],
            "preferred_normal": [
                0.37536472580671487,
                0.07448444150811659,
                0.9238795325112867
            ]
        },
        "12": {
            "type": "line",
            "start": [
                -128.2616363492,
                87.399752083645,
                15.0
            ],
            "end": [
                -128.2616363492,
                87.399752083645,
                53.837061061742
            ],
            "length": 38.837061061742,
            "solid_ids": [
                2,
                3
            ],
            "preferred_normal": [
                0.19554337693203439,
                0.9806950533871456,
                0.0
            ]
        }
    }
}