{
    "contact_edges": {
        "1": {
            "type": "line",
            "start": [
                89.172817884168,
                -50.76548756651,
                5.0
            ],
            "end": [
                -81.68412406749808,
                125.43350038370312,
                5.0
            ],
            "length": 245.43467148663885,
            "solid_ids": [
                1,
                2
            ],
            "preferred_normal": [
                -0.6632585267206904,
                -0.6431496850077538,
                0.38268343236508984
            ]
        },
        "2": {
            "type": "line",
            "start": [
                89.172817884168,
                -50.76548756651,
                5.0
            ],
            "end": [
                99.4220374944564,
                -40.82700641870835,
                5.0
            ],
            "length": 14.27655105917144,
            "solid_ids": [
                1,
                2
            ],
            "preferred_normal": [
                0.6431496850077538,
                -0.6632585267206904,
                0.38268343236508984
            ]
        },
        "3": {
            "type": "line",
            "start": [
                -81.68412406746,
                125.43350038374,
                5.0
            ],
            "end": [
                -71.4349044571766,
                135.3719815315368,
                5.0
            ],
            "length": 14.27655105916447,
            "solid_ids": [
                1,
                2
            ],
            "preferred_normal": [
                -0.6431496850077538,
                0.6632585267206904,
                0.38268343236508984
            ]
        },
        "4": {
            "type": "line",
            "start": [
                99.422037494458,
                -40.82700641871,
                5.0
            ],
            "end": [
                -71.4349044572031,
                135.37198153149797,
                5.0
            ],
            "length": 245.4346714866317,
            "solid_ids": [
                1,
                2
            ],
            "preferred_normal": [
                0.6632585267206904,
                0.6431496850077538,
                0.38268343236508984
            ]
        }
    }
}