{
    "contact_edges": {
        "1": {
            "type": "line",
            "start": [
                71.205266929141,
                -134.2724631612,
                5.0
            ],
            "end": [
                58.06184321709314,
                -135.18434235908754,
                5.0
            ],
            "length": 13.175018426778843,
            "solid_ids": [
                1,
                2
            ],
            "preferred_normal": [
                0.06394423899542839,
                -0.9216639978281506,
                0.38268343236508984
            ]
        },
        "2": {
            "type": "line",
            "start": [
                71.205266929141,
                -134.2724631612,
                5.0
            ],
            "end": [
                58.341611453967325,
                51.13858118292273,
                5.0
            ],
            "length": 185.85674321089942,
            "solid_ids": [
                1,
                2
            ],
            "preferred_normal": [
                0.9216639978281506,
                0.06394423899542839,
                0.38268343236508984
            ]
        },
        "3": {
            "type": "line",
            "start": [
                58.061843217094,
                -135.1843423591,
                5.0
            ],
            "end": [
                45.19818774191942,
                50.226701985035724,
                5.0
            ],
            "length": 185.85674321091244,
            "solid_ids": [
                1,
                2
            ],
            "preferred_normal": [
                -0.9216639978281506,
                -0.06394423899542839,
                0.38268343236508984
            ]
        },
        "4": {
            "type": "line",
            "start": [
                58.341611453971,
                51.138581182923,
                5.0
            ],
            "end": [
                45.19818774192304,
                50.22670198503544,
                5.0
            ],
            "length": 13.175018426778935,
            "solid_ids": [
                1,
                2
            ],
            "preferred_normal": [
                -0.06394423899542839,
                0.9216639978281506,
                0.38268343236508984
            ]
        },
        "5": {
            "type": "line",
            "start": [
                -100.1141234697,
                29.447811413858,
                15.0
            ],
            "end": [
                -100.1141234697,
                29.447811413858,
                72.680185108126
            ],
            "length": 57.680185108126,
            "solid_ids": [
                3,
                5
            ],
            "preferred_normal": [
                0.4457099668468552,
                -0.8951774268006177,
                0.0
            ]
        },
        "6": {
            "type": "line",
            "start": [
                -100.11412346972773,
                29.44781141385608,
                15.0
            ],
            "end": [
                -100.68192952549262,
                37.63191693405354,
                15.0
            ],
            "length": 8.203778817270116,
            "solid_ids": [
                3,
                5
            ],
            "preferred_normal": [
                0.3817657278514265,
                0.02648657102753295,
                -0.9238795325112868
            ]
        },
        "7": {
            "type": "line",
            "start": [
                -100.1141234697,
                29.447811413858,
                72.680185108126
            ],
            "end": [
                -100.68192952546491,
                37.631916934055496,
                72.680185108126
            ],
            "length": 8.203778817270152,
            "solid_ids": [
                3,
                5
            ],
            "preferred_normal": [
                0.38176572785142693,
                0.02648657102753298,
                0.9238795325112867
            ]
        },
        "8": {
            "type": "line",
            "start": [
                -100.6819295254,
                37.63191693406,
                15.0
            ],
            "end": [
                -100.6819295254,
                37.63191693406,
                72.680185108126
            ],
            "length": 57.680185108126,
            "solid_ids": [
                3,
                5
            ],
            "preferred_normal": [
                0.3178214888559984,
                0.9481505688556835,
                0.0
            ]
        },
        "9": {
            "type": "line",
            "start": [
                35.960779055431054,
                38.88856868423816,
                5.0
            ],
            "end": [
                -90.13810424432967,
                30.139938869276047,
                5.0
            ],
            "length": 126.4020050991515,
            "solid_ids": [
                1,
                5
            ],
            "preferred_normal": [
                0.06394423899542839,
                -0.9216639978281506,
                0.38268343236508984
            ]
        },
        "10": {
            "type": "line",
            "start": [
                35.96077905542947,
                38.888568684238926,
                5.0
            ],
            "end": [
                35.39297299966426,
                47.072674204440894,
                5.0
            ],
            "length": 8.203778817274632,
            "solid_ids": [
                1,
                5
            ],
            "preferred_normal": [
                0.9216639978281506,
                0.06394423899542839,
                0.3826834323650898
            ]
        },
        "11": {
            "type": "line",
            "start": [
                -90.13810424432944,
                30.139938869281057,
                5.0
            ],
            "end": [
                -90.70591030009469,
                38.32404438948337,
                5.0
            ],
            "length": 8.203778817274978,
            "solid_ids": [
                1,
                5
            ],
            "preferred_normal": [
                -0.9216639978281506,
                -0.06394423899542839,
                0.38268343236508984
            ]
        },
        "12": {
            "type": "line",
            "start": [
                35.39297299966606,
                47.072674204440155,
                5.0
            ],
            "end": [
                -90.70591030009963,
                38.3240443894777,
                5.0
            ],
            "length": 126.40200509915645,
            "solid_ids": [
                1,
                5
            ],
            "preferred_normal": [
                -0.06394423899542839,
                0.9216639978281506,
                0.38268343236508984
            ]
        },
        "13": {
            "type": "line",
            "start": [
                39.208282239446994,
                -7.919506829111848,
                5.0
            ],
            "end": [
                -86.89060106030975,
                -16.668136644073684,
                5.0
            ],
            "length": 126.4020050991475,
            "solid_ids": [
                1,
                4
            ],
            "preferred_normal": [
                0.06394423899542839,
                -0.9216639978281506,
                0.38268343236508984
            ]
        },
        "14": {
            "type": "line",
            "start": [
                39.208282239443086,
                -7.919506829112294,
                5.0
            ],
            "end": [
                38.79057733041061,
                -1.8988928939173182,
                5.0
            ],
            "length": 6.0350865401992175,