{
    "contact_edges": {
        "1": {
            "type": "line",
            "start": [
                -15.26172063066,
                64.413863392976,
                5.0
            ],
            "end": [
                -92.89333985169316,
                -72.95001247533392,
                5.0
            ],
            "length": 157.7830874854588,
            "solid_ids": [
                1,
                2
            ],
            "preferred_normal": [
                0.804317341254007,
                -0.4545624326221416,
                0.38268343236508984
            ]
        },
        "2": {
            "type": "line",
            "start": [
                -15.26172063066,
                64.413863392976,
                5.0
            ],
            "end": [
                -24.196723926120654,
                69.46350813535985,
                5.0
            ],
            "length": 10.263196184141547,
            "solid_ids": [
                1,
                2
            ],
            "preferred_normal": [
                0.4545624326221416,
                0.8043173412540069,
                0.3826834323650898
            ]
        },
        "3": {
            "type": "line",
            "start": [
                -92.8933398517,
                -72.95001247533,
                5.0
            ],
            "end": [
                -101.82834314711303,
                -67.90036773297307,
                5.0
            ],
            "length": 10.263196184086839,
            "solid_ids": [
                1,
                2
            ],
            "preferred_normal": [
                -0.4545624326221416,
                -0.8043173412540069,
                0.3826834323650898
            ]
        },
        "4": {
            "type": "line",
            "start": [
                -24.19672392612,
                69.463508135361,
                5.0
            ],
            "end": [
                -101.82834314714077,
                -67.900367732927,
                5.0
            ],
            "length": 157.7830874854336,
            "solid_ids": [
                1,
                2
            ],
            "preferred_normal": [
                -0.804317341254007,
                0.4545624326221416,
                0.38268343236508984
            ]
        }
    }
}