{
    "contact_edges": {
        "1": {
            "type": "line",
            "start": [
                -13.50964018151,
                -152.1633899567,
                5.0
            ],
            "end": [
                -47.38578491457229,
                28.93476846703071,
                5.0
            ],
            "length": 184.23934478401202,
            "solid_ids": [
                1,
                2
            ],
            "preferred_normal": [
                -0.9081278601990035,
                -0.16987401250236223,
                0.38268343236508984
            ]
        },
        "2": {
            "type": "line",
            "start": [
                -13.50964018151,
                -152.1633899567,
                5.0
            ],
            "end": [
                -2.1632857922501656,
                -150.04094571525258,
                5.0
            ],
            "length": 11.543159337232126,
            "solid_ids": [
                1,
                2
            ],
            "preferred_normal": [
                0.16987401250236223,
                -0.9081278601990035,
                0.38268343236508984
            ]
        },
        "3": {
            "type": "line",
            "start": [
                -47.38578491456,
                28.934768467033,
                5.0
            ],
            "end": [
                -36.03943052531011,
                31.057212708478573,
                5.0
            ],
            "length": 11.543159337222011,
            "solid_ids": [
                1,
                2
            ],
            "preferred_normal": [
                -0.16987401250236223,
                0.9081278601990035,
                0.38268343236508984
            ]
        },
        "4": {
            "type": "line",
            "start": [
                -2.16328579226,
                -150.0409457152,
                5.0
            ],
            "end": [
                -36.039430525312355,
                31.05721270847758,
                5.0
            ],
            "length": 184.23934478395793,
            "solid_ids": [
                1,
                2
            ],
            "preferred_normal": [
                0.9081278601990035,
                0.16987401250236223,
                0.38268343236508984
            ]
        },
        "5": {
            "type": "line",
            "start": [
                -18.34476154725072,
                -9.150388502820135,
                5.0
            ],
            "end": [
                91.16435490516594,
                11.334340391285076,
                5.0
            ],
            "length": 111.40857554090682,
            "solid_ids": [
                1,
                4
            ],
            "preferred_normal": [
                0.16987401250236223,
                -0.9081278601990035,
                0.38268343236508984
            ]
        },
        "6": {
            "type": "line",
            "start": [
                -18.344761547260735,
                -9.150388502825995,
                5.0
            ],
            "end": [
                -19.438598491337647,
                -3.30285603568439,
                5.0
            ],
            "length": 5.948959170687147,
            "solid_ids": [
                1,
                4
            ],
            "preferred_normal": [
                -0.9081278601990035,
                -0.16987401250236223,
                0.38268343236508984
            ]
        },
        "7": {
            "type": "line",
            "start": [
                91.16435490515956,
                11.334340391272455,
                5.0
            ],
            "end": [
                90.07051796108279,
                17.181872858413307,
                5.0
            ],
            "length": 5.94895917068638,
            "solid_ids": [
                1,
                4
            ],
            "preferred_normal": [
                0.9081278601990035,
                0.16987401250236223,
                0.3826834323650898
            ]
        },
        "8": {
            "type": "line",
            "start": [
                -19.438598491330183,
                -3.3028560356820345,
                5.0
            ],
            "end": [
                90.07051796109035,
                17.1818728584239,
                5.0
            ],
            "length": 111.40857554091076,
            "solid_ids": [
                1,
                4
            ],
            "preferred_normal": [
                -0.16987401250236223,
                0.9081278601990035,
                0.38268343236508984
            ]
        },
        "9": {
            "type": "line",
            "start": [
                100.99386003264,
                13.173043452922,
                15.0
            ],
            "end": [
                100.99386003264,
                13.173043452922,
                53.799640524494
            ],
            "length": 38.799640524494,
            "solid_ids": [
                3,
                4
            ],
            "preferred_normal": [
                -0.20628486356092324,
                -0.9784919800722187,
                0.0
            ]
        },
        "10": {
            "type": "line",
            "start": [
                100.99386003263061,
                13.173043452920256,
                15.0
            ],
            "end": [
                99.90002308855401,
                19.020575920060214,
                15.0
            ],
            "length": 5.9489591706854705,
            "solid_ids": [
                3,
                4
            ],
            "preferred_normal": [
                -0.3761588760632847,
                -0.07036411987321503,
                -0.9238795325112871
            ]
        },
        "11": {
            "type": "line",
            "start": [
                100.99386003264,
                13.173043452922,
                53.799640524494
            ],
            "end": [
                99.9000230885634,
                19.02057592006195,
                53.799640524494
            ],
            "length": 5.948959170685463,
            "solid_ids": [
                3,
                4
            ],
            "preferred_normal": [
                -0.37615887606328546,
                -0.07036411987321517,
                0.9238795325112866
            ]
        },
        "12": {
            "type": "line",
            "start": [
                99.900023088569,
                19.020575920063,
                15.0
            ],
            "end": [
                99.900023088569,
                19.020575920063,
                53.799640524494
            ],
            "length": 38.799640524494,
            "solid_ids": [
                3,
                4
            ],
            "preferred_normal": [
                -0.5460328885656477,
                0.8377637403257884,
                0.0
            ]
        },
        "13": {
            "type": "line",
            "start": [
                132.7477090144,
                -156.5795543936,
                5.0
            ],
            "end": [
                98.60472817856092,
                25.945080602202893,
                5.0
            ],
            "length": 185.69056389786624,
            "solid_ids": [
                1,
                3
            ],
            "preferred_normal": [
                -0.9081278601990035,
                -0.16987401250236223,
                0.38268343236508984
            ]
        },
        "14": {
            "type": "line",
            "start": [
                132.7477090144,
                -156.5795543936,
                5.0
            ],
            "end": [
                140.63996918651094,
                -155.1032315519516,
                5.0
            ],
            "length": 8.029153115806274,