{
    "contact_edges": {
        "1": {
            "type": "line",
            "start": [
                -117.229675745,
                -121.2600944288,
                5.0
            ],
            "end": [
                -122.43435016147536,
                -114.84019181458002,
                5.0
            ],
            "length": 8.264610417774195,
            "solid_ids": [
                1,
                2
            ],
            "preferred_normal": [
                -0.7176643938639423,
                -0.581817160603891,
                0.3826834323650898
            ]
        },
        "2": {
            "type": "line",
            "start": [
                -117.229675745,
                -121.2600944288,
                5.0
            ],
            "end": [
                118.11535657415914,
                69.53629959172244,
                5.0
            ],
            "length": 302.9695499692015,
            "solid_ids": [
                1,
                2
            ],
            "preferred_normal": [
                0.581817160603891,
                -0.7176643938639423,
                0.3826834323650898
            ]
        },
        "3": {
            "type": "line",
            "start": [
                -122.4343501615,
                -114.8401918146,
                5.0
            ],
            "end": [
                112.91068215768425,
                75.9562022059428,
                5.0
            ],
            "length": 302.96954996923387,
            "solid_ids": [
                1,
                2
            ],
            "preferred_normal": [
                -0.581817160603891,
                0.7176643938639423,
                0.3826834323650898
            ]
        },
        "4": {
            "type": "line",
            "start": [
                118.11535657414,
                69.536299591746,
                5.0
            ],
            "end": [
                112.91068215770952,
                75.9562022059106,
                5.0
            ],
            "length": 8.264610417702904,
            "solid_ids": [
                1,
                2
            ],
            "preferred_normal": [
                0.7176643938639423,
                0.581817160603891,
                0.3826834323650898
            ]
        },
        "5": {
            "type": "line",
            "start": [
                -26.36886877011,
                93.693071916443,
                15.0
            ],
            "end": [
                -26.36886877011,
                93.693071916443,
                62.518565279374
            ],
            "length": 47.518565279374,
            "solid_ids": [
                3,
                5
            ],
            "preferred_normal": [
                -0.4766678351204054,
                -0.8790834857746025,
                0.0
            ]
        },
        "6": {
            "type": "line",
            "start": [
                -26.368868770073135,
                93.69307191639754,
                15.0
            ],
            "end": [
                -22.85841897240476,
                96.53902602974755,
                15.0
            ],
            "length": 4.51914954358049,
            "solid_ids": [
                3,
                5
            ],
            "preferred_normal": [
                0.6297543566339189,
                -0.7767943423458998,
                0.0
            ]
        },
        "7": {
            "type": "line",
            "start": [
                -26.36886877011,
                93.693071916443,
                62.518565279374
            ],
            "end": [
                -22.85841897244162,
                96.539026029793,
                62.518565279374
            ],
            "length": 4.519149543580495,
            "solid_ids": [
                3,
                5
            ],
            "preferred_normal": [
                0.24099655874353695,
                -0.2972663251707116,
                0.9238795325112867
            ]
        },
        "8": {
            "type": "line",
            "start": [
                -22.85841897244,
                96.539026029791,
                15.0
            ],
            "end": [
                -22.85841897244,
                96.539026029791,
                62.518565279374
            ],
            "length": 47.518565279374,
            "solid_ids": [
                3,
                5
            ],
            "preferred_normal": [
                0.9586609526074791,
                0.28455083543317955,
                0.0
            ]
        },
        "9": {
            "type": "line",
            "start": [
                31.24723390466488,
                22.624309764470908,
                5.0
            ],
            "end": [
                -20.071325203769405,
                85.9251284929845,
                5.0
            ],
            "length": 81.4898040288845,
            "solid_ids": [
                1,
                5
            ],
            "preferred_normal": [
                -0.7176643938639423,
                -0.581817160603891,
                0.3826834323650898
            ]
        },
        "10": {
            "type": "line",
            "start": [
                31.247233904668157,
                22.624309764467124,
                5.0
            ],
            "end": [
                34.75768370233353,
                25.470263877814684,
                5.0
            ],
            "length": 4.519149543576618,
            "solid_ids": [
                1,
                5
            ],
            "preferred_normal": [
                0.581817160603891,
                -0.7176643938639423,
                0.3826834323650898
            ]
        },
        "11": {
            "type": "line",
            "start": [
                -20.071325203768822,
                85.92512849298258,
                5.0
            ],
            "end": [
                -16.56087540610045,
                88.77108260633257,
                5.0
            ],
            "length": 4.519149543580477,
            "solid_ids": [
                1,
                5
            ],
            "preferred_normal": [
                -0.581817160603891,
                0.7176643938639423,
                0.3826834323650898
            ]
        },
        "12": {
            "type": "line",
            "start": [
                34.75768370233049,
                25.4702638778194,
                5.0
            ],
            "end": [
                -16.560875406101825,
                88.77108260633055,
                5.0
            ],
            "length": 81.48980402888137,
            "solid_ids": [
                1,
                5
            ],
            "preferred_normal": [
                0.7176643938639423,
                0.581817160603891,
                0.3826834323650898
            ]
        },
        "13": {
            "type": "line",
            "start": [
                -73.18436834283,
                -62.03935589382,
                5.0
            ],
            "end": [
                -124.50292745123704,
                1.2614628346599792,
                5.0
            ],
            "length": 81.48980402884123,
            "solid_ids": [
                1,
                4
            ],
            "preferred_normal": [
                -0.7176643938639423,
                -0.581817160603891,
                0.3826834323650898
            ]
        },
        "14": {
            "type": "line",
            "start": [
                -73.1843683428596,
                -62.03935589378348,
                5.0
            ],
            "end": [
                -69.20903704217181,
                -58.81651804701073,
                5.0
            ],
            "length": 5.117611038054655,