{
    "contact_edges": {
        "1": {
            "type": "line",
            "start": [
                74.296522837056,
                72.9384799525,
                5.0
            ],
            "end": [
                -84.39501503816803,
                105.78016159494123,
                5.0
            ],
            "length": 162.05425093562687,
            "solid_ids": [
                1,
                2
            ],
            "preferred_normal": [
                -0.18723209855664838,
                -0.9047085342049932,
                0.38268343236508984
            ]
        },
        "2": {
            "type": "line",
            "start": [
                74.296522837056,
                72.9384799525,
                5.0
            ],
            "end": [
                77.63718433506781,
                89.08061044422708,
                5.0
            ],
            "length": 16.48418624185748,
            "solid_ids": [
                1,
                2
            ],
            "preferred_normal": [
                0.9047085342049932,
                -0.18723209855664838,
                0.38268343236508984
            ]
        },
        "3": {
            "type": "line",
            "start": [
                -84.39501503816,
                105.78016159498,
                5.0
            ],
            "end": [
                -81.05435354014728,
                121.92229208671151,
                5.0
            ],
            "length": 16.484186241862005,
            "solid_ids": [
                1,
                2
            ],
            "preferred_normal": [
                -0.9047085342049932,
                0.18723209855664838,
                0.38268343236508984
            ]
        },
        "4": {
            "type": "line",
            "start": [
                77.637184335073,
                89.080610444226,
                5.0
            ],
            "end": [
                -81.05435354014894,
                121.9222920866668,
                5.0
            ],
            "length": 162.05425093562474,
            "solid_ids": [
                1,
                2
            ],
            "preferred_normal": [
                0.18723209855664838,
                0.9047085342049932,
                0.38268343236508984
            ]
        }
    }
}