{
    "contact_edges": {
        "1": {
            "type": "line",
            "start": [
                75.95260409309,
                -32.21833110088,
                5.0
            ],
            "end": [
                64.2315524836677,
                -42.143550226412565,
                5.0
            ],
            "length": 15.358809378352822,
            "solid_ids": [
                1,
                2
            ],
            "preferred_normal": [
                0.5970323987934362,
                -0.7050572355378172,
                0.38268343236508984
            ]
        },
        "2": {
            "type": "line",
            "start": [
                75.95260409309,
                -32.21833110088,
                5.0
            ],
            "end": [
                -17.405095845772312,
                78.03116619287887,
                5.0
            ],
            "length": 144.46664594777994,
            "solid_ids": [
                1,
                2
            ],
            "preferred_normal": [
                0.7050572355378172,
                0.5970323987934362,
                0.38268343236508984
            ]
        },
        "3": {
            "type": "line",
            "start": [
                64.231552483674,
                -42.14355022642,
                5.0
            ],
            "end": [
                -29.12614745519098,
                68.10594706734202,
                5.0
            ],
            "length": 144.46664594778403,
            "solid_ids": [
                1,
                2
            ],
            "preferred_normal": [
                -0.7050572355378172,
                -0.5970323987934362,
                0.38268343236508984
            ]
        },
        "4": {
            "type": "line",
            "start": [
                -17.40509584583,
                78.03116619283,
                5.0
            ],
            "end": [
                -29.12614745525364,
                68.1059470672963,
                5.0
            ],
            "length": 15.358809378354575,
            "solid_ids": [
                1,
                2
            ],
            "preferred_normal": [
                -0.5970323987934362,
                0.7050572355378172,
                0.38268343236508984
            ]
        }
    }
}