{
    "contact_edges": {
        "1": {
            "type": "line",
            "start": [
                74.10831526646,
                17.304866415671,
                5.0
            ],
            "end": [
                70.15895568487171,
                6.8506235417918635,
                5.0
            ],
            "length": 11.17535839115399,
            "solid_ids": [
                1,
                2
            ],
            "preferred_normal": [
                0.8642640961496318,
                -0.32649802863100663,
                0.38268343236508984
            ]
        },
        "2": {
            "type": "line",
            "start": [
                74.10831526646,
                17.304866415671,
                5.0
            ],
            "end": [
                -64.77969472091605,
                69.7733904043279,
                5.0
            ],
            "length": 148.46826370575542,
            "solid_ids": [
                1,
                2
            ],
            "preferred_normal": [
                0.32649802863100663,
                0.8642640961496318,
                0.38268343236508984
            ]
        },
        "3": {
            "type": "line",
            "start": [
                70.158955684874,
                6.850623541791,
                5.0
            ],
            "end": [
                -68.72905430249683,
                59.31914753044593,
                5.0
            ],
            "length": 148.46826370574985,
            "solid_ids": [
                1,
                2
            ],
            "preferred_normal": [
                -0.32649802863100663,
                -0.8642640961496318,
                0.38268343236508984
            ]
        },
        "4": {
            "type": "line",
            "start": [
                -64.77969472093,
                69.773390404291,
                5.0
            ],
            "end": [
                -68.72905430251754,
                59.31914753041385,
                5.0
            ],
            "length": 11.175358391151876,
            "solid_ids": [
                1,
                2
            ],
            "preferred_normal": [
                -0.8642640961496318,
                0.32649802863100663,
                0.38268343236508984
            ]
        },
        "5": {
            "type": "line",
            "start": [
                64.9715745011216,
                -1.8794922046280922,
                5.0
            ],
            "end": [
                17.731142200055416,
                -126.92836216439449,
                5.0
            ],
            "length": 133.6745238338487,
            "solid_ids": [
                1,
                3
            ],
            "preferred_normal": [
                0.8642640961496318,
                -0.32649802863100663,
                0.38268343236508984
            ]
        },
        "6": {
            "type": "line",
            "start": [
                64.97157450113741,
                -1.8794922045934819,
                5.0
            ],
            "end": [
                58.620724547841036,
                0.5197049842292162,
                5.0
            ],
            "length": 6.788920553382497,
            "solid_ids": [
                1,
                3
            ],
            "preferred_normal": [
                0.32649802863100663,
                0.8642640961496318,
                0.38268343236508984
            ]
        },
        "7": {
            "type": "line",
            "start": [
                17.73114220007,
                -126.9283621644,
                5.0
            ],
            "end": [
                11.38029224678058,
                -124.52916497557993,
                5.0
            ],
            "length": 6.7889205533750605,
            "solid_ids": [
                1,
                3
            ],
            "preferred_normal": [
                -0.32649802863100663,
                -0.8642640961496318,
                0.38268343236508984
            ]
        },
        "8": {
            "type": "line",
            "start": [
                58.620724547824594,
                0.51970498419291,
                5.0
            ],
            "end": [
                11.380292246751464,
                -124.5291649755919,
                5.0
            ],
            "length": 133.6745238338684,
            "solid_ids": [
                1,
                3
            ],
            "preferred_normal": [
                -0.8642640961496318,
                0.32649802863100663,
                0.38268343236508984
            ]
        },
        "9": {
            "type": "line",
            "start": [
                68.505563697132,
                7.475234962023,
                15.0
            ],
            "end": [
                68.505563697132,
                7.475234962023,
                49.51124606528
            ],
            "length": 34.51124606528,
            "solid_ids": [
                2,
                3
            ],
            "preferred_normal": [
                0.7290241846025898,
                -0.6844879387283087,
                0.0
            ]
        },
        "10": {
            "type": "line",
            "start": [
                68.505563697145,
                7.475234962057423,
                15.0
            ],
            "end": [
                62.15471374384864,
                9.874432150880121,
                15.0
            ],
            "length": 6.78892055338249,
            "solid_ids": [
                2,
                3
            ],
            "preferred_normal": [
                -0.1352399115470418,
                -0.3579899100973015,
                -0.9238795325112871
            ]
        },
        "11": {
            "type": "line",
            "start": [
                68.505563697132,
                7.475234962023,
                49.51124606528
            ],
            "end": [
                62.15471374383564,
                9.874432150845694,
                49.51124606528
            ],
            "length": 6.788920553382482,
            "solid_ids": [
                2,
                3
            ],
            "preferred_normal": [
                -0.13523991154704204,
                -0.3579899100973022,
                0.9238795325112867
            ]
        },
        "12": {
            "type": "line",
            "start": [
                62.154713743835,
                9.874432150844,
                15.0
            ],
            "end": [
                62.154713743835,
                9.874432150844,
                49.51124606528
            ],
            "length": 34.51124606528,
            "solid_ids": [
                2,
                3
            ],
            "preferred_normal": [
                -0.9995040076966738,
                -0.03149188146629558,
                0.0
            ]
        }
    }
}