{
    "contact_edges": {
        "1": {
            "type": "line",
            "start": [
                64.839140421426,
                -135.3964874596,
                5.0
            ],
            "end": [
                50.23241165438526,
                -134.13247073700848,
                5.0
            ],
            "length": 14.661318615625484,
            "solid_ids": [
                1,
                2
            ],
            "preferred_normal": [
                -0.07965171546778212,
                -0.9204395660858529,
                0.38268343236508984
            ]
        },
        "2": {
            "type": "line",
            "start": [
                64.839140421426,
                -135.3964874596,
                5.0
            ],
            "end": [
                88.33334809532903,
                136.097957950621,
                5.0
            ],
            "length": 272.5091038531153,
            "solid_ids": [
                1,
                2
            ],
            "preferred_normal": [
                0.9204395660858529,
                -0.07965171546778212,
                0.38268343236508984
            ]
        },
        "3": {
            "type": "line",
            "start": [
                50.232411654386,
                -134.132470737,
                5.0
            ],
            "end": [
                73.72661932828818,
                137.36197467321108,
                5.0
            ],
            "length": 272.50910385310533,
            "solid_ids": [
                1,
                2
            ],
            "preferred_normal": [
                -0.9204395660858529,
                0.07965171546778212,
                0.38268343236508984
            ]
        },
        "4": {
            "type": "line",
            "start": [
                88.33334809534,
                136.09795795062,
                5.0
            ],
            "end": [
                73.72661932830013,
                137.36197467321145,
                5.0
            ],
            "length": 14.661318615624614,
            "solid_ids": [
                1,
                2
            ],
            "preferred_normal": [
                0.07965171546778212,
                0.9204395660858529,
                0.38268343236508984
            ]
        },
        "5": {
            "type": "line",
            "start": [
                -37.20526902172,
                35.588035028688,
                15.0
            ],
            "end": [
                -37.20526902172,
                35.588035028688,
                50.600746665626
            ],
            "length": 35.600746665626,
            "solid_ids": [
                3,
                5
            ],
            "preferred_normal": [
                0.3016068361497849,
                -0.953432386898891,
                0.0
            ]
        },
        "6": {
            "type": "line",
            "start": [
                -37.205269021724355,
                35.58803502868839,
                15.0
            ],
            "end": [
                -36.83057858694779,
                39.9178840366707,
                15.0
            ],
            "length": 4.346030988596199,
            "solid_ids": [
                3,
                5
            ],
            "preferred_normal": [
                0.9962766071718429,
                -0.08621439556223641,
                0.0
            ]
        },
        "7": {
            "type": "line",
            "start": [
                -37.20526902172,
                35.588035028688,
                50.600746665626
            ],
            "end": [
                -36.83057858694343,
                39.9178840366703,
                50.600746665626
            ],
            "length": 4.346030988596192,
            "solid_ids": [
                3,
                5
            ],
            "preferred_normal": [
                0.38125855161756717,
                -0.032992820813038205,
                0.9238795325112866
            ]
        },
        "8": {
            "type": "line",
            "start": [
                -36.83057858694,
                39.91788403667,
                15.0
            ],
            "end": [
                -36.83057858694,
                39.91788403667,
                50.600746665626
            ],
            "length": 35.600746665626,
            "solid_ids": [
                3,
                5
            ],
            "preferred_normal": [
                0.46091026708534916,
                0.8874467452728146,
                0.0
            ]
        },
        "9": {
            "type": "line",
            "start": [
                54.19759695116795,
                27.678341289234417,
                5.0
            ],
            "end": [
                -27.242502950000198,
                34.72589107306297,
                5.0
            ],
            "length": 81.74446666207928,
            "solid_ids": [
                1,
                5
            ],
            "preferred_normal": [
                -0.07965171546778212,
                -0.9204395660858529,
                0.38268343236508984
            ]
        },
        "10": {
            "type": "line",
            "start": [
                54.19759695116637,
                27.678341289235156,
                5.0
            ],
            "end": [
                54.572287385942914,
                32.00819029721721,
                5.0
            ],
            "length": 4.346030988595943,
            "solid_ids": [
                1,
                5
            ],
            "preferred_normal": [
                0.9204395660858529,
                -0.07965171546778212,
                0.3826834323650898
            ]
        },
        "11": {
            "type": "line",
            "start": [
                -27.242502950004614,
                34.72589107306542,
                5.0
            ],
            "end": [
                -26.86781251522796,
                39.055740081048704,
                5.0
            ],
            "length": 4.346030988597176,
            "solid_ids": [
                1,
                5
            ],
            "preferred_normal": [
                -0.9204395660858529,
                0.07965171546778212,
                0.38268343236508984
            ]
        },
        "12": {
            "type": "line",
            "start": [
                54.57228738594504,
                32.00819029721741,
                5.0
            ],
            "end": [
                -26.867812515220216,
                39.055740081045705,
                5.0
            ],
            "length": 81.74446666207638,
            "solid_ids": [
                1,
                5
            ],
            "preferred_normal": [
                0.07965171546778212,
                0.9204395660858529,
                0.38268343236508984
            ]
        },
        "13": {
            "type": "line",
            "start": [
                42.77481895149492,
                -104.32103579587785,
                5.0
            ],
            "end": [
                -38.665280949663966,
                -97.2734860120501,
                5.0
            ],
            "length": 81.74446666206998,
            "solid_ids": [
                1,
                4
            ],
            "preferred_normal": [
                -0.07965171546778212,
                -0.9204395660858529,
                0.38268343236508984
            ]
        },
        "14": {
            "type": "line",
            "start": [
                42.77481895149252,
                -104.32103579589993,
                5.0
            ],
            "end": [
                43.44043503850872,
                -96.6293071405295,
                5.0
            ],
            "length": 7.72047501667749,