{
    "contact_edges": {
        "1": {
            "type": "line",
            "start": [
                34.011630535862,
                -1.030927856208,
                5.0
            ],
            "end": [
                33.077619926012794,
                -10.252314389900384,
                5.0
            ],
            "length": 9.268567603630785,
            "solid_ids": [
                1,
                2
            ],
            "preferred_normal": [
                0.9191765809116246,
                -0.09310104025675289,
                0.3826834323650899
            ]
        },
        "2": {
            "type": "line",
            "start": [
                34.011630535862,
                -1.030927856208,
                5.0
            ],
            "end": [
                -172.3601095273079,
                19.87193681471493,
                5.0
            ],
            "length": 207.42763761888503,
            "solid_ids": [
                1,
                2
            ],
            "preferred_normal": [
                0.09310104025675289,
                0.9191765809116246,
                0.3826834323650899
            ]
        },
        "3": {
            "type": "line",
            "start": [
                33.077619926009,
                -10.2523143899,
                5.0
            ],
            "end": [
                -173.29412013720713,
                10.650550281027607,
                5.0
            ],
            "length": 207.42763761893147,
            "solid_ids": [
                1,
                2
            ],
            "preferred_normal": [
                -0.09310104025675289,
                -0.9191765809116246,
                0.3826834323650899
            ]
        },
        "4": {
            "type": "line",
            "start": [
                -172.3601095273,
                19.871936814793,
                5.0
            ],
            "end": [
                -173.29412013715,
                10.650550281092935,
                5.0
            ],
            "length": 9.268567603638507,
            "solid_ids": [
                1,
                2
            ],
            "preferred_normal": [
                -0.9191765809116246,
                0.09310104025675289,
                0.3826834323650899
            ]
        },
        "5": {
            "type": "line",
            "start": [
                -154.82144654112977,
                -1.2716643192399812,
                5.0
            ],
            "end": [
                -161.36034889792722,
                -65.82954567760726,
                5.0
            ],
            "length": 64.88819067837196,
            "solid_ids": [
                1,
                3
            ],
            "preferred_normal": [
                0.9191765809116246,
                -0.09310104025675289,
                0.3826834323650899
            ]
        },
        "6": {
            "type": "line",
            "start": [
                -154.82144654110323,
                -1.271664319275052,
                5.0
            ],
            "end": [
                -162.2983210577028,
                -0.5143508608814118,
                5.0
            ],
            "length": 7.515129819985821,
            "solid_ids": [
                1,
                3
            ],
            "preferred_normal": [
                0.09310104025675288,
                0.9191765809116246,
                0.38268343236508984
            ]
        },
        "7": {
            "type": "line",
            "start": [
                -161.3603488979,
                -65.82954567761,
                5.0
            ],
            "end": [
                -168.83722341449962,
                -65.07223221921635,
                5.0
            ],
            "length": 7.515129819985879,
            "solid_ids": [
                1,
                3
            ],
            "preferred_normal": [
                -0.09310104025675289,
                -0.9191765809116246,
                0.3826834323650899
            ]
        },
        "8": {
            "type": "line",
            "start": [
                -162.29832105763091,
                -0.5143508608609991,
                5.0
            ],
            "end": [
                -168.83722341442825,
                -65.07223221922726,
                5.0
            ],
            "length": 64.88819067837093,
            "solid_ids": [
                1,
                3
            ],
            "preferred_normal": [
                -0.9191765809116246,
                0.09310104025675289,
                0.3826834323650899
            ]
        },
        "9": {
            "type": "line",
            "start": [
                -153.813728143,
                8.677431299458,
                15.0
            ],
            "end": [
                -153.813728143,
                8.677431299458,
                62.40367044773
            ],
            "length": 47.40367044773,
            "solid_ids": [
                2,
                3
            ],
            "preferred_normal": [
                0.8806128673662339,
                -0.4738364462860783,
                0.0
            ]
        },
        "10": {
            "type": "line",
            "start": [
                -153.81372814300292,
                8.677431299428957,
                15.0
            ],
            "end": [
                -161.29060265950358,
                9.43474475781258,
                15.0
            ],
            "length": 7.515129819886408,
            "solid_ids": [
                2,
                3
            ],
            "preferred_normal": [
                -0.03856371354539051,
                -0.38073540602932504,
                -0.923879532511287
            ]
        },
        "11": {
            "type": "line",
            "start": [
                -153.813728143,
                8.677431299458,
                62.40367044773
            ],
            "end": [
                -161.29060265950065,
                9.434744757841624,
                62.40367044773
            ],
            "length": 7.515129819886408,
            "solid_ids": [
                2,
                3
            ],
            "preferred_normal": [
                -0.03856371354539056,
                -0.38073540602932554,
                0.9238795325112866
            ]
        },
        "12": {
            "type": "line",
            "start": [
                -161.2906026595,
                9.434744757848,
                15.0
            ],
            "end": [
                -161.2906026595,
                9.434744757848,
                62.40367044773
            ],
            "length": 47.40367044773,
            "solid_ids": [
                2,
                3
            ],
            "preferred_normal": [
                -0.9577402944570151,
                -0.28763436577257245,
                0.0
            ]
        }
    }
}