{
    "contact_edges": {
        "1": {
            "type": "line",
            "start": [
                174.51545142566,
                129.99364344224,
                5.0
            ],
            "end": [
                -73.62752913807873,
                79.5855202450904,
                5.0
            ],
            "length": 253.21121161456304,
            "solid_ids": [
                1,
                2
            ],
            "preferred_normal": [
                0.1839216873423604,
                -0.9053873223755747,
                0.38268343236508984
            ]
        },
        "2": {
            "type": "line",
            "start": [
                174.51545142566,
                129.99364344224,
                5.0
            ],
            "end": [
                171.76570586907218,
                143.52975657097045,
                5.0
            ],
            "length": 13.812583366617673,
            "solid_ids": [
                1,
                2
            ],
            "preferred_normal": [
                0.9053873223755747,
                0.1839216873423604,
                0.38268343236508984
            ]
        },
        "3": {
            "type": "line",
            "start": [
                -73.62752913808,
                79.585520245097,
                5.0
            ],
            "end": [
                -76.37727469466743,
                93.12163337382553,
                5.0
            ],
            "length": 13.812583366615717,
            "solid_ids": [
                1,
                2
            ],
            "preferred_normal": [
                -0.9053873223755747,
                -0.1839216873423604,
                0.38268343236508984
            ]
        },
        "4": {
            "type": "line",
            "start": [
                171.76570586907,
                143.52975657097,
                5.0
            ],
            "end": [
                -76.37727469466913,
                93.12163337382032,
                5.0
            ],
            "length": 253.21121161456344,
            "solid_ids": [
                1,
                2
            ],
            "preferred_normal": [
                -0.1839216873423604,
                0.9053873223755747,
                0.38268343236508984
            ]
        }
    }
}