{
  "welds": [
    {
      "start": {
        "xyz": [
          58.806894064794,
          106.4230383787,
          5.0
        ],
        "pose": [
          0.8124348116901234,
          0.08134090865425847,
          0.5773502691896257
        ]
      },
      "end": {
        "xyz": [
          46.01408140213048,
          116.88734964545671,
          5.0
        ],
        "pose": [
          -0.08134090865425847,
          0.8124348116901234,
          0.5773502691896257
        ]
      }
    },
    {
      "start": {
        "xyz": [
          46.01408140213048,
          116.88734964545671,
          5.0
        ],
        "pose": [
          -0.08134090865425847,
          0.8124348116901234,
          0.5773502691896257
        ]
      },
      "end": {
        "xyz": [
          -40.450990367686074,
          11.182211789912797,
          5.0
        ],
        "pose": [
          -0.8124348116901234,
          -0.08134090865425847,
          0.5773502691896257
        ]
      }
    },
    {
      "start": {
        "xyz": [
          -40.450990367686074,
          11.182211789912797,
          5.0
        ],
        "pose": [
          -0.8124348116901234,
          -0.08134090865425847,
          0.5773502691896257
        ]
      },
      "end": {
        "xyz": [
          -27.65817770506097,
          0.7179005231874775,
          5.0
        ],
        "pose": [
          0.08134090865425847,
          -0.8124348116901234,
          0.5773502691896257
        ]
      }
    },
    {
      "start": {
        "xyz": [
          -27.65817770506097,
          0.7179005231874775,
          5.0
        ],
        "pose": [
          0.08134090865425847,
          -0.8124348116901234,
          0.5773502691896257
        ]
      },
      "end": {
        "xyz": [
          58.806894064794,
          106.4230383787,
          5.0
        ],
        "pose": [
          0.8124348116901234,
          0.08134090865425847,
          0.5773502691896257
        ]
      }
    }
  ]
}