{
    "contact_edges": {
        "1": {
            "type": "line",
            "start": [
                71.969818814617,
                119.02993635242,
                5.0
            ],
            "end": [
                37.12431251465509,
                -135.4524354949863,
                5.0
            ],
            "length": 256.8569385677215,
            "solid_ids": [
                1,
                2
            ],
            "preferred_normal": [
                0.9153385384321906,
                -0.1253345549084323,
                0.3826834323650899
            ]
        },
        "2": {
            "type": "line",
            "start": [
                71.969818814617,
                119.02993635242,
                5.0
            ],
            "end": [
                54.82148126902117,
                121.37800667116582,
                5.0
            ],
            "length": 17.308348124516872,
            "solid_ids": [
                1,
                2
            ],
            "preferred_normal": [
                0.1253345549084323,
                0.9153385384321906,
                0.3826834323650899
            ]
        },
        "3": {
            "type": "line",
            "start": [
                37.124312514755,
                -135.452435495,
                5.0
            ],
            "end": [
                19.97597496916418,
                -133.10436517625487,
                5.0
            ],
            "length": 17.30834812451181,
            "solid_ids": [
                1,
                2
            ],
            "preferred_normal": [
                -0.1253345549084323,
                -0.9153385384321906,
                0.3826834323650899
            ]
        },
        "4": {
            "type": "line",
            "start": [
                54.821481269019,
                121.37800667115,
                5.0
            ],
            "end": [
                19.975974969053073,
                -133.10436517628563,
                5.0
            ],
            "length": 256.8569385677511,
            "solid_ids": [
                1,
                2
            ],
            "preferred_normal": [
                -0.9153385384321906,
                0.1253345549084323,
                0.3826834323650899
            ]
        },
        "5": {
            "type": "line",
            "start": [
                11.296702644002018,
                -122.77742157079986,
                5.0
            ],
            "end": [
                -38.70132801831317,
                -115.93134150725008,
                5.0
            ],
            "length": 50.46456065741921,
            "solid_ids": [
                1,
                3
            ],
            "preferred_normal": [
                0.1253345549084323,
                0.9153385384321906,
                0.3826834323650899
            ]
        },
        "6": {
            "type": "line",
            "start": [
                11.296702643984908,
                -122.77742157079766,
                5.0
            ],
            "end": [
                10.48038956835175,
                -128.7390880728971,
                5.0
            ],
            "length": 6.017294617991058,
            "solid_ids": [
                1,
                3
            ],
            "preferred_normal": [
                0.9153385384321907,
                -0.1253345549084323,
                0.38268343236508984
            ]
        },
        "7": {
            "type": "line",
            "start": [
                -38.70132801832,
                -115.9313415073,
                5.0
            ],
            "end": [
                -39.51764109395317,
                -121.89300800939957,
                5.0
            ],
            "length": 6.017294617991188,
            "solid_ids": [
                1,
                3
            ],
            "preferred_normal": [
                -0.9153385384321906,
                0.1253345549084323,
                0.3826834323650899
            ]
        },
        "8": {
            "type": "line",
            "start": [
                10.480389568373019,
                -128.73908807289985,
                5.0
            ],
            "end": [
                -39.51764109394314,
                -121.89300800934993,
                5.0
            ],
            "length": 50.4645606574202,
            "solid_ids": [
                1,
                3
            ],
            "preferred_normal": [
                -0.1253345549084323,
                -0.9153385384321906,
                0.3826834323650899
            ]
        },
        "9": {
            "type": "line",
            "start": [
                21.204255590263,
                -124.1340330174,
                15.0
            ],
            "end": [
                21.204255590263,
                -124.1340330174,
                49.881593587136
            ],
            "length": 34.881593587136,
            "solid_ids": [
                2,
                3
            ],
            "preferred_normal": [
                -0.25381108187294754,
                0.9672538109092585,
                0.0
            ]
        },
        "10": {
            "type": "line",
            "start": [
                21.204255590245907,
                -124.13403301739766,
                15.0
            ],
            "end": [
                20.38794251461275,
                -130.0956995194971,
                15.0
            ],
            "length": 6.017294617991058,
            "solid_ids": [
                2,
                3
            ],
            "preferred_normal": [
                -0.37914563678138,
                0.05191527247706804,
                -0.9238795325112867
            ]
        },
        "11": {
            "type": "line",
            "start": [
                21.204255590263,
                -124.1340330174,
                49.881593587136
            ],
            "end": [
                20.38794251462984,
                -130.09569951949942,
                49.881593587136
            ],
            "length": 6.017294617991045,
            "solid_ids": [
                2,
                3
            ],
            "preferred_normal": [
                -0.37914563678138,
                0.05191527247706804,
                0.9238795325112867
            ]
        },
        "12": {
            "type": "line",
            "start": [
                20.387942514634,
                -130.0956995195,
                15.0
            ],
            "end": [
                20.387942514634,
                -130.0956995195,
                49.881593587136
            ],
            "length": 34.881593587136,
            "solid_ids": [
                2,
                3
            ],
            "preferred_normal": [
                -0.5044801916898122,
                -0.8634232659551225,
                0.0
            ]
        }
    }
}