{
    "contact_edges": {
        "1": {
            "type": "line",
            "start": [
                113.85680484971,
                -86.64475954503,
                5.0
            ],
            "end": [
                101.82941493200016,
                -93.39423838645027,
                5.0
            ],
            "length": 13.791793678249695,
            "solid_ids": [
                1,
                2
            ],
            "preferred_normal": [
                0.4521315720188145,
                -0.8056863112757157,
                0.3826834323650899
            ]
        },
        "2": {
            "type": "line",
            "start": [
                113.85680484971,
                -86.64475954503,
                5.0
            ],
            "end": [
                25.657338845732216,
                70.52431870344874,
                5.0
            ],
            "length": 180.22559463312436,
            "solid_ids": [
                1,
                2
            ],
            "preferred_normal": [
                0.8056863112757157,
                0.4521315720188145,
                0.3826834323650899
            ]
        },
        "3": {
            "type": "line",
            "start": [
                101.829414932,
                -93.39423838645,
                5.0
            ],
            "end": [
                13.629948928023582,
                63.77483986202631,
                5.0
            ],
            "length": 180.22559463312157,
            "solid_ids": [
                1,
                2
            ],
            "preferred_normal": [
                -0.8056863112757157,
                -0.4521315720188145,
                0.3826834323650899
            ]
        },
        "4": {
            "type": "line",
            "start": [
                25.657338845706,
                70.524318703434,
                5.0
            ],
            "end": [
                13.629948927989789,
                63.77483986201016,
                5.0
            ],
            "length": 13.791793678257,
            "solid_ids": [
                1,
                2
            ],
            "preferred_normal": [
                -0.4521315720188145,
                0.8056863112757157,
                0.3826834323650899
            ]
        },
        "5": {
            "type": "line",
            "start": [
                80.58890783458,
                -75.97809013414,
                5.0
            ],
            "end": [
                -11.741127614294566,
                -127.7914615267275,
                5.0
            ],
            "length": 105.87474156311617,
            "solid_ids": [
                1,
                4
            ],
            "preferred_normal": [
                0.4521315720188145,
                -0.8056863112757157,
                0.3826834323650899
            ]
        },
        "6": {
            "type": "line",
            "start": [
                80.58890783463175,
                -75.97809013411096,
                5.0
            ],
            "end": [
                76.2152099863271,
                -68.18427810213795,
                5.0
            ],
            "length": 8.93715496441636,
            "solid_ids": [
                1,
                4
            ],
            "preferred_normal": [
                0.8056863112757157,
                0.4521315720188144,
                0.38268343236508984
            ]
        },
        "7": {
            "type": "line",
            "start": [
                -11.741127614317246,
                -127.79146152670407,
                5.0
            ],
            "end": [
                -16.114825462634702,
                -119.99764949470824,
                5.0
            ],
            "length": 8.937154964442525,
            "solid_ids": [
                1,
                4
            ],
            "preferred_normal": [
                -0.8056863112757157,
                -0.4521315720188145,
                0.3826834323650899
            ]
        },
        "8": {
            "type": "line",
            "start": [
                76.21520998626598,
                -68.18427810216282,
                5.0
            ],
            "end": [
                -16.11482546259579,
                -119.99764949474314,
                5.0
            ],
            "length": 105.8747415631015,
            "solid_ids": [
                1,
                4
            ],
            "preferred_normal": [
                -0.4521315720188145,
                0.8056863112757157,
                0.3826834323650899
            ]
        },
        "9": {
            "type": "line",
            "start": [
                -20.46181340638,
                -132.6852983973,
                15.0
            ],
            "end": [
                -20.46181340638,
                -132.6852983973,
                71.68534742866
            ],
            "length": 56.685347428659995,
            "solid_ids": [
                3,
                4
            ],
            "preferred_normal": [
                0.785857769167567,
                -0.618407282168455,
                0.0
            ]
        },
        "10": {
            "type": "line",
            "start": [
                -20.461813406388018,
                -132.68529839730448,
                15.0
            ],
            "end": [
                -24.835511254705462,
                -124.89148636530867,
                15.0
            ],
            "length": 8.937154964442508,
            "solid_ids": [
                3,
                4
            ],
            "preferred_normal": [
                0.33372619714875223,
                0.18727902910726052,
                -0.923879532511287
            ]
        },
        "11": {
            "type": "line",
            "start": [
                -20.46181340638,
                -132.6852983973,
                71.68534742866
            ],
            "end": [
                -24.835511254697444,
                -124.89148636530417,
                71.68534742866
            ],
            "length": 8.937154964442508,
            "solid_ids": [
                3,
                4
            ],
            "preferred_normal": [
                0.3337261971487526,
                0.18727902910726077,
                0.9238795325112866
            ]
        },
        "12": {
            "type": "line",
            "start": [
                -24.83551125469,
                -124.8914863653,
                15.0
            ],
            "end": [
                -24.83551125469,
                -124.8914863653,
                71.68534742866
            ],
            "length": 56.685347428659995,
            "solid_ids": [
                3,
                4
            ],
            "preferred_normal": [
                -0.11840537487006188,
                0.9929653403829765,
                0.0
            ]
        },
        "13": {
            "type": "line",
            "start": [
                -19.92869096772,
                -133.6353082565,
                5.0
            ],
            "end": [
                -28.002397283877873,
                -138.166075972986,
                5.0
            ],
            "length": 9.258109406370139,
            "solid_ids": [
                1,
                3
            ],
            "preferred_normal": [
                0.4521315720188145,
                -0.8056863112757157,
                0.3826834323650899
            ]
        },
        "14": {
            "type": "line",
            "start": [
                -19.92869096772,
                -133.6353082565,
                5.0
            ],
            "end": [
                -107.08540731210648,
                21.675618120237374,
                5.0
            ],
            "length": 178.09485409729328,