{
    "contact_edges": {
        "1": {
            "type": "line",
            "start": [
                149.80519552762,
                -46.17998852499,
                5.0
            ],
            "end": [
                -161.45880821251663,
                -91.57608641693614,
                5.0
            ],
            "length": 314.55696738135515,
            "solid_ids": [
                1,
                2
            ],
            "preferred_normal": [
                0.13333205125735118,
                -0.9142078290524429,
                0.38268343236508984
            ]
        },
        "2": {
            "type": "line",
            "start": [
                149.80519552762,
                -46.17998852499,
                5.0
            ],
            "end": [
                147.3037949169366,
                -29.028823442639037,
                5.0
            ],
            "length": 17.33261286411204,
            "solid_ids": [
                1,
                2
            ],
            "preferred_normal": [
                0.9142078290524429,
                0.13333205125735118,
                0.38268343236508984
            ]
        },
        "3": {
            "type": "line",
            "start": [
                -161.4588082125,
                -91.57608641705,
                5.0
            ],
            "end": [
                -163.9602088231836,
                -74.42492133469761,
                5.0
            ],
            "length": 17.332612864113482,
            "solid_ids": [
                1,
                2
            ],
            "preferred_normal": [
                -0.9142078290524429,
                -0.13333205125735118,
                0.38268343236508984
            ]
        },
        "4": {
            "type": "line",
            "start": [
                147.30379491693,
                -29.02882344264,
                5.0
            ],
            "end": [
                -163.9602088232164,
                -74.42492133458755,
                5.0
            ],
            "length": 314.55696738136504,
            "solid_ids": [
                1,
                2
            ],
            "preferred_normal": [
                -0.13333205125735118,
                0.9142078290524429,
                0.38268343236508984
            ]
        },
        "5": {
            "type": "line",
            "start": [
                -91.62681117717,
                96.651980865757,
                15.0
            ],
            "end": [
                -91.62681117717,
                96.651980865757,
                64.034595585581
            ],
            "length": 49.034595585581,
            "solid_ids": [
                3,
                5
            ],
            "preferred_normal": [
                0.9694357729822626,
                -0.24534523036383477,
                0.0
            ]
        },
        "6": {
            "type": "line",
            "start": [
                -91.62681117717659,
                96.6519808658022,
                15.0
            ],
            "end": [
                -99.54936050147698,
                95.49652176883585,
                15.0
            ],
            "length": 8.006364563316792,
            "solid_ids": [
                3,
                5
            ],
            "preferred_normal": [
                0.055227943929819494,
                -0.3786772816211855,
                -0.923879532511287
            ]
        },
        "7": {
            "type": "line",
            "start": [
                -91.62681117717,
                96.651980865757,
                64.034595585581
            ],
            "end": [
                -99.54936050147039,
                95.49652176879063,
                64.034595585581
            ],
            "length": 8.006364563316794,
            "solid_ids": [
                3,
                5
            ],
            "preferred_normal": [
                0.05522794392981956,
                -0.378677281621186,
                0.9238795325112866
            ]
        },
        "8": {
            "type": "line",
            "start": [
                -99.54936050147,
                95.496521768788,
                15.0
            ],
            "end": [
                -99.54936050147,
                95.496521768788,
                64.034595585581
            ],
            "length": 49.034595585581,
            "solid_ids": [
                3,
                5
            ],
            "preferred_normal": [
                -0.8589798851226234,
                -0.5120093328785372,
                0.0
            ]
        },
        "9": {
            "type": "line",
            "start": [
                -70.14557489779,
                -50.63679328189,
                5.0
            ],
            "end": [
                -90.18363545381922,
                86.7566666296394,
                5.0
            ],
            "length": 138.84699023496378,
            "solid_ids": [
                1,
                5
            ],
            "preferred_normal": [
                0.9142078290524429,
                0.13333205125735118,
                0.38268343236508984
            ]
        },
        "10": {
            "type": "line",
            "start": [
                -70.14557489779766,
                -50.63679328183766,
                5.0
            ],
            "end": [
                -78.06812422210798,
                -51.792252378805465,
                5.0
            ],
            "length": 8.00636456332683,
            "solid_ids": [
                1,
                5
            ],
            "preferred_normal": [
                0.13333205125735118,
                -0.9142078290524429,
                0.38268343236508984
            ]
        },
        "11": {
            "type": "line",
            "start": [
                -90.18363545387727,
                86.75666662968167,
                5.0
            ],
            "end": [
                -98.1061847781778,
                85.60120753271529,
                5.0
            ],
            "length": 8.006364563316936,
            "solid_ids": [
                1,
                5
            ],
            "preferred_normal": [
                -0.13333205125735118,
                0.9142078290524429,
                0.3826834323650898
            ]
        },
        "12": {
            "type": "line",
            "start": [
                -78.06812422209022,
                -51.79225237885857,
                5.0
            ],
            "end": [
                -98.10618477811923,
                85.6012075326694,
                5.0
            ],
            "length": 138.84699023496233,
            "solid_ids": [
                1,
                5
            ],
            "preferred_normal": [
                -0.9142078290524429,
                -0.13333205125735118,
                0.38268343236508984
            ]
        },
        "13": {
            "type": "line",
            "start": [
                9.299393299694957,
                -39.050193128999716,
                5.0
            ],
            "end": [
                -10.73866725633384,
                98.34326678252675,
                5.0
            ],
            "length": 138.84699023496083,
            "solid_ids": [
                1,
                4
            ],
            "preferred_normal": [
                0.9142078290524429,
                0.13333205125735118,
                0.38268343236508984
            ]
        },
        "14": {
            "type": "line",
            "start": [
                9.299393299685406,
                -39.05019312894809,
                5.0
            ],
            "end": [
                1.3236479255864166,
                -40.213410569491295,
                5.0
            ],
            "length": 8.060123391514878,