{
    "contact_edges": {
        "1": {
            "type": "line",
            "start": [
                -26.35229047609,
                -145.577050854,
                5.0
            ],
            "end": [
                -42.271836180190476,
                -146.4405995356913,
                5.0
            ],
            "length": 15.942949907422863,
            "solid_ids": [
                1,
                2
            ],
            "preferred_normal": [
                0.05004186533699396,
                -0.9225232800893796,
                0.3826834323650899
            ]
        },
        "2": {
            "type": "line",
            "start": [
                -26.35229047609,
                -145.577050854,
                5.0
            ],
            "end": [
                -42.76950781720832,
                157.07484050690064,
                5.0
            ],
            "length": 303.096836620833,
            "solid_ids": [
                1,
                2
            ],
            "preferred_normal": [
                0.9225232800893796,
                0.05004186533699397,
                0.38268343236508984
            ]
        },
        "3": {
            "type": "line",
            "start": [
                -42.27183618019,
                -146.4405995357,
                5.0
            ],
            "end": [
                -58.68905352130883,
                156.21129182521005,
                5.0
            ],
            "length": 303.0968366208424,
            "solid_ids": [
                1,
                2
            ],
            "preferred_normal": [
                -0.9225232800893796,
                -0.05004186533699397,
                0.38268343236508984
            ]
        },
        "4": {
            "type": "line",
            "start": [
                -42.76950781722,
                157.0748405069,
                5.0
            ],
            "end": [
                -58.689053521309965,
                156.21129182520926,
                5.0
            ],
            "length": 15.942949907412334,
            "solid_ids": [
                1,
                2
            ],
            "preferred_normal": [
                -0.05004186533699396,
                0.9225232800893796,
                0.3826834323650899
            ]
        },
        "5": {
            "type": "line",
            "start": [
                -127.0264690426,
                -18.28302655476,
                15.0
            ],
            "end": [
                -127.0264690426,
                -18.28302655476,
                50.71164579054
            ],
            "length": 35.71164579054,
            "solid_ids": [
                3,
                5
            ],
            "preferred_normal": [
                0.4321635195549286,
                -0.9017952607803486,
                0.0
            ]
        },
        "6": {
            "type": "line",
            "start": [
                -127.02646904261907,
                -18.28302655476104,
                15.0
            ],
            "end": [
                -127.41575376368777,
                -11.10655111063933,
                15.0
            ],
            "length": 7.187025977004636,
            "solid_ids": [
                3,
                5
            ],
            "preferred_normal": [
                0.38212165421793437,
                0.020728019309030968,
                -0.9238795325112868
            ]
        },
        "7": {
            "type": "line",
            "start": [
                -127.0264690426,
                -18.28302655476,
                50.71164579054
            ],
            "end": [
                -127.4157537636687,
                -11.106551110638302,
                50.71164579054
            ],
            "length": 7.187025977004623,
            "solid_ids": [
                3,
                5
            ],
            "preferred_normal": [
                0.3821216542179346,
                0.020728019309030978,
                0.9238795325112866
            ]
        },
        "8": {
            "type": "line",
            "start": [
                -127.4157537637,
                -11.10655111064,
                15.0
            ],
            "end": [
                -127.4157537637,
                -11.10655111064,
                50.71164579054
            ],
            "length": 35.71164579054,
            "solid_ids": [
                3,
                5
            ],
            "preferred_normal": [
                0.33207978888094064,
                0.9432512993984105,
                0.0
            ]
        },
        "9": {
            "type": "line",
            "start": [
                -59.437267642269546,
                -14.616680363058476,
                5.0
            ],
            "end": [
                -117.04114901300011,
                -17.741377307468365,
                5.0
            ],
            "length": 57.68856801800166,
            "solid_ids": [
                1,
                5
            ],
            "preferred_normal": [
                0.05004186533699396,
                -0.9225232800893796,
                0.3826834323650899
            ]
        },
        "10": {
            "type": "line",
            "start": [
                -59.437267642269674,
                -14.616680363049973,
                5.0
            ],
            "end": [
                -59.82655236333764,
                -7.440204918941869,
                5.0
            ],
            "length": 7.187025976991009,
            "solid_ids": [
                1,
                5
            ],
            "preferred_normal": [
                0.9225232800893796,
                0.05004186533699397,
                0.38268343236508984
            ]
        },
        "11": {
            "type": "line",
            "start": [
                -117.04114901301962,
                -17.741377307471076,
                5.0
            ],
            "end": [
                -117.43043373408833,
                -10.564901863349363,
                5.0
            ],
            "length": 7.187025977004639,
            "solid_ids": [
                1,
                5
            ],
            "preferred_normal": [
                -0.9225232800893796,
                -0.05004186533699397,
                0.3826834323650897
            ]
        },
        "12": {
            "type": "line",
            "start": [
                -59.82655236334003,
                -7.440204918941501,
                5.0
            ],
            "end": [
                -117.43043373409986,
                -10.564901863352981,
                5.0
            ],
            "length": 57.68856801803098,
            "solid_ids": [
                1,
                5
            ],
            "preferred_normal": [
                -0.05004186533699396,
                0.9225232800893796,
                0.3826834323650899
            ]
        },
        "13": {
            "type": "line",
            "start": [
                -54.224243952190626,
                -110.71892757878854,
                5.0
            ],
            "end": [
                -111.82812532290016,
                -113.84362452319729,
                5.0
            ],
            "length": 57.68856801798061,
            "solid_ids": [
                1,
                4
            ],
            "preferred_normal": [
                0.05004186533699396,
                -0.9225232800893796,
                0.3826834323650899
            ]
        },
        "14": {
            "type": "line",
            "start": [
                -54.224243952189674,
                -110.71892757879998,
                5.0
            ],
            "end": [
                -54.46916864784553,
                -106.20373350899976,
                5.0
            ],