{
    "contact_edges": {
        "1": {
            "type": "line",
            "start": [
                139.508746539,
                -63.56928822834,
                5.0
            ],
            "end": [
                130.23748370756968,
                -64.19873060011524,
                5.0
            ],
            "length": 9.29260524227986,
            "solid_ids": [
                1,
                2
            ],
            "preferred_normal": [
                0.06257975121257042,
                -0.9217576499988739,
                0.38268343236508984
            ]
        },
        "2": {
            "type": "line",
            "start": [
                139.508746539,
                -63.56928822834,
                5.0
            ],
            "end": [
                126.06694577320025,
                134.41939733786003,
                5.0
            ],
            "length": 198.4444547475668,
            "solid_ids": [
                1,
                2
            ],
            "preferred_normal": [
                0.9217576499988739,
                0.06257975121257042,
                0.38268343236508984
            ]
        },
        "3": {
            "type": "line",
            "start": [
                130.23748370757,
                -64.19873060012,
                5.0
            ],
            "end": [
                116.79568294177021,
                133.78995496608073,
                5.0
            ],
            "length": 198.44445474756748,
            "solid_ids": [
                1,
                2
            ],
            "preferred_normal": [
                -0.9217576499988739,
                -0.06257975121257042,
                0.38268343236508984
            ]
        },
        "4": {
            "type": "line",
            "start": [
                126.0669457732,
                134.41939733786,
                5.0
            ],
            "end": [
                116.79568294175972,
                133.78995496608408,
                5.0
            ],
            "length": 9.29260524228986,
            "solid_ids": [
                1,
                2
            ],
            "preferred_normal": [
                -0.06257975121257042,
                0.9217576499988739,
                0.38268343236508984
            ]
        },
        "5": {
            "type": "line",
            "start": [
                -32.56368761407,
                -81.11983322545,
                5.0
            ],
            "end": [
                -47.26024451334019,
                -82.11760837213724,
                5.0
            ],
            "length": 14.730388315887433,
            "solid_ids": [
                1,
                3
            ],
            "preferred_normal": [
                0.06257975121257042,
                -0.9217576499988739,
                0.38268343236508984
            ]
        },
        "6": {
            "type": "line",
            "start": [
                -32.56368761407,
                -81.11983322545,
                5.0
            ],
            "end": [
                -44.258926515744264,
                91.14317065842074,
                5.0
            ],
            "length": 172.65955264641948,
            "solid_ids": [
                1,
                3
            ],
            "preferred_normal": [
                0.9217576499988739,
                0.06257975121257042,
                0.38268343236508984
            ]
        },
        "7": {
            "type": "line",
            "start": [
                -47.26024451334,
                -82.11760837214,
                5.0
            ],
            "end": [
                -58.95548341501447,
                90.14539551173371,
                5.0
            ],
            "length": 172.65955264642244,
            "solid_ids": [
                1,
                3
            ],
            "preferred_normal": [
                -0.9217576499988739,
                -0.06257975121257042,
                0.38268343236508984
            ]
        },
        "8": {
            "type": "line",
            "start": [
                -44.25892651574,
                91.143170658421,
                5.0
            ],
            "end": [
                -58.95548341500999,
                90.14539551173377,
                5.0
            ],
            "length": 14.730388315887227,
            "solid_ids": [
                1,
                3
            ],
            "preferred_normal": [
                -0.06257975121257042,
                0.9217576499988739,
                0.38268343236508984
            ]
        }
    }
}