{
    "contact_edges": {
        "1": {
            "type": "line",
            "start": [
                144.98674734948,
                35.657699938178,
                5.0
            ],
            "end": [
                -95.49936808582,
                30.592836711560537,
                5.0
            ],
            "length": 240.5394449080333,
            "solid_ids": [
                1,
                2
            ],
            "preferred_normal": [
                0.019453455843094748,
                -0.9236747012065635,
                0.38268343236508984
            ]
        },
        "2": {
            "type": "line",
            "start": [
                144.98674734948,
                35.657699938178,
                5.0
            ],
            "end": [
                144.80057647982474,
                44.4973284231721,
                5.0
            ],
            "length": 8.8415887342393,
            "solid_ids": [
                1,
                2
            ],
            "preferred_normal": [
                0.9236747012065635,
                0.019453455843094748,
                0.38268343236508984
            ]
        },
        "3": {
            "type": "line",
            "start": [
                -95.49936808582,
                30.592836711562,
                5.0
            ],
            "end": [
                -95.68553895547525,
                39.432465196555896,
                5.0
            ],
            "length": 8.841588734239094,
            "solid_ids": [
                1,
                2
            ],
            "preferred_normal": [
                -0.9236747012065635,
                -0.019453455843094748,
                0.38268343236508984
            ]
        },
        "4": {
            "type": "line",
            "start": [
                144.80057647982,
                44.497328423172,
                5.0
            ],
            "end": [
                -95.68553895547,
                39.43246519655475,
                5.0
            ],
            "length": 240.53944490802328,
            "solid_ids": [
                1,
                2
            ],
            "preferred_normal": [
                -0.019453455843094748,
                0.9236747012065635,
                0.38268343236508984
            ]
        },
        "5": {
            "type": "line",
            "start": [
                135.21086441144703,
                54.29757765920493,
                5.0
            ],
            "end": [
                133.2922286143564,
                145.39683328225993,
                5.0
            ],
            "length": 91.11945751812065,
            "solid_ids": [
                1,
                3
            ],
            "preferred_normal": [
                0.9236747012065635,
                0.019453455843094748,
                0.38268343236508984
            ]
        },
        "6": {
            "type": "line",
            "start": [
                135.21086441145,
                54.29757765920393,
                5.0
            ],
            "end": [
                130.19781644928,
                54.191998165639795,
                5.0
            ],
            "length": 5.014159640505872,
            "solid_ids": [
                1,
                3
            ],
            "preferred_normal": [
                0.019453455843094748,
                -0.9236747012065635,
                0.38268343236508984
            ]
        },
        "7": {
            "type": "line",
            "start": [
                133.29222861436,
                145.39683328226,
                5.0
            ],
            "end": [
                128.2791806521901,
                145.29125378869585,
                5.0
            ],
            "length": 5.014159640505786,
            "solid_ids": [
                1,
                3
            ],
            "preferred_normal": [
                -0.019453455843094748,
                0.9236747012065635,
                0.38268343236508984
            ]
        },
        "8": {
            "type": "line",
            "start": [
                130.197816449277,
                54.19199816564094,
                5.0
            ],
            "end": [
                128.27918065218628,
                145.29125378869995,
                5.0
            ],
            "length": 91.11945751812468,
            "solid_ids": [
                1,
                3
            ],
            "preferred_normal": [
                -0.9236747012065635,
                -0.019453455843094748,
                0.38268343236508984
            ]
        },
        "9": {
            "type": "line",
            "start": [
                135.42142710018,
                44.299794737271,
                15.0
            ],
            "end": [
                135.42142710018,
                44.299794737271,
                57.74978963337
            ],
            "length": 42.74978963337,
            "solid_ids": [
                2,
                3
            ],
            "preferred_normal": [
                0.9156168159613276,
                0.4020520443037696,
                0.0
            ]
        },
        "10": {
            "type": "line",
            "start": [
                135.42142710018,
                44.299794737269934,
                15.0
            ],
            "end": [
                130.40837913801,
                44.1942152437058,
                15.0
            ],
            "length": 5.0141596405059,
            "solid_ids": [
                2,
                3
            ],
            "preferred_normal": [
                -0.021056268873298256,
                0.999778292193392,
                0.0
            ]
        },
        "11": {
            "type": "line",
            "start": [
                135.42142710018,
                44.299794737271,
                57.74978963337
            ],
            "end": [
                130.40837913801,
                44.194215243706864,
                57.74978963337
            ],
            "length": 5.0141596405059,
            "solid_ids": [
                2,
                3
            ],
            "preferred_normal": [
                -0.00805788524523598,
                0.38259858846067496,
                0.9238795325112866
            ]
        },
        "12": {
            "type": "line",
            "start": [
                130.40837913801,
                44.194215243707,
                15.0
            ],
            "end": [
                130.40837913801,
                44.194215243707,
                57.74978963337
            ],
            "length": 42.74978963337,
            "solid_ids": [
                2,
                3
            ],
            "preferred_normal": [
                -0.9317325864517996,
                0.3631451326175802,
                0.0
            ]
        }
    }
}