{
    "contact_edges": {
        "1": {
            "type": "line",
            "start": [
                -45.32008899982,
                71.690368177299,
                5.0
            ],
            "end": [
                -91.5999513120556,
                -94.25451767950287,
                5.0
            ],
            "length": 172.27748198086275,
            "solid_ids": [
                1,
                2
            ],
            "preferred_normal": [
                0.8899194590332564,
                -0.2481869195328996,
                0.38268343236508984
            ]
        },
        "2": {
            "type": "line",
            "start": [
                -45.32008899982,
                71.690368177299,
                5.0
            ],
            "end": [
                -60.34877116632935,
                75.88167143927835,
                5.0
            ],
            "length": 15.602189291757577,
            "solid_ids": [
                1,
                2
            ],
            "preferred_normal": [
                0.2481869195328996,
                0.8899194590332564,
                0.38268343236508984
            ]
        },
        "3": {
            "type": "line",
            "start": [
                -91.59995131203,
                -94.25451767951,
                5.0
            ],
            "end": [
                -106.62863347850302,
                -90.06321441754079,
                5.0
            ],
            "length": 15.60218929171986,
            "solid_ids": [
                1,
                2
            ],
            "preferred_normal": [
                -0.2481869195328996,
                -0.8899194590332564,
                0.38268343236508984
            ]
        },
        "4": {
            "type": "line",
            "start": [
                -60.34877116633,
                75.881671439276,
                5.0
            ],
            "end": [
                -106.62863347856195,
                -90.06321441751275,
                5.0
            ],
            "length": 172.2774819808491,
            "solid_ids": [
                1,
                2
            ],
            "preferred_normal": [
                -0.8899194590332564,
                0.2481869195328996,
                0.38268343236508984
            ]
        },
        "5": {
            "type": "line",
            "start": [
                18.726651214713,
                -7.024431625276,
                5.0
            ],
            "end": [
                17.05709126693574,
                -13.010943276840207,
                5.0
            ],
            "length": 6.214961960747308,
            "solid_ids": [
                1,
                3
            ],
            "preferred_normal": [
                0.8899194590332564,
                -0.2481869195328996,
                0.38268343236508984
            ]
        },
        "6": {
            "type": "line",
            "start": [
                18.726651214713,
                -7.024431625276,
                5.0
            ],
            "end": [
                -51.43405620687755,
                12.542473750778802,
                5.0
            ],
            "length": 72.83809890361991,
            "solid_ids": [
                1,
                3
            ],
            "preferred_normal": [
                0.2481869195328996,
                0.8899194590332564,
                0.38268343236508984
            ]
        },
        "7": {
            "type": "line",
            "start": [
                17.057091266935,
                -13.01094327684,
                5.0
            ],
            "end": [
                -53.103616154656635,
                6.555962099215102,
                5.0
            ],
            "length": 72.83809890362102,
            "solid_ids": [
                1,
                3
            ],
            "preferred_normal": [
                -0.2481869195328996,
                -0.8899194590332564,
                0.38268343236508984
            ]
        },
        "8": {
            "type": "line",
            "start": [
                -51.43405620689288,
                12.542473750773583,
                5.0
            ],
            "end": [
                -53.103616154671066,
                6.555962099206082,
                5.0
            ],
            "length": 6.2149619607507285,
            "solid_ids": [
                1,
                3
            ],
            "preferred_normal": [
                -0.8899194590332564,
                0.2481869195328996,
                0.3826834323650898
            ]
        },
        "9": {
            "type": "line",
            "start": [
                -61.06647502034,
                15.228829609939,
                15.0
            ],
            "end": [
                -61.06647502034,
                15.228829609939,
                46.311695380854
            ],
            "length": 31.311695380853998,
            "solid_ids": [
                2,
                3
            ],
            "preferred_normal": [
                0.6168036288842025,
                0.7871170709591294,
                0.0
            ]
        },
        "10": {
            "type": "line",
            "start": [
                -61.06647502035288,
                15.228829609942581,
                15.0
            ],
            "end": [
                -62.73603496813132,
                9.242317958374162,
                15.0
            ],
            "length": 6.2149619607516815,
            "solid_ids": [
                2,
                3
            ],
            "preferred_normal": [
                0.9632418813460234,
                -0.26863558591700654,
                0.0
            ]
        },
        "11": {
            "type": "line",
            "start": [
                -61.06647502034,
                15.228829609939,
                46.311695380854
            ],
            "end": [
                -62.73603496811844,
                9.242317958370565,
                46.311695380854
            ],
            "length": 6.214961960751697,
            "solid_ids": [
                2,
                3
            ],
            "preferred_normal": [
                0.3686167093513028,
                -0.10280238807412705,
                0.9238795325112867
            ]
        },
        "12": {
            "type": "line",
            "start": [
                -62.73603496812,
                9.242317958371,
                15.0
            ],
            "end": [
                -62.73603496812,
                9.242317958371,
                46.311695380854
            ],
            "length": 31.311695380853998,
            "solid_ids": [
                2,
                3
            ],
            "preferred_normal": [
                0.12042978981840323,
                -0.9927218471073835,
                0.0
            ]
        }
    }
}