{
    "contact_edges": {
        "1": {
            "type": "line",
            "start": [
                179.63408239757,
                -73.99491168422,
                5.0
            ],
            "end": [
                175.60799952666756,
                -88.57453688934208,
                5.0
            ],
            "length": 15.125303778939626,
            "solid_ids": [
                1,
                2
            ],
            "preferred_normal": [
                0.8905485480201228,
                -0.24592005654790472,
                0.38268343236508984
            ]
        },
        "2": {
            "type": "line",
            "start": [
                179.63408239757,
                -73.99491168422,
                5.0
            ],
            "end": [
                -46.96082110700335,
                -11.421982215974387,
                5.0
            ],
            "length": 235.07577883840978,
            "solid_ids": [
                1,
                2
            ],
            "preferred_normal": [
                0.24592005654790472,
                0.8905485480201228,
                0.38268343236508984
            ]
        },
        "3": {
            "type": "line",
            "start": [
                175.60799952666,
                -88.57453688934,
                5.0
            ],
            "end": [
                -50.986903977913336,
                -26.00160742109439,
                5.0
            ],
            "length": 235.07577883840975,
            "solid_ids": [
                1,
                2
            ],
            "preferred_normal": [
                -0.24592005654790472,
                -0.8905485480201228,
                0.38268343236508984
            ]
        },
        "4": {
            "type": "line",
            "start": [
                -46.96082110698,
                -11.42198221589,
                5.0
            ],
            "end": [
                -50.98690397788246,
                -26.001607421012082,
                5.0
            ],
            "length": 15.125303778939625,
            "solid_ids": [
                1,
                2
            ],
            "preferred_normal": [
                -0.8905485480201228,
                0.24592005654790472,
                0.38268343236508984
            ]
        },
        "5": {
            "type": "line",
            "start": [
                137.30911523843,
                148.57588351277,
                5.0
            ],
            "end": [
                85.8628193238386,
                -37.72622120729867,
                5.0
            ],
            "length": 193.27492229065604,
            "solid_ids": [
                1,
                3
            ],
            "preferred_normal": [
                0.8905485480201228,
                -0.24592005654790472,
                0.38268343236508984
            ]
        },
        "6": {
            "type": "line",
            "start": [
                137.30911523843,
                148.57588351277,
                5.0
            ],
            "end": [
                130.91894336982023,
                150.34049413481083,
                5.0
            ],
            "length": 6.6293398734558036,
            "solid_ids": [
                1,
                3
            ],
            "preferred_normal": [
                0.24592005654790472,
                0.8905485480201228,
                0.38268343236508984
            ]
        },
        "7": {
            "type": "line",
            "start": [
                85.86281932375027,
                -37.726221207355046,
                5.0
            ],
            "end": [
                79.47264745514885,
                -35.96161058531652,
                5.0
            ],
            "length": 6.629339873447148,
            "solid_ids": [
                1,
                3
            ],
            "preferred_normal": [
                -0.24592005654790472,
                -0.8905485480201228,
                0.38268343236508984
            ]
        },
        "8": {
            "type": "line",
            "start": [
                130.91894336982,
                150.34049413481,
                5.0
            ],
            "end": [
                79.47264745522922,
                -35.96161058525639,
                5.0
            ],
            "length": 193.27492229065368,
            "solid_ids": [
                1,
                3
            ],
            "preferred_normal": [
                -0.8905485480201228,
                0.24592005654790472,
                0.38268343236508984
            ]
        },
        "9": {
            "type": "line",
            "start": [
                83.200999812738,
                -47.36544923087,
                15.0
            ],
            "end": [
                83.200999812738,
                -47.36544923087,
                48.46570740948
            ],
            "length": 33.46570740948,
            "solid_ids": [
                2,
                3
            ],
            "preferred_normal": [
                0.9924119707018235,
                0.12295722999369774,
                0.0
            ]
        },
        "10": {
            "type": "line",
            "start": [
                83.20099981273546,
                -47.36544923087923,
                15.0
            ],
            "end": [
                76.81082794413496,
                -45.60083860884096,
                15.0
            ],
            "length": 6.62933987344619,
            "solid_ids": [
                2,
                3
            ],
            "preferred_normal": [
                0.26618195110291654,
                0.9639228023586975,
                0.0
            ]
        },
        "11": {
            "type": "line",
            "start": [
                83.200999812738,
                -47.36544923087,
                48.46570740948
            ],
            "end": [
                76.81082794413751,
                -45.60083860883174,
                48.46570740948
            ],
            "length": 6.629339873446174,
            "solid_ids": [
                2,
                3
            ],
            "preferred_normal": [
                0.10186342268170062,
                0.3688772865416025,
                0.9238795325112867
            ]
        },
        "12": {
            "type": "line",
            "start": [
                76.810827944138,
                -45.60083860883,
                15.0
            ],
            "end": [
                76.810827944138,
                -45.60083860883,
                48.46570740948
            ],
            "length": 33.46570740948,
            "solid_ids": [
                2,
                3
            ],
            "preferred_normal": [
                -0.7886851253384223,
                0.6147973430895072,
                0.0
            ]
        }
    }
}