{
    "contact_edges": {
        "1": {
            "type": "line",
            "start": [
                -12.51245160494,
                -28.3692525725,
                5.0
            ],
            "end": [
                -18.21940889637301,
                97.99760824917985,
                5.0
            ],
            "length": 126.49566346500598,
            "solid_ids": [
                1,
                2
            ],
            "preferred_normal": [
                -0.9229388036147956,
                -0.04168159516337582,
                0.3826834323650899
            ]
        },
        "2": {
            "type": "line",
            "start": [
                -12.51245160494,
                -28.3692525725,
                5.0
            ],
            "end": [
                -0.7537169042681482,
                -27.83820672470671,
                5.0
            ],
            "length": 11.770720090684462,
            "solid_ids": [
                1,
                2
            ],
            "preferred_normal": [
                0.04168159516337582,
                -0.9229388036147956,
                0.3826834323650899
            ]
        },
        "3": {
            "type": "line",
            "start": [
                -18.21940889637,
                97.99760824918,
                5.0
            ],
            "end": [
                -6.460674195701963,
                98.52865409697313,
                5.0
            ],
            "length": 11.770720090680642,
            "solid_ids": [
                1,
                2
            ],
            "preferred_normal": [
                -0.04168159516337582,
                0.9229388036147956,
                0.3826834323650899
            ]
        },
        "4": {
            "type": "line",
            "start": [
                -0.753716904268,
                -27.83820672471,
                5.0
            ],
            "end": [
                -6.460674195701197,
                98.52865409697401,
                5.0
            ],
            "length": 126.49566346501014,
            "solid_ids": [
                1,
                2
            ],
            "preferred_normal": [
                0.9229388036147956,
                0.04168159516337582,
                0.3826834323650899
            ]
        },
        "5": {
            "type": "line",
            "start": [
                -80.1536193086,
                -131.4878702634,
                5.0
            ],
            "end": [
                -89.22157936162458,
                69.30032341684023,
                5.0
            ],
            "length": 200.9928521636949,
            "solid_ids": [
                1,
                3
            ],
            "preferred_normal": [
                -0.9229388036147956,
                -0.04168159516337582,
                0.3826834323650899
            ]
        },
        "6": {
            "type": "line",
            "start": [
                -80.1536193086,
                -131.4878702634,
                5.0
            ],
            "end": [
                -71.01556705154061,
                -131.07517920168635,
                5.0
            ],
            "length": 9.147366449703787,
            "solid_ids": [
                1,
                3
            ],
            "preferred_normal": [
                0.04168159516337582,
                -0.9229388036147956,
                0.3826834323650899
            ]
        },
        "7": {
            "type": "line",
            "start": [
                -89.22157936163,
                69.30032341684,
                5.0
            ],
            "end": [
                -80.08352710456998,
                69.71301447855369,
                5.0
            ],
            "length": 9.147366449704428,
            "solid_ids": [
                1,
                3
            ],
            "preferred_normal": [
                -0.04168159516337582,
                0.9229388036147956,
                0.3826834323650899
            ]
        },
        "8": {
            "type": "line",
            "start": [
                -71.01556705154,
                -131.0751792017,
                5.0
            ],
            "end": [
                -80.08352710456522,
                69.7130144785542,
                5.0
            ],
            "length": 200.9928521637089,
            "solid_ids": [
                1,
                3
            ],
            "preferred_normal": [
                0.9229388036147956,
                0.04168159516337582,
                0.3826834323650899
            ]
        },
        "9": {
            "type": "line",
            "start": [
                80.497913121141,
                -72.3240523807,
                5.0
            ],
            "end": [
                73.11985216568674,
                91.04538500607406,
                5.0
            ],
            "length": 163.53595584926725,
            "solid_ids": [
                1,
                4
            ],
            "preferred_normal": [
                -0.9229388036147956,
                -0.04168159516337582,
                0.3826834323650899
            ]
        },
        "10": {
            "type": "line",
            "start": [
                80.497913121141,
                -72.3240523807,
                5.0
            ],
            "end": [
                90.41839661210297,
                -71.87602530124933,
                5.0
            ],
            "length": 9.930595196581628,
            "solid_ids": [
                1,
                4
            ],
            "preferred_normal": [
                0.04168159516337582,
                -0.9229388036147956,
                0.3826834323650899
            ]
        },
        "11": {
            "type": "line",
            "start": [
                73.119852165685,
                91.045385006074,
                5.0
            ],
            "end": [
                83.04033565664702,
                91.49341208552467,
                5.0
            ],
            "length": 9.93059519658167,
            "solid_ids": [
                1,
                4
            ],
            "preferred_normal": [
                -0.04168159516337582,
                0.9229388036147956,
                0.3826834323650899
            ]
        },
        "12": {
            "type": "line",
            "start": [
                90.418396612103,
                -71.87602530125,
                5.0
            ],
            "end": [
                83.0403356566487,
                91.49341208552505,
                5.0
            ],
            "length": 163.53595584926825,
            "solid_ids": [
                1,
                4
            ],
            "preferred_normal": [
                0.9229388036147956,
                0.04168159516337582,
                0.3826834323650899
            ]
        }
    }
}