{
    "contact_edges": {
        "1": {
            "type": "line",
            "start": [
                141.16601572016,
                44.632572220021,
                5.0
            ],
            "end": [
                -90.68525594188955,
                -10.50665273006819,
                5.0
            ],
            "length": 238.31774230930864,
            "solid_ids": [
                1,
                2
            ],
            "preferred_normal": [
                0.21375664638433126,
                -0.8988111518666185,
                0.38268343236508984
            ]
        },
        "2": {
            "type": "line",
            "start": [
                141.16601572016,
                44.632572220021,
                5.0
            ],
            "end": [
                138.3236060176069,
                56.58443234714489,
                5.0
            ],
            "length": 12.285204655010922,
            "solid_ids": [
                1,
                2
            ],
            "preferred_normal": [
                0.8988111518666185,
                0.21375664638433126,
                0.38268343236508984
            ]
        },
        "3": {
            "type": "line",
            "start": [
                -90.68525594192,
                -10.50665272994,
                5.0
            ],
            "end": [
                -93.52766564447364,
                1.445207397186135,
                5.0
            ],
            "length": 12.285204655013226,
            "solid_ids": [
                1,
                2
            ],
            "preferred_normal": [
                -0.8988111518666185,
                -0.21375664638433126,
                0.38268343236508984
            ]
        },
        "4": {
            "type": "line",
            "start": [
                138.32360601762,
                56.584432347148,
                5.0
            ],
            "end": [
                -93.52766564443898,
                1.4452073970565738,
                5.0
            ],
            "length": 238.31774230931833,
            "solid_ids": [
                1,
                2
            ],
            "preferred_normal": [
                -0.21375664638433126,
                0.8988111518666185,
                0.38268343236508984
            ]
        },
        "5": {
            "type": "line",
            "start": [
                114.2710179531791,
                61.14311495260779,
                5.0
            ],
            "end": [
                100.88930455673044,
                117.41099450282057,
                5.0
            ],
            "length": 57.83722436720098,
            "solid_ids": [
                1,
                3
            ],
            "preferred_normal": [
                0.8988111518666185,
                0.21375664638433126,
                0.38268343236508984
            ]
        },
        "6": {
            "type": "line",
            "start": [
                114.27101795318939,
                61.14311495256854,
                5.0
            ],
            "end": [
                108.07990192261016,
                59.670734244647285,
                5.0
            ],
            "length": 6.3637899598551915,
            "solid_ids": [
                1,
                3
            ],
            "preferred_normal": [
                0.21375664638433126,
                -0.8988111518666185,
                0.38268343236508984
            ]
        },
        "7": {
            "type": "line",
            "start": [
                100.88930455677,
                117.41099450283,
                5.0
            ],
            "end": [
                94.69818852618938,
                115.9386137949084,
                5.0
            ],
            "length": 6.363789959856623,
            "solid_ids": [
                1,
                3
            ],
            "preferred_normal": [
                -0.21375664638433126,
                0.8988111518666185,
                0.38268343236508984
            ]
        },
        "8": {
            "type": "line",
            "start": [
                108.0799019225991,
                59.67073424468979,
                5.0
            ],
            "end": [
                94.69818852615083,
                115.93861379490093,
                5.0
            ],
            "length": 57.8372243671993,
            "solid_ids": [
                1,
                3
            ],
            "preferred_normal": [
                -0.8988111518666185,
                -0.21375664638433126,
                0.38268343236508984
            ]
        },
        "9": {
            "type": "line",
            "start": [
                116.58470322125,
                51.414453149444,
                15.0
            ],
            "end": [
                116.58470322125,
                51.414453149444,
                55.31406173122
            ],
            "length": 40.31406173122,
            "solid_ids": [
                2,
                3
            ],
            "preferred_normal": [
                0.8102702498868387,
                0.5860564154996685,
                0.0
            ]
        },
        "10": {
            "type": "line",
            "start": [
                116.58470322125885,
                51.41445314940678,
                15.0
            ],
            "end": [
                110.39358719067963,
                49.942072441485536,
                15.0
            ],
            "length": 6.36378995985519,
            "solid_ids": [
                2,
                3
            ],
            "preferred_normal": [
                -0.08854090197977985,
                0.37229976911533713,
                -0.9238795325112867
            ]
        },
        "11": {
            "type": "line",
            "start": [
                116.58470322125,
                51.414453149444,
                55.31406173122
            ],
            "end": [
                110.39358719067077,
                49.94207244152275,
                55.31406173122
            ],
            "length": 6.3637899598551915,
            "solid_ids": [
                2,
                3
            ],
            "preferred_normal": [
                -0.08854090197977985,
                0.37229976911533713,
                0.9238795325112867
            ]
        },
        "12": {
            "type": "line",
            "start": [
                110.39358719067,
                49.942072441526,
                15.0
            ],
            "end": [
                110.39358719067,
                49.942072441526,
                55.31406173122
            ],
            "length": 40.31406173122,
            "solid_ids": [
                2,
                3
            ],
            "preferred_normal": [
                -0.9873520538463985,
                0.1585431227310059,
                0.0
            ]
        }
    }
}