{
    "contact_edges": {
        "1": {
            "type": "line",
            "start": [
                -79.91189197047,
                -18.31426102388,
                5.0
            ],
            "end": [
                -81.36824432766241,
                148.52672448743,
                5.0
            ],
            "length": 166.84734162872792,
            "solid_ids": [
                1,
                2
            ],
            "preferred_normal": [
                -0.923844336944301,
                -0.008064222790727252,
                0.38268343236508984
            ]
        },
        "2": {
            "type": "line",
            "start": [
                -79.91189197047,
                -18.31426102388,
                5.0
            ],
            "end": [
                -62.71520980095,
                -18.164151453760184,
                5.0
            ],
            "length": 17.197337309087374,
            "solid_ids": [
                1,
                2
            ],
            "preferred_normal": [
                0.008064222790727254,
                -0.923844336944301,
                0.3826834323650898
            ]
        },
        "3": {
            "type": "line",
            "start": [
                -81.36824432766,
                148.52672448743,
                5.0
            ],
            "end": [
                -64.17156215815,
                148.6768340575497,
                5.0
            ],
            "length": 17.197337309077373,
            "solid_ids": [
                1,
                2
            ],
            "preferred_normal": [
                -0.008064222790727254,
                0.923844336944301,
                0.3826834323650898
            ]
        },
        "4": {
            "type": "line",
            "start": [
                -62.71520980095,
                -18.16415145376,
                5.0
            ],
            "end": [
                -64.17156215814242,
                148.6768340575501,
                5.0
            ],
            "length": 166.84734162872806,
            "solid_ids": [
                1,
                2
            ],
            "preferred_normal": [
                0.923844336944301,
                0.008064222790727252,
                0.38268343236508984
            ]
        }
    }
}