{
    "contact_edges": {
        "1": {
            "type": "line",
            "start": [
                -34.49389278879,
                -148.2668009116,
                5.0
            ],
            "end": [
                -42.735332669656074,
                -144.52882410639134,
                5.0
            ],
            "length": 9.049519429572367,
            "solid_ids": [
                1,
                2
            ],
            "preferred_normal": [
                -0.3816158736616361,
                -0.8413814328607091,
                0.3826834323650899
            ]
        },
        "2": {
            "type": "line",
            "start": [
                -34.49389278879,
                -148.2668009116,
                5.0
            ],
            "end": [
                73.43539198688752,
                89.6942026516545,
                5.0
            ],
            "length": 261.29326384164693,
            "solid_ids": [
                1,
                2
            ],
            "preferred_normal": [
                0.8413814328607091,
                -0.3816158736616361,
                0.3826834323650899
            ]
        },
        "3": {
            "type": "line",
            "start": [
                -42.73533266966,
                -144.5288241064,
                5.0
            ],
            "end": [
                65.19395210602094,
                93.43217945686206,
                5.0
            ],
            "length": 261.29326384165523,
            "solid_ids": [
                1,
                2
            ],
            "preferred_normal": [
                -0.8413814328607091,
                0.3816158736616361,
                0.3826834323650899
            ]
        },
        "4": {
            "type": "line",
            "start": [
                73.43539198686,
                89.694202651667,
                5.0
            ],
            "end": [
                65.19395210598852,
                93.43217945687812,
                5.0
            ],
            "length": 9.049519429578305,
            "solid_ids": [
                1,
                2
            ],
            "preferred_normal": [
                0.3816158736616361,
                0.8413814328607091,
                0.3826834323650899
            ]
        }
    }
}