{
    "contact_edges": {
        "1": {
            "type": "line",
            "start": [
                117.59748025261,
                51.632130329828,
                5.0
            ],
            "end": [
                -135.86703341159438,
                -11.143990578793202,
                5.0
            ],
            "length": 261.12277005915337,
            "solid_ids": [
                1,
                2
            ],
            "preferred_normal": [
                0.2221084481632548,
                -0.8967838244793359,
                0.3826834323650898
            ]
        },
        "2": {
            "type": "line",
            "start": [
                117.59748025261,
                51.632130329828,
                5.0
            ],
            "end": [
                115.02002078331273,
                62.03886622587968,
                5.0
            ],
            "length": 10.721168281770447,
            "solid_ids": [
                1,
                2
            ],
            "preferred_normal": [
                0.8967838244793359,
                0.2221084481632548,
                0.3826834323650898
            ]
        },
        "3": {
            "type": "line",
            "start": [
                -135.8670334116,
                -11.14399057877,
                5.0
            ],
            "end": [
                -138.4444928808954,
                -0.7372546827258617,
                5.0
            ],
            "length": 10.72116828176268,
            "solid_ids": [
                1,
                2
            ],
            "preferred_normal": [
                -0.8967838244793359,
                -0.2221084481632548,
                0.3826834323650898
            ]
        },
        "4": {
            "type": "line",
            "start": [
                115.02002078331,
                62.038866225879,
                5.0
            ],
            "end": [
                -138.44449288089618,
                -0.7372546827426563,
                5.0
            ],
            "length": 261.1227700591552,
            "solid_ids": [
                1,
                2
            ],
            "preferred_normal": [
                -0.2221084481632548,
                0.8967838244793359,
                0.3826834323650898
            ]
        }
    }
}