{
  "welds": [
    {
      "start": {
        "xyz": [
          -34.49389278879,
          -148.2668009116,
          5.0
        ],
        "pose": [
          0.2873164303642161,
          -0.7642747774913361,
          0.5773502691896258
        ]
      },
      "end": {
        "xyz": [
          -42.735332669656074,
          -144.52882410639134,
          5.0
        ],
        "pose": [
          -0.7642747774913361,
          -0.2873164303642161,
          0.5773502691896258
        ]
      }
    },
    {
      "start": {
        "xyz": [
          -42.735332669656074,
          -144.52882410639134,
          5.0
        ],
        "pose": [
          -0.7642747774913361,
          -0.2873164303642161,
          0.5773502691896258
        ]
      },
      "end": {
        "xyz": [
          65.19395210602094,
          93.43217945686206,
          5.0
        ],
        "pose": [
          -0.2873164303642161,
          0.7642747774913361,
          0.5773502691896258
        ]
      }
    },
    {
      "start": {
        "xyz": [
          65.19395210602094,
          93.43217945686206,
          5.0
        ],
        "pose": [
          -0.2873164303642161,
          0.7642747774913361,
          0.5773502691896258
        ]
      },
      "end": {
        "xyz": [
          73.43539198688752,
          89.6942026516545,
          5.0
        ],
        "pose": [
          0.7642747774913361,
          0.2873164303642161,
          0.5773502691896258
        ]
      }
    },
    {
      "start": {
        "xyz": [
          73.43539198688752,
          89.6942026516545,
          5.0
        ],
        "pose": [
          0.7642747774913361,
          0.2873164303642161,
          0.5773502691896258
        ]
      },
      "end": {
        "xyz": [
          -34.49389278879,
          -148.2668009116,
          5.0
        ],
        "pose": [
          0.2873164303642161,
          -0.7642747774913361,
          0.5773502691896258
        ]
      }
    }
  ]
}