{
    "contact_edges": {
        "1": {
            "type": "line",
            "start": [
                -16.78303351201,
                -126.4065726978,
                5.0
            ],
            "end": [
                -135.39207666330353,
                -108.09743654422283,
                5.0
            ],
            "length": 120.0138724646265,
            "solid_ids": [
                1,
                2
            ],
            "preferred_normal": [
                -0.14094567405312344,
                -0.9130650073017718,
                0.3826834323650899
            ]
        },
        "2": {
            "type": "line",
            "start": [
                -16.78303351201,
                -126.4065726978,
                5.0
            ],
            "end": [
                -14.872994439363158,
                -114.0330830428026,
                5.0
            ],
            "length": 12.520043749978084,
            "solid_ids": [
                1,
                2
            ],
            "preferred_normal": [
                0.9130650073017718,
                -0.14094567405312344,
                0.3826834323650899
            ]
        },
        "3": {
            "type": "line",
            "start": [
                -135.3920766633,
                -108.0974365442,
                5.0
            ],
            "end": [
                -133.48203759067195,
                -95.72394688932434,
                5.0
            ],
            "length": 12.520043749854898,
            "solid_ids": [
                1,
                2
            ],
            "preferred_normal": [
                -0.9130650073017718,
                0.14094567405312344,
                0.3826834323650899
            ]
        },
        "4": {
            "type": "line",
            "start": [
                -14.87299443938,
                -114.0330830428,
                5.0
            ],
            "end": [
                -133.48203759068474,
                -95.7239468892211,
                5.0
            ],
            "length": 120.01387246463786,
            "solid_ids": [
                1,
                2
            ],
            "preferred_normal": [
                0.14094567405312344,
                0.9130650073017718,
                0.3826834323650899
            ]
        },
        "5": {
            "type": "line",
            "start": [
                91.048410232187,
                36.855961148867,
                5.0
            ],
            "end": [
                -129.53978820819313,
                70.90715363648782,
                5.0
            ],
            "length": 223.20088933738936,
            "solid_ids": [
                1,
                3
            ],
            "preferred_normal": [
                -0.14094567405312344,
                -0.9130650073017718,
                0.3826834323650899
            ]
        },
        "6": {
            "type": "line",
            "start": [
                91.048410232187,
                36.855961148867,
                5.0
            ],
            "end": [
                92.67791030332847,
                47.41208147217861,
                5.0
            ],
            "length": 10.681149131160115,
            "solid_ids": [
                1,
                3
            ],
            "preferred_normal": [
                0.9130650073017718,
                -0.14094567405312344,
                0.3826834323650899
            ]
        },
        "7": {
            "type": "line",
            "start": [
                -129.5397882082,
                70.907153636443,
                5.0
            ],
            "end": [
                -127.91028813705928,
                81.46327395974971,
                5.0
            ],
            "length": 10.681149131155163,
            "solid_ids": [
                1,
                3
            ],
            "preferred_normal": [
                -0.9130650073017718,
                0.14094567405312344,
                0.3826834323650899
            ]
        },
        "8": {
            "type": "line",
            "start": [
                92.677910303326,
                47.412081472179,
                5.0
            ],
            "end": [
                -127.91028813709235,
                81.4632739598057,
                5.0
            ],
            "length": 223.20088933742804,
            "solid_ids": [
                1,
                3
            ],
            "preferred_normal": [
                0.14094567405312344,
                0.9130650073017718,
                0.3826834323650899
            ]
        },
        "9": {
            "type": "line",
            "start": [
                16.626363945406,
                -23.78307695505,
                5.0
            ],
            "end": [
                -102.9870195921955,
                -5.318905364132752,
                5.0
            ],
            "length": 121.030108460053,
            "solid_ids": [
                1,
                4
            ],
            "preferred_normal": [
                -0.14094567405312344,
                -0.9130650073017718,
                0.3826834323650899
            ]
        },
        "10": {
            "type": "line",
            "start": [
                16.626363945406,
                -23.78307695505,
                5.0
            ],
            "end": [
                19.28149879395574,
                -6.582756787972578,
                5.0
            ],
            "length": 17.404044211445612,
            "solid_ids": [
                1,
                4
            ],
            "preferred_normal": [
                0.9130650073017718,
                -0.14094567405312344,
                0.3826834323650899
            ]
        },
        "11": {
            "type": "line",
            "start": [
                -102.9870195922,
                -5.318905364162,
                5.0
            ],
            "end": [
                -100.3318847436484,
                11.881414802927475,
                5.0
            ],
            "length": 17.40404421145781,
            "solid_ids": [
                1,
                4
            ],
            "preferred_normal": [
                -0.9130650073017718,
                0.14094567405312344,
                0.3826834323650899
            ]
        },
        "12": {
            "type": "line",
            "start": [
                19.281498793952,
                -6.582756787972,
                5.0
            ],
            "end": [
                -100.33188474359736,
                11.881414802937199,
                5.0
            ],
            "length": 121.03010846000024,
            "solid_ids": [
                1,
                4
            ],
            "preferred_normal": [
                0.14094567405312344,
                0.9130650073017718,
                0.3826834323650899
            ]
        }
    }
}