{
    "contact_edges": {
        "1": {
            "type": "line",
            "start": [
                72.381188556171,
                -30.50938222339,
                5.0
            ],
            "end": [
                -136.01802434950048,
                -50.24650313427529,
                5.0
            ],
            "length": 209.33176032688945,
            "solid_ids": [
                1,
                2
            ],
            "preferred_normal": [
                0.08710919934840444,
                -0.9197637620509701,
                0.3826834323650898
            ]
        },
        "2": {
            "type": "line",
            "start": [
                72.381188556171,
                -30.50938222339,
                5.0
            ],
            "end": [
                71.42322949760927,
                -20.394537474679975,
                5.0
            ],
            "length": 10.160106783316168,
            "solid_ids": [
                1,
                2
            ],
            "preferred_normal": [
                0.9197637620509702,
                0.08710919934840446,
                0.38268343236508984
            ]
        },
        "3": {
            "type": "line",
            "start": [
                -136.0180243495,
                -50.24650313428,
                5.0
            ],
            "end": [
                -136.97598340806118,
                -40.13165838557579,
                5.0
            ],
            "length": 10.160106783310328,
            "solid_ids": [
                1,
                2
            ],
            "preferred_normal": [
                -0.9197637620509702,
                -0.08710919934840446,
                0.38268343236508984
            ]
        },
        "4": {
            "type": "line",
            "start": [
                71.423229497609,
                -20.39453747468,
                5.0
            ],
            "end": [
                -136.97598340800099,
                -40.13165838555946,
                5.0
            ],
            "length": 209.33176032682772,
            "solid_ids": [
                1,
                2
            ],
            "preferred_normal": [
                -0.08710919934840444,
                0.9197637620509701,
                0.3826834323650898
            ]
        }
    }
}