{
    "contact_edges": {
        "1": {
            "type": "line",
            "start": [
                -67.37716685273,
                -16.91989827913,
                5.0
            ],
            "end": [
                -67.52669251104292,
                -7.523666573732046,
                5.0
            ],
            "length": 9.397421358224799,
            "solid_ids": [
                1,
                2
            ],
            "preferred_normal": [
                -0.9237625753316924,
                -0.014700170401498066,
                0.38268343236508984
            ]
        },
        "2": {
            "type": "line",
            "start": [
                -67.37716685273,
                -16.91989827913,
                5.0
            ],
            "end": [
                140.01875976344004,
                -13.619531341511227,
                5.0
            ],
            "length": 207.4221849246187,
            "solid_ids": [
                1,
                2
            ],
            "preferred_normal": [
                0.014700170401498066,
                -0.9237625753316924,
                0.38268343236508984
            ]
        },
        "3": {
            "type": "line",
            "start": [
                -67.52669251104,
                -7.523666573732,
                5.0
            ],
            "end": [
                139.86923410513003,
                -4.223299636113228,
                5.0
            ],
            "length": 207.42218492461868,
            "solid_ids": [
                1,
                2
            ],
            "preferred_normal": [
                -0.014700170401498066,
                0.9237625753316924,
                0.38268343236508984
            ]
        },
        "4": {
            "type": "line",
            "start": [
                140.01875976344,
                -13.61953134151,
                5.0
            ],
            "end": [
                139.8692341051271,
                -4.223299636114045,
                5.0
            ],
            "length": 9.397421358222802,
            "solid_ids": [
                1,
                2
            ],
            "preferred_normal": [
                0.9237625753316924,
                0.014700170401498066,
                0.38268343236508984
            ]
        },
        "5": {
            "type": "line",
            "start": [
                4.411979919696485,
                3.6223858246399936,
                5.0
            ],
            "end": [
                2.911392240973026,
                97.91971032826102,
                5.0
            ],
            "length": 94.30926344703761,
            "solid_ids": [
                1,
                4
            ],
            "preferred_normal": [
                -0.9237625753316924,
                -0.014700170401498066,
                0.38268343236508984
            ]
        },
        "6": {
            "type": "line",
            "start": [
                4.41197991969702,
                3.6223858246399288,
                5.0
            ],
            "end": [
                9.884506614622016,
                3.7094721356579505,
                5.0
            ],
            "length": 5.473219569159767,
            "solid_ids": [
                1,
                4
            ],
            "preferred_normal": [
                0.014700170401498066,
                -0.9237625753316924,
                0.3826834323650898
            ]
        },
        "7": {
            "type": "line",
            "start": [
                2.9113922409730066,
                97.91971032826154,
                5.0
            ],
            "end": [
                8.383918935898002,
                98.00679663927956,
                5.0
            ],
            "length": 5.473219569159767,
            "solid_ids": [
                1,
                4
            ],
            "preferred_normal": [
                -0.014700170401498066,
                0.9237625753316924,
                0.38268343236508984
            ]
        },
        "8": {
            "type": "line",
            "start": [
                9.884506614621484,
                3.7094721356579936,
                5.0
            ],
            "end": [
                8.383918935898027,
                98.00679663927903,
                5.0
            ],
            "length": 94.30926344703762,
            "solid_ids": [
                1,
                4
            ],
            "preferred_normal": [
                0.9237625753316924,
                0.014700170401498066,
                0.38268343236508984
            ]
        },
        "9": {
            "type": "line",
            "start": [
                2.752278743118,
                107.91844439287,
                15.0
            ],
            "end": [
                2.752278743118,
                107.91844439287,
                50.218001160027
            ],
            "length": 35.218001160027,
            "solid_ids": [
                3,
                4
            ],
            "preferred_normal": [
                -0.9176735653821962,
                -0.3973351575165831,
                0.0
            ]
        },
        "10": {
            "type": "line",
            "start": [
                2.752278743118039,
                107.91844439286866,
                15.0
            ],
            "end": [
                8.224805438043077,
                108.00553070388669,
                15.0
            ],
            "length": 5.47321956915981,
            "solid_ids": [
                3,
                4
            ],
            "preferred_normal": [
                0.01591134978555062,
                -0.999873406461039,
                0.0
            ]
        },
        "11": {
            "type": "line",
            "start": [
                2.752278743118,
                107.91844439287,
                50.218001160027
            ],
            "end": [
                8.224805438043031,
                108.00553070388803,
                50.218001160027
            ],
            "length": 5.473219569159803,
            "solid_ids": [
                3,
                4
            ],
            "preferred_normal": [
                0.006089009949496047,
                -0.38263498711508503,
                0.9238795325112866
            ]
        },
        "12": {
            "type": "line",
            "start": [
                8.224805438043,
                108.00553070389,
                15.0
            ],
            "end": [
                8.224805438043,
                108.00553070389,
                50.218001160027
            ],
            "length": 35.218001160027,
            "solid_ids": [
                3,
                4
            ],
            "preferred_normal": [
                0.9298515852811884,
                -0.3679348167135869,
                0.0
            ]
        },
        "13": {
            "type": "line",
            "start": [
                -147.5321076918,
                105.52691420072,
                5.0
            ],
            "end": [
                -147.72977589617554,
                117.94843616597039,
                5.0
            ],
            "length": 12.423094648766828,
            "solid_ids": [
                1,
                3
            ],
            "preferred_normal": [
                -0.9237625753316924,
                -0.014700170401498066,
                0.38268343236508984
            ]
        },
        "14": {
            "type": "line",
            "start": [
                -147.5321076918,
                105.52691420072,
                5.0
            ],
            "end": [
                117.85150712709016,
                109.75006034647333,
                5.0
            ],
            "length": 265.41721492342856,