{
    "contact_edges": {
        "1": {
            "type": "line",
            "start": [
                94.744847560574,
                -60.63352654119,
                5.0
            ],
            "end": [
                77.9915512253622,
                -56.326969698937,
                5.0
            ],
            "length": 17.29795854807663,
            "solid_ids": [
                1,
                2
            ],
            "preferred_normal": [
                -0.23001209715561438,
                -0.8947892633214538,
                0.3826834323650899
            ]
        },
        "2": {
            "type": "line",
            "start": [
                94.744847560574,
                -60.63352654119,
                5.0
            ],
            "end": [
                124.36699086905024,
                54.602046355924514,
                5.0
            ],
            "length": 118.98196768886491,
            "solid_ids": [
                1,
                2
            ],
            "preferred_normal": [
                0.8947892633214538,
                -0.23001209715561438,
                0.3826834323650899
            ]
        },
        "3": {
            "type": "line",
            "start": [
                77.991551225364,
                -56.32696969893,
                5.0
            ],
            "end": [
                107.6136945338388,
                58.90860319817889,
                5.0
            ],
            "length": 118.9819676888591,
            "solid_ids": [
                1,
                2
            ],
            "preferred_normal": [
                -0.8947892633214538,
                0.23001209715561438,
                0.3826834323650899
            ]
        },
        "4": {
            "type": "line",
            "start": [
                124.36699086906,
                54.602046355922,
                5.0
            ],
            "end": [
                107.61369453384964,
                58.90860319817464,
                5.0
            ],
            "length": 17.297958548075147,
            "solid_ids": [
                1,
                2
            ],
            "preferred_normal": [
                0.23001209715561438,
                0.8947892633214538,
                0.3826834323650899
            ]
        },
        "5": {
            "type": "line",
            "start": [
                -43.73810500558,
                -98.94429848482,
                5.0
            ],
            "end": [
                -56.91343679567012,
                -95.55748348828045,
                5.0
            ],
            "length": 13.603671695529279,
            "solid_ids": [
                1,
                4
            ],
            "preferred_normal": [
                -0.23001209715561438,
                -0.8947892633214538,
                0.3826834323650899
            ]
        },
        "6": {
            "type": "line",
            "start": [
                -43.73810500558,
                -98.94429848482,
                5.0
            ],
            "end": [
                -0.41409790790723283,
                69.59403873503965,
                5.0
            ],
            "length": 174.01764480602054,
            "solid_ids": [
                1,
                4
            ],
            "preferred_normal": [
                0.8947892633214538,
                -0.23001209715561438,
                0.3826834323650899
            ]
        },
        "7": {
            "type": "line",
            "start": [
                -56.91343679567,
                -95.55748348828,
                5.0
            ],
            "end": [
                -13.589429697996941,
                72.98085373158078,
                5.0
            ],
            "length": 174.0176448060217,
            "solid_ids": [
                1,
                4
            ],
            "preferred_normal": [
                -0.8947892633214538,
                0.23001209715561438,
                0.3826834323650899
            ]
        },
        "8": {
            "type": "line",
            "start": [
                -0.414097907897,
                69.594038735037,
                5.0
            ],
            "end": [
                -13.589429697990417,
                72.98085373157738,
                5.0
            ],
            "length": 13.60367169553268,
            "solid_ids": [
                1,
                4
            ],
            "preferred_normal": [
                0.23001209715561438,
                0.8947892633214538,
                0.3826834323650899
            ]
        },
        "9": {
            "type": "line",
            "start": [
                4.596143562508,
                -131.6818206965,
                5.0
            ],
            "end": [
                -3.4590693243714283,
                -129.6111695553939,
                5.0
            ],
            "length": 8.317093891565277,
            "solid_ids": [
                1,
                3
            ],
            "preferred_normal": [
                -0.23001209715561438,
                -0.8947892633214538,
                0.3826834323650899
            ]
        },
        "10": {
            "type": "line",
            "start": [
                4.596143562508,
                -131.6818206965,
                5.0
            ],
            "end": [
                68.62136796851715,
                117.38805036112895,
                5.0
            ],
            "length": 257.1673191307631,
            "solid_ids": [
                1,
                3
            ],
            "preferred_normal": [
                0.8947892633214538,
                -0.23001209715561438,
                0.3826834323650899
            ]
        },
        "11": {
            "type": "line",
            "start": [
                -3.459069324373,
                -129.6111695554,
                5.0
            ],
            "end": [
                60.56615508163857,
                119.45870150223836,
                5.0
            ],
            "length": 257.1673191307728,
            "solid_ids": [
                1,
                3
            ],
            "preferred_normal": [
                -0.8947892633214538,
                0.23001209715561438,
                0.3826834323650899
            ]
        },
        "12": {
            "type": "line",
            "start": [
                68.621367968552,
                117.38805036112,
                5.0
            ],
            "end": [
                60.56615508167016,
                119.45870150222673,
                5.0
            ],
            "length": 8.317093891567762,
            "solid_ids": [
                1,
                3
            ],
            "preferred_normal": [
                0.23001209715561438,
                0.8947892633214538,
                0.3826834323650899
            ]
        }
    }
}