{
    "contact_edges": {
        "1": {
            "type": "line",
            "start": [
                -21.53837215527,
                -74.30700254795,
                5.0
            ],
            "end": [
                -51.372662827653535,
                137.4906233223911,
                5.0
            ],
            "length": 213.88856730605602,
            "solid_ids": [
                1,
                2
            ],
            "preferred_normal": [
                -0.9148478295994963,
                -0.1288675260504544,
                0.3826834323650898
            ]
        },
        "2": {
            "type": "line",
            "start": [
                -21.53837215527,
                -74.30700254795,
                5.0
            ],
            "end": [
                -11.529387067341617,
                -72.8971143623685,
                5.0
            ],
            "length": 10.10779734592137,
            "solid_ids": [
                1,
                2
            ],
            "preferred_normal": [
                0.12886752605045437,
                -0.9148478295994963,
                0.38268343236508984
            ]
        },
        "3": {
            "type": "line",
            "start": [
                -51.37266282759,
                137.4906233224,
                5.0
            ],
            "end": [
                -41.36367773966024,
                138.90051150798172,
                5.0
            ],
            "length": 10.107797345922759,
            "solid_ids": [
                1,
                2
            ],
            "preferred_normal": [
                -0.12886752605045437,
                0.9148478295994963,
                0.38268343236508984
            ]
        },
        "4": {
            "type": "line",
            "start": [
                -11.52938706734,
                -72.89711436238,
                5.0
            ],
            "end": [
                -41.36367773972491,
                138.9005115079709,
                5.0
            ],
            "length": 213.88856730606588,
            "solid_ids": [
                1,
                2
            ],
            "preferred_normal": [
                0.9148478295994963,
                0.1288675260504544,
                0.3826834323650898
            ]
        }
    }
}