{
    "contact_edges": {
        "1": {
            "type": "line",
            "start": [
                136.99169822319,
                -33.55656948757,
                5.0
            ],
            "end": [
                -25.289855675626566,
                73.23042947247967,
                5.0
            ],
            "length": 194.2646799670701,
            "solid_ids": [
                1,
                2
            ],
            "preferred_normal": [
                -0.5078551731288342,
                -0.7717749113048152,
                0.38268343236508984
            ]
        },
        "2": {
            "type": "line",
            "start": [
                136.99169822319,
                -33.55656948757,
                5.0
            ],
            "end": [
                144.2124161255037,
                -22.583423572205838,
                5.0
            ],
            "length": 13.13577931851272,
            "solid_ids": [
                1,
                2
            ],
            "preferred_normal": [
                0.7717749113048152,
                -0.5078551731288342,
                0.38268343236508984
            ]
        },
        "3": {
            "type": "line",
            "start": [
                -25.2898556756,
                73.23042947252,
                5.0
            ],
            "end": [
                -18.069137773290727,
                84.20357538787748,
                5.0
            ],
            "length": 13.135779318504712,
            "solid_ids": [
                1,
                2
            ],
            "preferred_normal": [
                -0.7717749113048152,
                0.5078551731288342,
                0.38268343236508984
            ]
        },
        "4": {
            "type": "line",
            "start": [
                144.21241612551,
                -22.58342357221,
                5.0
            ],
            "end": [
                -18.069137773312182,
                84.20357538784336,
                5.0
            ],
            "length": 194.26467996707677,
            "solid_ids": [
                1,
                2
            ],
            "preferred_normal": [
                0.5078551731288342,
                0.7717749113048152,
                0.38268343236508984
            ]
        },
        "5": {
            "type": "line",
            "start": [
                80.635697673257,
                -95.16199003785,
                5.0
            ],
            "end": [
                -104.63517088544994,
                26.752790618255194,
                5.0
            ],
            "length": 221.78482472640886,
            "solid_ids": [
                1,
                3
            ],
            "preferred_normal": [
                -0.5078551731288342,
                -0.7717749113048152,
                0.38268343236508984
            ]
        },
        "6": {
            "type": "line",
            "start": [
                80.635697673257,
                -95.16199003785,
                5.0
            ],
            "end": [
                89.99531474142744,
                -80.93841210689962,
                5.0
            ],
            "length": 17.02682004428913,
            "solid_ids": [
                1,
                3
            ],
            "preferred_normal": [
                0.7717749113048152,
                -0.5078551731288342,
                0.38268343236508984
            ]
        },
        "7": {
            "type": "line",
            "start": [
                -104.6351708854,
                26.752790618331,
                5.0
            ],
            "end": [
                -95.27555381725588,
                40.97636854924139,
                5.0
            ],
            "length": 17.026820044241255,
            "solid_ids": [
                1,
                3
            ],
            "preferred_normal": [
                -0.7717749113048152,
                0.5078551731288342,
                0.38268343236508984
            ]
        },
        "8": {
            "type": "line",
            "start": [
                89.995314741428,
                -80.9384121069,
                5.0
            ],
            "end": [
                -95.27555381733362,
                40.97636854924117,
                5.0
            ],
            "length": 221.7848247264743,
            "solid_ids": [
                1,
                3
            ],
            "preferred_normal": [
                0.5078551731288342,
                0.7717749113048152,
                0.38268343236508984
            ]
        }
    }
}