{
    "contact_edges": {
        "1": {
            "type": "line",
            "start": [
                -80.68415636572,
                109.41148080308,
                5.0
            ],
            "end": [
                -82.9900243031625,
                -104.72324322670009,
                5.0
            ],
            "length": 214.1471388140757,
            "solid_ids": [
                1,
                2
            ],
            "preferred_normal": [
                0.9238259723041564,
                -0.009948039482921691,
                0.38268343236508984
            ]
        },
        "2": {
            "type": "line",
            "start": [
                -80.68415636572,
                109.41148080308,
                5.0
            ],
            "end": [
                -92.24008188232995,
                109.5359185291749,
                5.0
            ],
            "length": 11.556595488858841,
            "solid_ids": [
                1,
                2
            ],
            "preferred_normal": [
                0.009948039482921691,
                0.9238259723041564,
                0.38268343236508984
            ]
        },
        "3": {
            "type": "line",
            "start": [
                -82.99002430317,
                -104.7232432267,
                5.0
            ],
            "end": [
                -94.54594981977006,
                -104.59880550060521,
                5.0
            ],
            "length": 11.55659548884895,
            "solid_ids": [
                1,
                2
            ],
            "preferred_normal": [
                -0.009948039482921691,
                -0.9238259723041564,
                0.38268343236508984
            ]
        },
        "4": {
            "type": "line",
            "start": [
                -92.24008188233,
                109.53591852917,
                5.0
            ],
            "end": [
                -94.54594981977239,
                -104.5988055006,
                5.0
            ],
            "length": 214.14713881406558,
            "solid_ids": [
                1,
                2
            ],
            "preferred_normal": [
                -0.9238259723041564,
                0.009948039482921691,
                0.38268343236508984
            ]
        },
        "5": {
            "type": "line",
            "start": [
                72.863202915319,
                -9.49561863495,
                5.0
            ],
            "end": [
                72.75745140425745,
                -19.316246377410003,
                5.0
            ],
            "length": 9.821197108197495,
            "solid_ids": [
                1,
                3
            ],
            "preferred_normal": [
                0.9238259723041564,
                -0.009948039482921691,
                0.38268343236508984
            ]
        },
        "6": {
            "type": "line",
            "start": [
                72.863202915319,
                -9.49561863495,
                5.0
            ],
            "end": [
                -71.94721277627004,
                -7.936255967060057,
                5.0
            ],
            "length": 144.8188112943233,
            "solid_ids": [
                1,
                3
            ],
            "preferred_normal": [
                0.009948039482921691,
                0.9238259723041564,
                0.38268343236508984
            ]
        },
        "7": {
            "type": "line",
            "start": [
                72.757451404257,
                -19.31624637741,
                5.0
            ],
            "end": [
                -72.05296428733001,
                -17.75688370952008,
                5.0
            ],
            "length": 144.8188112943213,
            "solid_ids": [
                1,
                3
            ],
            "preferred_normal": [
                -0.009948039482921691,
                -0.9238259723041564,
                0.38268343236508984
            ]
        },
        "8": {
            "type": "line",
            "start": [
                -71.94721277626965,
                -7.936255967059006,
                5.0
            ],
            "end": [
                -72.05296428733122,
                -17.756883709520018,
                5.0
            ],
            "length": 9.821197108198504,
            "solid_ids": [
                1,
                3
            ],
            "preferred_normal": [
                -0.9238259723041564,
                0.009948039482921691,
                0.38268343236508984
            ]
        },
        "9": {
            "type": "line",
            "start": [
                -81.94663304477,
                -7.828579163614,
                15.0
            ],
            "end": [
                -81.94663304477,
                -7.828579163614,
                46.052272805265
            ],
            "length": 31.052272805264998,
            "solid_ids": [
                2,
                3
            ],
            "preferred_normal": [
                0.39260928648381466,
                0.919705359431307,
                0.0
            ]
        },
        "10": {
            "type": "line",
            "start": [
                -81.94663304476961,
                -7.8285791636140045,
                15.0
            ],
            "end": [
                -82.05238455583122,
                -17.649206906080018,
                15.0
            ],
            "length": 9.821197108203506,
            "solid_ids": [
                2,
                3
            ],
            "preferred_normal": [
                0.9999420268495561,
                -0.01076768034451522,
                0.0
            ]
        },
        "11": {
            "type": "line",
            "start": [
                -81.94663304477,
                -7.828579163614,
                46.052272805265
            ],
            "end": [
                -82.05238455583161,
                -17.649206906079982,
                46.052272805265
            ],
            "length": 9.821197108203476,
            "solid_ids": [
                2,
                3
            ],
            "preferred_normal": [
                0.382661247000893,
                -0.004120612872849198,
                0.9238795325112867
            ]
        },
        "12": {
            "type": "line",
            "start": [
                -82.05238455583,
                -17.64920690608,
                15.0
            ],
            "end": [
                -82.05238455583,
                -17.64920690608,
                46.052272805265
            ],
            "length": 31.052272805264998,
            "solid_ids": [
                2,
                3
            ],
            "preferred_normal": [
                0.37271320751797127,
                -0.9279465851770057,
                0.0
            ]
        }
    }
}