{
    "contact_edges": {
        "1": {
            "type": "line",
            "start": [
                -20.32819930748,
                -32.16074654452,
                5.0
            ],
            "end": [
                -34.19135552417962,
                -33.602210000833665,
                5.0
            ],
            "length": 13.937895005505856,
            "solid_ids": [
                1,
                2
            ],
            "preferred_normal": [
                0.09554804248597795,
                -0.9189254388525608,
                0.38268343236508984
            ]
        },
        "2": {
            "type": "line",
            "start": [
                -20.32819930748,
                -32.16074654452,
                5.0
            ],
            "end": [
                -36.352796776769424,
                121.95450143728387,
                5.0
            ],
            "length": 154.9461112275673,
            "solid_ids": [
                1,
                2
            ],
            "preferred_normal": [
                0.9189254388525607,
                0.09554804248597794,
                0.3826834323650898
            ]
        },
        "3": {
            "type": "line",
            "start": [
                -34.19135552418,
                -33.60221000083,
                5.0
            ],
            "end": [
                -50.215952993469315,
                120.51303798097283,
                5.0
            ],
            "length": 154.94611122756626,
            "solid_ids": [
                1,
                2
            ],
            "preferred_normal": [
                -0.9189254388525607,
                -0.09554804248597794,
                0.3826834323650898
            ]
        },
        "4": {
            "type": "line",
            "start": [
                -36.35279677671,
                121.95450143729,
                5.0
            ],
            "end": [
                -50.21595299339973,
                120.51303798097737,
                5.0
            ],
            "length": 13.937895005495912,
            "solid_ids": [
                1,
                2
            ],
            "preferred_normal": [
                -0.09554804248597795,
                0.9189254388525608,
                0.38268343236508984
            ]
        },
        "5": {
            "type": "line",
            "start": [
                -66.57948481084,
                -140.5256901639,
                5.0
            ],
            "end": [
                -80.99340695725334,
                -142.02442116796797,
                5.0
            ],
            "length": 14.49163021421053,
            "solid_ids": [
                1,
                3
            ],
            "preferred_normal": [
                0.09554804248597795,
                -0.9189254388525608,
                0.38268343236508984
            ]
        },
        "6": {
            "type": "line",
            "start": [
                -66.57948481084,
                -140.5256901639,
                5.0
            ],
            "end": [
                -94.51283179769682,
                128.12097669256892,
                5.0
            ],
            "length": 270.09498974801204,
            "solid_ids": [
                1,
                3
            ],
            "preferred_normal": [
                0.9189254388525607,
                0.09554804248597794,
                0.3826834323650898
            ]
        },
        "7": {
            "type": "line",
            "start": [
                -80.99340695725,
                -142.024421168,
                5.0
            ],
            "end": [
                -108.92675394411094,
                126.62224568850856,
                5.0
            ],
            "length": 270.0949897480519,
            "solid_ids": [
                1,
                3
            ],
            "preferred_normal": [
                -0.9189254388525607,
                -0.09554804248597794,
                0.3826834323650898
            ]
        },
        "8": {
            "type": "line",
            "start": [
                -94.51283179759,
                128.12097669258,
                5.0
            ],
            "end": [
                -108.92675394399922,
                126.62224568851248,
                5.0
            ],
            "length": 14.491630214206387,
            "solid_ids": [
                1,
                3
            ],
            "preferred_normal": [
                -0.09554804248597795,
                0.9189254388525608,
                0.38268343236508984
            ]
        },
        "9": {
            "type": "line",
            "start": [
                100.99557277111,
                -113.2670579881,
                5.0
            ],
            "end": [
                87.47138899240186,
                -114.67327576338516,
                5.0
            ],
            "length": 13.597095105639314,
            "solid_ids": [
                1,
                4
            ],
            "preferred_normal": [
                0.09554804248597795,
                -0.9189254388525608,
                0.38268343236508984
            ]
        },
        "10": {
            "type": "line",
            "start": [
                100.99557277111,
                -113.2670579881,
                5.0
            ],
            "end": [
                78.11497942496938,
                106.78516636693946,
                5.0
            ],
            "length": 221.2385657960024,
            "solid_ids": [
                1,
                4
            ],
            "preferred_normal": [
                0.9189254388525607,
                0.09554804248597794,
                0.3826834323650898
            ]
        },
        "11": {
            "type": "line",
            "start": [
                87.471388992393,
                -114.6732757633,
                5.0
            ],
            "end": [
                64.5907956462605,
                105.37894859166128,
                5.0
            ],
            "length": 221.2385657959238,
            "solid_ids": [
                1,
                4
            ],
            "preferred_normal": [
                -0.9189254388525607,
                -0.09554804248597794,
                0.3826834323650898
            ]
        },
        "12": {
            "type": "line",
            "start": [
                78.114979425071,
                106.78516636695,
                5.0
            ],
            "end": [
                64.59079564634571,
                105.37894859166306,
                5.0
            ],
            "length": 13.597095105656544,
            "solid_ids": [
                1,
                4
            ],
            "preferred_normal": [
                -0.09554804248597795,
                0.9189254388525608,
                0.38268343236508984
            ]
        }
    }
}