{
    "contact_edges": {
        "1": {
            "type": "line",
            "start": [
                21.614061780744,
                139.35405350136,
                5.0
            ],
            "end": [
                -51.131541148551314,
                -50.80038219757395,
                5.0
            ],
            "length": 203.5942832240795,
            "solid_ids": [
                1,
                2
            ],
            "preferred_normal": [
                0.8628915722801623,
                -0.3301083535464428,
                0.38268343236508984
            ]
        },
        "2": {
            "type": "line",
            "start": [
                21.614061780744,
                139.35405350136,
                5.0
            ],
            "end": [
                12.491747558835481,
                142.8438918832208,
                5.0
            ],
            "length": 9.767066534776102,
            "solid_ids": [
                1,
                2
            ],
            "preferred_normal": [
                0.3301083535464428,
                0.8628915722801623,
                0.38268343236508984
            ]
        },
        "3": {
            "type": "line",
            "start": [
                -51.13154114864,
                -50.80038219754,
                5.0
            ],
            "end": [
                -60.253855370549545,
                -47.31054381567881,
                5.0
            ],
            "length": 9.767066534777202,
            "solid_ids": [
                1,
                2
            ],
            "preferred_normal": [
                -0.3301083535464428,
                -0.8628915722801623,
                0.38268343236508984
            ]
        },
        "4": {
            "type": "line",
            "start": [
                12.491747558839,
                142.84389188323,
                5.0
            ],
            "end": [
                -60.25385537046028,
                -47.31054381571435,
                5.0
            ],
            "length": 203.59428322409062,
            "solid_ids": [
                1,
                2
            ],
            "preferred_normal": [
                -0.8628915722801623,
                0.3301083535464428,
                0.38268343236508984
            ]
        },
        "5": {
            "type": "line",
            "start": [
                68.441807561566,
                47.906995078637,
                5.0
            ],
            "end": [
                -1.7479292989448771,
                -135.56649702424028,
                5.0
            ],
            "length": 196.4411399502974,
            "solid_ids": [
                1,
                4
            ],
            "preferred_normal": [
                0.8628915722801623,
                -0.3301083535464428,
                0.38268343236508984
            ]
        },
        "6": {
            "type": "line",
            "start": [
                68.441807561566,
                47.906995078637,
                5.0
            ],
            "end": [
                52.21508158680107,
                54.11470177905635,
                5.0
            ],
            "length": 17.373608097874833,
            "solid_ids": [
                1,
                4
            ],
            "preferred_normal": [
                0.3301083535464428,
                0.8628915722801623,
                0.38268343236508984
            ]
        },
        "7": {
            "type": "line",
            "start": [
                -1.74792929905,
                -135.5664970242,
                5.0
            ],
            "end": [
                -17.974655273804174,
                -129.35879032378477,
                5.0
            ],
            "length": 17.373608097863322,
            "solid_ids": [
                1,
                4
            ],
            "preferred_normal": [
                -0.3301083535464428,
                -0.8628915722801623,
                0.38268343236508984
            ]
        },
        "8": {
            "type": "line",
            "start": [
                52.215081586804,
                54.114701779064,
                5.0
            ],
            "end": [
                -17.97465527371563,
                -129.35879032383616,
                5.0
            ],
            "length": 196.4411399503219,
            "solid_ids": [
                1,
                4
            ],
            "preferred_normal": [
                -0.8628915722801623,
                0.3301083535464428,
                0.38268343236508984
            ]
        },
        "9": {
            "type": "line",
            "start": [
                -44.58330477155,
                140.13845085363,
                5.0
            ],
            "end": [
                -138.33596652611996,
                -104.92769436123065,
                5.0
            ],
            "length": 262.38707497995773,
            "solid_ids": [
                1,
                3
            ],
            "preferred_normal": [
                0.8628915722801623,
                -0.3301083535464428,
                0.38268343236508984
            ]
        },
        "10": {
            "type": "line",
            "start": [
                -44.58330477155,
                140.13845085363,
                5.0
            ],
            "end": [
                -54.80384332064931,
                144.0484266387518,
                5.0
            ],
            "length": 10.942911809653953,
            "solid_ids": [
                1,
                3
            ],
            "preferred_normal": [
                0.3301083535464428,
                0.8628915722801623,
                0.38268343236508984
            ]
        },
        "11": {
            "type": "line",
            "start": [
                -138.3359665262,
                -104.9276943612,
                5.0
            ],
            "end": [
                -148.55650507529265,
                -101.01771857608074,
                5.0
            ],
            "length": 10.942911809646821,
            "solid_ids": [
                1,
                3
            ],
            "preferred_normal": [
                -0.3301083535464428,
                -0.8628915722801623,
                0.38268343236508984
            ]
        },
        "12": {
            "type": "line",
            "start": [
                -54.80384332065,
                144.04842663875,
                5.0
            ],
            "end": [
                -148.55650507522662,
                -101.01771857612812,
                5.0
            ],
            "length": 262.38707497997643,
            "solid_ids": [
                1,
                3
            ],
            "preferred_normal": [
                -0.8628915722801623,
                0.3301083535464428,
                0.38268343236508984
            ]
        }
    }
}