{
    "contact_edges": {
        "1": {
            "type": "line",
            "start": [
                158.22164896268,
                -62.06075435633,
                5.0
            ],
            "end": [
                148.52724637221164,
                -70.08263852680197,
                5.0
            ],
            "length": 12.58300708219417,
            "solid_ids": [
                1,
                2
            ],
            "preferred_normal": [
                0.5889891461447855,
                -0.7117901209745119,
                0.38268343236508984
            ]
        },
        "2": {
            "type": "line",
            "start": [
                158.22164896268,
                -62.06075435633,
                5.0
            ],
            "end": [
                -56.526319534822825,
                197.460976182136,
                5.0
            ],
            "length": 336.8504395061473,
            "solid_ids": [
                1,
                2
            ],
            "preferred_normal": [
                0.7117901209745119,
                0.5889891461447855,
                0.38268343236508984
            ]
        },
        "3": {
            "type": "line",
            "start": [
                148.52724637221,
                -70.0826385268,
                5.0
            ],
            "end": [
                -66.22072212529281,
                189.43909201166596,
                5.0
            ],
            "length": 336.85043950614727,
            "solid_ids": [
                1,
                2
            ],
            "preferred_normal": [
                -0.7117901209745119,
                -0.5889891461447855,
                0.38268343236508984
            ]
        },
        "4": {
            "type": "line",
            "start": [
                -56.52631953483,
                197.46097618213,
                5.0
            ],
            "end": [
                -66.22072212529838,
                189.43909201165803,
                5.0
            ],
            "length": 12.583007082194172,
            "solid_ids": [
                1,
                2
            ],
            "preferred_normal": [
                -0.5889891461447855,
                0.7117901209745119,
                0.38268343236508984
            ]
        },
        "5": {
            "type": "line",
            "start": [
                4.67056281149,
                88.081516923796,
                5.0
            ],
            "end": [
                -87.50228567525434,
                11.810709380677212,
                5.0
            ],
            "length": 119.63724370546069,
            "solid_ids": [
                1,
                3
            ],
            "preferred_normal": [
                0.5889891461447855,
                -0.7117901209745119,
                0.38268343236508984
            ]
        },
        "6": {
            "type": "line",
            "start": [
                4.670562811491289,
                88.08151692379708,
                5.0
            ],
            "end": [
                -1.0090292427284784,
                94.94527246465927,
                5.0
            ],
            "length": 8.908922832030406,
            "solid_ids": [
                1,
                3
            ],
            "preferred_normal": [
                0.7117901209745119,
                0.5889891461447856,
                0.3826834323650898
            ]
        },
        "7": {
            "type": "line",
            "start": [
                -87.50228567525,
                11.810709380672,
                5.0
            ],
            "end": [
                -93.18187772947026,
                18.674464921534792,
                5.0
            ],
            "length": 8.908922832031191,
            "solid_ids": [
                1,
                3
            ],
            "preferred_normal": [
                -0.7117901209745119,
                -0.5889891461447855,
                0.38268343236508984
            ]
        },
        "8": {
            "type": "line",
            "start": [
                -1.0090292427260703,
                94.94527246465326,
                5.0
            ],
            "end": [
                -93.18187772946989,
                18.67446492153489,
                5.0
            ],
            "length": 119.63724370546002,
            "solid_ids": [
                1,
                3
            ],
            "preferred_normal": [
                -0.5889891461447855,
                0.7117901209745119,
                0.38268343236508984
            ]
        },
        "9": {
            "type": "line",
            "start": [
                12.37492356337,
                94.456689502236,
                15.0
            ],
            "end": [
                12.37492356337,
                94.456689502236,
                60.250362551022
            ],
            "length": 45.250362551022,
            "solid_ids": [
                2,
                3
            ],
            "preferred_normal": [
                0.2941560244739566,
                -0.9557574133982311,
                0.0
            ]
        },
        "10": {
            "type": "line",
            "start": [
                12.374923563370789,
                94.45668950223667,
                15.0
            ],
            "end": [
                6.695331509154953,
                101.32044504309411,
                15.0
            ],
            "length": 8.908922832024244,
            "solid_ids": [
                2,
                3
            ],
            "preferred_normal": [
                -0.7704360751879912,
                -0.6375172578439928,
                0.0
            ]
        },
        "11": {
            "type": "line",
            "start": [
                12.37492356337,
                94.456689502236,
                60.250362551022
            ],
            "end": [
                6.695331509154163,
                101.32044504309344,
                60.250362551022
            ],
            "length": 8.908922832024244,
            "solid_ids": [
                2,
                3
            ],
            "preferred_normal": [
                -0.29483312167082887,
                -0.24396729242371917,
                0.9238795325112867
            ]
        },
        "12": {
            "type": "line",
            "start": [
                6.69533150915,
                101.32044504309,
                15.0
            ],
            "end": [
                6.69533150915,
                101.32044504309,
                60.250362551022
            ],
            "length": 45.250362551022,
            "solid_ids": [
                2,
                3
            ],
            "preferred_normal": [
                -0.8838222678156145,
                0.4678228285507926,
                0.0
            ]
        }
    }
}