{
    "contact_edges": {
        "1": {
            "type": "line",
            "start": [
                -49.20457575467,
                148.85093445075,
                5.0
            ],
            "end": [
                -60.1688418323792,
                -46.41397882132954,
                5.0
            ],
            "length": 195.57249675190926,
            "solid_ids": [
                1,
                2
            ],
            "preferred_normal": [
                0.9224265159252494,
                -0.05179491588253933,
                0.3826834323650898
            ]
        },
        "2": {
            "type": "line",
            "start": [
                -49.20457575467,
                148.85093445075,
                5.0
            ],
            "end": [
                -57.87095248239988,
                149.33755777073222,
                5.0
            ],
            "length": 8.680028101480346,
            "solid_ids": [
                1,
                2
            ],
            "preferred_normal": [
                0.05179491588253933,
                0.9224265159252494,
                0.3826834323650898
            ]
        },
        "3": {
            "type": "line",
            "start": [
                -60.16884183237,
                -46.41397882133,
                5.0
            ],
            "end": [
                -68.83521856010984,
                -45.92735550134723,
                5.0
            ],
            "length": 8.680028101490324,
            "solid_ids": [
                1,
                2
            ],
            "preferred_normal": [
                -0.05179491588253933,
                -0.9224265159252494,
                0.3826834323650898
            ]
        },
        "4": {
            "type": "line",
            "start": [
                -57.8709524824,
                149.33755777073,
                5.0
            ],
            "end": [
                -68.83521856010923,
                -45.927355501350085,
                5.0
            ],
            "length": 195.5724967519098,
            "solid_ids": [
                1,
                2
            ],
            "preferred_normal": [
                -0.9224265159252494,
                0.05179491588253933,
                0.3826834323650898
            ]
        },
        "5": {
            "type": "line",
            "start": [
                137.19261209814,
                129.23148314035,
                5.0
            ],
            "end": [
                122.49861395216908,
                -132.45701048589947,
                5.0
            ],
            "length": 262.10070827429945,
            "solid_ids": [
                1,
                3
            ],
            "preferred_normal": [
                0.9224265159252494,
                -0.05179491588253933,
                0.3826834323650898
            ]
        },
        "6": {
            "type": "line",
            "start": [
                137.19261209814,
                129.23148314035,
                5.0
            ],
            "end": [
                127.11751952686998,
                129.7972068735997,
                5.0
            ],
            "length": 10.090962970005489,
            "solid_ids": [
                1,
                3
            ],
            "preferred_normal": [
                0.05179491588253933,
                0.9224265159252494,
                0.3826834323650898
            ]
        },
        "7": {
            "type": "line",
            "start": [
                122.49861395218,
                -132.4570104859,
                5.0
            ],
            "end": [
                112.42352138090281,
                -131.89128675264993,
                5.0
            ],
            "length": 10.090962970012678,
            "solid_ids": [
                1,
                3
            ],
            "preferred_normal": [
                -0.05179491588253933,
                -0.9224265159252494,
                0.3826834323650898
            ]
        },
        "8": {
            "type": "line",
            "start": [
                127.11751952687,
                129.7972068736,
                5.0
            ],
            "end": [
                112.42352138089626,
                -131.8912867526998,
                5.0
            ],
            "length": 262.1007082743498,
            "solid_ids": [
                1,
                3
            ],
            "preferred_normal": [
                -0.9224265159252494,
                0.05179491588253933,
                0.3826834323650898
            ]
        },
        "9": {
            "type": "line",
            "start": [
                0.224954976489,
                108.14793891864,
                5.0
            ],
            "end": [
                -7.378379304736241,
                -27.261435359539856,
                5.0
            ],
            "length": 135.62267264215174,
            "solid_ids": [
                1,
                4
            ],
            "preferred_normal": [
                0.9224265159252494,
                -0.05179491588253933,
                0.3826834323650898
            ]
        },
        "10": {
            "type": "line",
            "start": [
                0.224954976489,
                108.14793891864,
                5.0
            ],
            "end": [
                -11.071813680340187,
                108.7822606474967,
                5.0
            ],
            "length": 11.314563453426652,
            "solid_ids": [
                1,
                4
            ],
            "preferred_normal": [
                0.05179491588253933,
                0.9224265159252494,
                0.3826834323650898
            ]
        },
        "11": {
            "type": "line",
            "start": [
                -7.378379304733,
                -27.26143535954,
                5.0
            ],
            "end": [
                -18.675147961560192,
                -26.6271136306834,
                5.0
            ],
            "length": 11.314563453424656,
            "solid_ids": [
                1,
                4
            ],
            "preferred_normal": [
                -0.05179491588253933,
                -0.9224265159252494,
                0.3826834323650898
            ]
        },
        "12": {
            "type": "line",
            "start": [
                -11.07181368034,
                108.7822606475,
                5.0
            ],
            "end": [
                -18.675147961565234,
                -26.62711363067974,
                5.0
            ],
            "length": 135.62267264215163,
            "solid_ids": [
                1,
                4
            ],
            "preferred_normal": [
                -0.9224265159252494,
                0.05179491588253933,
                0.3826834323650898
            ]
        }
    }
}