{
    "contact_edges": {
        "1": {
            "type": "line",
            "start": [
                -134.2704264191,
                -87.87705526467,
                5.0
            ],
            "end": [
                -146.11904486890182,
                -85.44110144858885,
                5.0
            ],
            "length": 12.096430471964215,
            "solid_ids": [
                1,
                2
            ],
            "preferred_normal": [
                -0.1860489239396833,
                -0.9049525890863894,
                0.38268343236508984
            ]
        },
        "2": {
            "type": "line",
            "start": [
                -134.2704264191,
                -87.87705526467,
                5.0
            ],
            "end": [
                -111.28440281617874,
                23.928275998671193,
                5.0
            ],
            "length": 114.14372247293986,
            "solid_ids": [
                1,
                2
            ],
            "preferred_normal": [
                0.9049525890863894,
                -0.1860489239396833,
                0.38268343236508984
            ]
        },
        "3": {
            "type": "line",
            "start": [
                -146.1190448689,
                -85.44110144858,
                5.0
            ],
            "end": [
                -123.13302126597893,
                26.36422981476025,
                5.0
            ],
            "length": 114.14372247293889,
            "solid_ids": [
                1,
                2
            ],
            "preferred_normal": [
                -0.9049525890863894,
                0.1860489239396833,
                0.38268343236508984
            ]
        },
        "4": {
            "type": "line",
            "start": [
                -111.2844028161,
                23.928275998655,
                5.0
            ],
            "end": [
                -123.13302126590162,
                26.36422981473611,
                5.0
            ],
            "length": 12.09643047196401,
            "solid_ids": [
                1,
                2
            ],
            "preferred_normal": [
                0.1860489239396833,
                0.9049525890863894,
                0.38268343236508984
            ]
        },
        "5": {
            "type": "line",
            "start": [
                29.09735305483,
                -146.0083643607,
                5.0
            ],
            "end": [
                16.66631983620985,
                -143.4526720717618,
                5.0
            ],
            "length": 12.69102635558589,
            "solid_ids": [
                1,
                3
            ],
            "preferred_normal": [
                -0.1860489239396833,
                -0.9049525890863894,
                0.38268343236508984
            ]
        },
        "6": {
            "type": "line",
            "start": [
                29.09735305483,
                -146.0083643607,
                5.0
            ],
            "end": [
                55.84390899196193,
                -15.91158910443194,
                5.0
            ],
            "length": 132.81772918770315,
            "solid_ids": [
                1,
                3
            ],
            "preferred_normal": [
                0.9049525890863894,
                -0.1860489239396833,
                0.38268343236508984
            ]
        },
        "7": {
            "type": "line",
            "start": [
                16.666319836202,
                -143.4526720718,
                5.0
            ],
            "end": [
                43.4128757733438,
                -13.355896815483982,
                5.0
            ],
            "length": 132.8177291877521,
            "solid_ids": [
                1,
                3
            ],
            "preferred_normal": [
                -0.9049525890863894,
                0.1860489239396833,
                0.38268343236508984
            ]
        },
        "8": {
            "type": "line",
            "start": [
                55.843908992001,
                -15.91158910444,
                5.0
            ],
            "end": [
                43.41287577337099,
                -13.355896815499783,
                5.0
            ],
            "length": 12.691026355595955,
            "solid_ids": [
                1,
                3
            ],
            "preferred_normal": [
                0.1860489239396833,
                0.9049525890863894,
                0.38268343236508984
            ]
        },
        "9": {
            "type": "line",
            "start": [
                -45.25566695907,
                -46.98110931217,
                5.0
            ],
            "end": [
                -56.96061787708009,
                -44.57469205968044,
                5.0
            ],
            "length": 11.949758155967203,
            "solid_ids": [
                1,
                4
            ],
            "preferred_normal": [
                -0.1860489239396833,
                -0.9049525890863894,
                0.38268343236508984
            ]
        },
        "10": {
            "type": "line",
            "start": [
                -45.25566695907,
                -46.98110931217,
                5.0
            ],
            "end": [
                -6.469339341933281,
                141.67780284396852,
                5.0
            ],
            "length": 192.60468412258683,
            "solid_ids": [
                1,
                4
            ],
            "preferred_normal": [
                0.9049525890863894,
                -0.1860489239396833,
                0.38268343236508984
            ]
        },
        "11": {
            "type": "line",
            "start": [
                -56.96061787708,
                -44.57469205968,
                5.0
            ],
            "end": [
                -18.1742902599432,
                144.0842200964589,
                5.0
            ],
            "length": 192.6046841225872,
            "solid_ids": [
                1,
                4
            ],
            "preferred_normal": [
                -0.9049525890863894,
                0.1860489239396833,
                0.38268343236508984
            ]
        },
        "12": {
            "type": "line",
            "start": [
                -6.469339341892,
                141.67780284396,
                5.0
            ],
            "end": [
                -18.174290259900175,
                144.08422009644917,
                5.0
            ],
            "length": 11.94975815596525,
            "solid_ids": [
                1,
                4
            ],
            "preferred_normal": [
                0.1860489239396833,
                0.9049525890863894,
                0.38268343236508984
            ]
        }
    }
}