{
    "contact_edges": {
        "1": {
            "type": "line",
            "start": [
                -91.11281383193,
                -60.26846243296,
                5.0
            ],
            "end": [
                -106.15492835839999,
                -59.61685690117968,
                5.0
            ],
            "length": 15.056221278809836,
            "solid_ids": [
                1,
                2
            ],
            "preferred_normal": [
                -0.039983804896002076,
                -0.9230139142717796,
                0.38268343236508984
            ]
        },
        "2": {
            "type": "line",
            "start": [
                -91.11281383193,
                -60.26846243296,
                5.0
            ],
            "end": [
                -82.31720697305526,
                142.7754333723998,
                5.0
            ],
            "length": 203.23431384447287,
            "solid_ids": [
                1,
                2
            ],
            "preferred_normal": [
                0.9230139142717796,
                -0.039983804896002076,
                0.38268343236508984
            ]
        },
        "3": {
            "type": "line",
            "start": [
                -106.1549283584,
                -59.61685690118,
                5.0
            ],
            "end": [
                -97.3593214995254,
                143.42703890417678,
                5.0
            ],
            "length": 203.23431384446982,
            "solid_ids": [
                1,
                2
            ],
            "preferred_normal": [
                -0.9230139142717796,
                0.039983804896002076,
                0.38268343236508984
            ]
        },
        "4": {
            "type": "line",
            "start": [
                -82.31720697306,
                142.7754333724,
                5.0
            ],
            "end": [
                -97.35932149959986,
                143.42703890418332,
                5.0
            ],
            "length": 15.056221278879777,
            "solid_ids": [
                1,
                2
            ],
            "preferred_normal": [
                0.039983804896002076,
                0.9230139142717796,
                0.38268343236508984
            ]
        },
        "5": {
            "type": "line",
            "start": [
                45.271845049634,
                70.130067856767,
                5.0
            ],
            "end": [
                -75.22861414199,
                75.34999658774156,
                5.0
            ],
            "length": 120.61346658374717,
            "solid_ids": [
                1,
                3
            ],
            "preferred_normal": [
                -0.039983804896002076,
                -0.9230139142717796,
                0.38268343236508984
            ]
        },
        "6": {
            "type": "line",
            "start": [
                45.271845049634,
                70.130067856767,
                5.0
            ],
            "end": [
                45.533662988945025,
                76.174054956509,
                5.0
            ],
            "length": 6.049655254243232,
            "solid_ids": [
                1,
                3
            ],
            "preferred_normal": [
                0.9230139142717796,
                -0.039983804896002076,
                0.38268343236508984
            ]
        },
        "7": {
            "type": "line",
            "start": [
                -75.2286141419837,
                75.34999658774073,
                5.0
            ],
            "end": [
                -74.96679620267273,
                81.3939836874817,
                5.0
            ],
            "length": 6.049655254242194,
            "solid_ids": [
                1,
                3
            ],
            "preferred_normal": [
                -0.9230139142717796,
                0.03998380489600208,
                0.3826834323650899
            ]
        },
        "8": {
            "type": "line",
            "start": [
                45.533662988945,
                76.174054956509,
                5.0
            ],
            "end": [
                -74.96679620267994,
                81.3939836874836,
                5.0
            ],
            "length": 120.6134665837481,
            "solid_ids": [
                1,
                3
            ],
            "preferred_normal": [
                0.039983804896002076,
                0.9230139142717796,
                0.38268343236508984
            ]
        },
        "9": {
            "type": "line",
            "start": [
                -85.21924475768,
                75.782778173315,
                15.0
            ],
            "end": [
                -85.21924475768,
                75.782778173315,
                62.39098176893
            ],
            "length": 47.39098176893,
            "solid_ids": [
                2,
                3
            ],
            "preferred_normal": [
                0.3423410766544464,
                -0.9395757485349835,
                0.0
            ]
        },
        "10": {
            "type": "line",
            "start": [
                -85.21924475767352,
                75.78277817331471,
                15.0
            ],
            "end": [
                -84.95742681836249,
                81.8267652730567,
                15.0
            ],
            "length": 6.049655254243219,
            "solid_ids": [
                2,
                3
            ],
            "preferred_normal": [
                0.3823248815504476,
                -0.016561834263203786,
                -0.9238795325112871
            ]
        },
        "11": {
            "type": "line",
            "start": [
                -85.21924475768,
                75.782778173315,
                62.39098176893
            ],
            "end": [
                -84.95742681836899,
                81.82676527305696,
                62.39098176893
            ],
            "length": 6.049655254243204,
            "solid_ids": [
                2,
                3
            ],
            "preferred_normal": [
                0.3823248815504485,
                -0.016561834263203828,
                0.9238795325112867
            ]
        },
        "12": {
            "type": "line",
            "start": [
                -84.95742681837,
                81.826765273057,
                15.0
            ],
            "end": [
                -84.95742681837,
                81.826765273057,
                62.39098176893
            ],
            "length": 47.39098176893,
            "solid_ids": [
                2,
                3
            ],
            "preferred_normal": [
                0.42230868644645053,
                0.9064520800085758,
                0.0
            ]
        }
    }
}