{
    "contact_edges": {
        "1": {
            "type": "line",
            "start": [
                118.10482126612,
                -64.8625979827,
                5.0
            ],
            "end": [
                -121.42766806540517,
                -39.10225640513733,
                5.0
            ],
            "length": 240.91369542545712,
            "solid_ids": [
                1,
                2
            ],
            "preferred_normal": [
                -0.09878829135047501,
                -0.9185827475439147,
                0.3826834323650898
            ]
        },
        "2": {
            "type": "line",
            "start": [
                118.10482126612,
                -64.8625979827,
                5.0
            ],
            "end": [
                119.09677339226427,
                -55.63893294092938,
                5.0
            ],
            "length": 9.276851072607744,
            "solid_ids": [
                1,
                2
            ],
            "preferred_normal": [
                0.9185827475439147,
                -0.09878829135047501,
                0.3826834323650898
            ]
        },
        "3": {
            "type": "line",
            "start": [
                -121.4276680654,
                -39.10225640509,
                5.0
            ],
            "end": [
                -120.43571593925516,
                -29.878591363314065,
                5.0
            ],
            "length": 9.276851072613098,
            "solid_ids": [
                1,
                2
            ],
            "preferred_normal": [
                -0.9185827475439147,
                0.09878829135047501,
                0.3826834323650898
            ]
        },
        "4": {
            "type": "line",
            "start": [
                119.09677339227,
                -55.63893294093,
                5.0
            ],
            "end": [
                -120.43571593920575,
                -29.878591363372646,
                5.0
            ],
            "length": 240.9136954254074,
            "solid_ids": [
                1,
                2
            ],
            "preferred_normal": [
                0.09878829135047501,
                0.9185827475439147,
                0.3826834323650898
            ]
        },
        "5": {
            "type": "line",
            "start": [
                93.41839683026996,
                -42.81970865022978,
                5.0
            ],
            "end": [
                104.80710098208296,
                63.07813620288787,
                5.0
            ],
            "length": 106.50847913097107,
            "solid_ids": [
                1,
                4
            ],
            "preferred_normal": [
                0.9185827475439147,
                -0.09878829135047501,
                0.3826834323650898
            ]
        },
        "6": {
            "type": "line",
            "start": [
                93.41839683026978,
                -42.81970865025033,
                5.0
            ],
            "end": [
                85.68899972314905,
                -41.98845644632707,
                5.0
            ],
            "length": 7.773966803768435,
            "solid_ids": [
                1,
                4
            ],
            "preferred_normal": [
                -0.09878829135047502,
                -0.9185827475439148,
                0.3826834323650898
            ]
        },
        "7": {
            "type": "line",
            "start": [
                104.80710098209738,
                63.07813620286201,
                5.0
            ],
            "end": [
                97.07770387498223,
                63.90938840678467,
                5.0
            ],
            "length": 7.773966803762819,
            "solid_ids": [
                1,
                4
            ],
            "preferred_normal": [
                0.09878829135047501,
                0.9185827475439147,
                0.38268343236508984
            ]
        },
        "8": {
            "type": "line",
            "start": [
                85.68899972315002,
                -41.988456446299786,
                5.0
            ],
            "end": [
                97.07770387496245,
                63.90938840681247,
                5.0
            ],
            "length": 106.50847913096564,
            "solid_ids": [
                1,
                4
            ],
            "preferred_normal": [
                -0.9185827475439147,
                0.09878829135047501,
                0.3826834323650898
            ]
        },
        "9": {
            "type": "line",
            "start": [
                105.87637774248,
                73.020804215532,
                56.545515149151
            ],
            "end": [
                98.14698063536574,
                73.85205641945456,
                56.545515149151
            ],
            "length": 7.773966803761931,
            "solid_ids": [
                3,
                4
            ],
            "preferred_normal": [
                -0.04091945008103148,
                -0.3804894321946305,
                0.9238795325112867
            ]
        },
        "10": {
            "type": "line",
            "start": [
                105.87637774248,
                73.020804215532,
                15.0
            ],
            "end": [
                105.87637774248,
                73.020804215532,
                56.545515149151
            ],
            "length": 41.545515149151,
            "solid_ids": [
                3,
                4
            ],
            "preferred_normal": [
                0.8776632974628833,
                -0.4792777235451054,
                0.0
            ]
        },
        "11": {
            "type": "line",
            "start": [
                98.146980635366,
                73.852056419457,
                15.0
            ],
            "end": [
                98.146980635366,
                73.852056419457,
                56.545515149151
            ],
            "length": 41.545515149151,
            "solid_ids": [
                3,
                4
            ],
            "preferred_normal": [
                -0.9595021976249462,
                -0.2817011408441557,
                0.0
            ]
        },
        "12": {
            "type": "line",
            "start": [
                105.8763777424775,
                73.02080421550899,
                15.0
            ],
            "end": [
                98.14698063536325,
                73.85205641943156,
                15.0
            ],
            "length": 7.773966803761919,
            "solid_ids": [
                3,
                4
            ],
            "preferred_normal": [
                -0.10692767603796674,
                -0.9942668012646907,
                0.0
            ]
        },
        "13": {
            "type": "line",
            "start": [
                106.16706968225,
                72.989541969299,
                5.0
            ],
            "end": [
                -114.26220521670528,
                96.69544270509624,
                5.0
            ],
            "length": 221.70032693294493,
            "solid_ids": [
                1,
                3
            ],
            "preferred_normal": [
                -0.09878829135047501,
                -0.9185827475439147,
                0.3826834323650898
            ]
        },
        "14": {
            "type": "line",
            "start": [
                106.16706968225,
                72.989541969299,
                5.0
            ],
            "end": [
                107.0751096472433,
                81.43294993314372,
                5.0
            ],
            "length": 8.492094831191034,