{
    "contact_edges": {
        "1": {
            "type": "line",
            "start": [
                67.817961061665,
                -90.80824371669,
                5.0
            ],
            "end": [
                -43.971621023929934,
                -86.97170721308798,
                5.0
            ],
            "length": 111.85539627222032,
            "solid_ids": [
                1,
                2
            ],
            "preferred_normal": [
                -0.0316882123664749,
                -0.9233359344194781,
                0.3826834323650899
            ]
        },
        "2": {
            "type": "line",
            "start": [
                67.817961061665,
                -90.80824371669,
                5.0
            ],
            "end": [
                68.37234738720703,
                -74.65445094341,
                5.0
            ],
            "length": 16.163303039911774,
            "solid_ids": [
                1,
                2
            ],
            "preferred_normal": [
                0.9233359344194781,
                -0.0316882123664749,
                0.3826834323650899
            ]
        },
        "3": {
            "type": "line",
            "start": [
                -43.97162102393,
                -86.97170721309,
                5.0
            ],
            "end": [
                -43.41723469838798,
                -70.81791443981007,
                5.0
            ],
            "length": 16.163303039911703,
            "solid_ids": [
                1,
                2
            ],
            "preferred_normal": [
                -0.9233359344194781,
                0.0316882123664749,
                0.3826834323650899
            ]
        },
        "4": {
            "type": "line",
            "start": [
                68.372347387207,
                -74.65445094341,
                5.0
            ],
            "end": [
                -43.41723469838994,
                -70.81791443980791,
                5.0
            ],
            "length": 111.85539627222234,
            "solid_ids": [
                1,
                2
            ],
            "preferred_normal": [
                0.0316882123664749,
                0.9233359344194781,
                0.3826834323650899
            ]
        },
        "5": {
            "type": "line",
            "start": [
                30.702275140127,
                100.95317554564,
                5.0
            ],
            "end": [
                -79.46905490801977,
                104.73417482566653,
                5.0
            ],
            "length": 110.23619151682105,
            "solid_ids": [
                1,
                3
            ],
            "preferred_normal": [
                -0.0316882123664749,
                -0.9233359344194781,
                0.3826834323650899
            ]
        },
        "6": {
            "type": "line",
            "start": [
                30.702275140127,
                100.95317554564,
                5.0
            ],
            "end": [
                31.17527938885848,
                114.73564503101001,
                5.0
            ],
            "length": 13.790583676352268,
            "solid_ids": [
                1,
                3
            ],
            "preferred_normal": [
                0.9233359344194781,
                -0.0316882123664749,
                0.3826834323650899
            ]
        },
        "7": {
            "type": "line",
            "start": [
                -79.46905490802,
                104.73417482566,
                5.0
            ],
            "end": [
                -78.99605065928817,
                118.51664431103994,
                5.0
            ],
            "length": 13.790583676362193,
            "solid_ids": [
                1,
                3
            ],
            "preferred_normal": [
                -0.9233359344194781,
                0.0316882123664749,
                0.3826834323650899
            ]
        },
        "8": {
            "type": "line",
            "start": [
                31.175279388859,
                114.73564503101,
                5.0
            ],
            "end": [
                -78.99605065929012,
                118.5166443110366,
                5.0
            ],
            "length": 110.2361915168234,
            "solid_ids": [
                1,
                3
            ],
            "preferred_normal": [
                0.0316882123664749,
                0.9233359344194781,
                0.3826834323650899
            ]
        }
    }
}