{
    "contact_edges": {
        "1": {
            "type": "line",
            "start": [
                -34.97176777372,
                -6.99749495486,
                5.0
            ],
            "end": [
                -47.405324567540355,
                117.84500621949,
                5.0
            ],
            "length": 125.46012686910825,
            "solid_ids": [
                1,
                2
            ],
            "preferred_normal": [
                -0.9193313804220135,
                -0.09155983597969501,
                0.3826834323650898
            ]
        },
        "2": {
            "type": "line",
            "start": [
                -34.97176777372,
                -6.99749495486,
                5.0
            ],
            "end": [
                -18.466184224270027,
                -5.353638827765695,
                5.0
            ],
            "length": 16.587240616644443,
            "solid_ids": [
                1,
                2
            ],
            "preferred_normal": [
                0.09155983597969501,
                -0.9193313804220135,
                0.3826834323650898
            ]
        },
        "3": {
            "type": "line",
            "start": [
                -47.40532456754,
                117.84500621949,
                5.0
            ],
            "end": [
                -30.899741018089436,
                119.48886234658437,
                5.0
            ],
            "length": 16.587240616645033,
            "solid_ids": [
                1,
                2
            ],
            "preferred_normal": [
                -0.09155983597969501,
                0.9193313804220135,
                0.3826834323650898
            ]
        },
        "4": {
            "type": "line",
            "start": [
                -18.46618422427,
                -5.353638827766,
                5.0
            ],
            "end": [
                -30.89974101809094,
                119.48886234658994,
                5.0
            ],
            "length": 125.46012686911422,
            "solid_ids": [
                1,
                2
            ],
            "preferred_normal": [
                0.9193313804220135,
                0.09155983597969501,
                0.3826834323650898
            ]
        },
        "5": {
            "type": "line",
            "start": [
                -94.21439084166,
                -72.60428455111,
                5.0
            ],
            "end": [
                -115.11729728254235,
                137.27702014443585,
                5.0
            ],
            "length": 210.91963767838413,
            "solid_ids": [
                1,
                3
            ],
            "preferred_normal": [
                -0.9193313804220135,
                -0.09155983597969501,
                0.3826834323650898
            ]
        },
        "6": {
            "type": "line",
            "start": [
                -94.21439084166,
                -72.60428455111,
                5.0
            ],
            "end": [
                -84.8924371219996,
                -71.6758744350639,
                5.0
            ],
            "length": 9.36807165296397,
            "solid_ids": [
                1,
                3
            ],
            "preferred_normal": [
                0.09155983597969501,
                -0.9193313804220135,
                0.3826834323650898
            ]
        },
        "7": {
            "type": "line",
            "start": [
                -115.1172972825,
                137.27702014444,
                5.0
            ],
            "end": [
                -105.79534356280098,
                138.20543026048995,
                5.0
            ],
            "length": 9.368071653002787,
            "solid_ids": [
                1,
                3
            ],
            "preferred_normal": [
                -0.09155983597969501,
                0.9193313804220135,
                0.3826834323650898
            ]
        },
        "8": {
            "type": "line",
            "start": [
                -84.892437122,
                -71.67587443506,
                5.0
            ],
            "end": [
                -105.79534356288097,
                138.20543026047196,
                5.0
            ],
            "length": 210.91963767837015,
            "solid_ids": [
                1,
                3
            ],
            "preferred_normal": [
                0.9193313804220135,
                0.09155983597969501,
                0.3826834323650898
            ]
        }
    }
}