{
    "contact_edges": {
        "1": {
            "type": "line",
            "start": [
                75.373468431071,
                54.05225407068,
                5.0
            ],
            "end": [
                -89.22711490499971,
                36.99686355158567,
                5.0
            ],
            "length": 165.48183701039088,
            "solid_ids": [
                1,
                2
            ],
            "preferred_normal": [
                0.09521967186398157,
                -0.9189595228754035,
                0.3826834323650898
            ]
        },
        "2": {
            "type": "line",
            "start": [
                75.373468431071,
                54.05225407068,
                5.0
            ],
            "end": [
                73.70764757850475,
                70.12899436922797,
                5.0
            ],
            "length": 16.162813422786293,
            "solid_ids": [
                1,
                2
            ],
            "preferred_normal": [
                0.9189595228754035,
                0.09521967186398157,
                0.3826834323650898
            ]
        },
        "3": {
            "type": "line",
            "start": [
                -89.227114905,
                36.996863551589,
                5.0
            ],
            "end": [
                -90.89293575756619,
                53.07360385013636,
                5.0
            ],
            "length": 16.16281342278568,
            "solid_ids": [
                1,
                2
            ],
            "preferred_normal": [
                -0.9189595228754035,
                -0.09521967186398157,
                0.3826834323650898
            ]
        },
        "4": {
            "type": "line",
            "start": [
                73.707647578505,
                70.128994369228,
                5.0
            ],
            "end": [
                -90.89293575755977,
                53.07360385013428,
                5.0
            ],
            "length": 165.4818370103849,
            "solid_ids": [
                1,
                2
            ],
            "preferred_normal": [
                -0.09521967186398157,
                0.9189595228754035,
                0.3826834323650898
            ]
        },
        "5": {
            "type": "line",
            "start": [
                49.071604987544,
                -125.9438411511,
                5.0
            ],
            "end": [
                -121.01853569200198,
                -143.5680421954813,
                5.0
            ],
            "length": 171.00078484860973,
            "solid_ids": [
                1,
                3
            ],
            "preferred_normal": [
                0.09521967186398157,
                -0.9189595228754035,
                0.3826834323650898
            ]
        },
        "6": {
            "type": "line",
            "start": [
                49.071604987544,
                -125.9438411511,
                5.0
            ],
            "end": [
                47.812226147243976,
                -113.7896491071001,
                5.0
            ],
            "length": 12.219264270234353,
            "solid_ids": [
                1,
                3
            ],
            "preferred_normal": [
                0.9189595228754035,
                0.09521967186398157,
                0.3826834323650898
            ]
        },
        "7": {
            "type": "line",
            "start": [
                -121.018535692,
                -143.5680421955,
                5.0
            ],
            "end": [
                -122.27791453230003,
                -131.4138501515,
                5.0
            ],
            "length": 12.219264270234467,
            "solid_ids": [
                1,
                3
            ],
            "preferred_normal": [
                -0.9189595228754035,
                -0.09521967186398157,
                0.3826834323650898
            ]
        },
        "8": {
            "type": "line",
            "start": [
                47.812226147245,
                -113.7896491071,
                5.0
            ],
            "end": [
                -122.27791453230199,
                -131.41385015148143,
                5.0
            ],
            "length": 171.00078484861075,
            "solid_ids": [
                1,
                3
            ],
            "preferred_normal": [
                -0.09521967186398157,
                0.9189595228754035,
                0.3826834323650898
            ]
        }
    }
}