{
    "contact_edges": {
        "1": {
            "type": "line",
            "start": [
                -104.4729214408,
                -50.46512362562,
                5.0
            ],
            "end": [
                -112.52128988971226,
                -41.995275193791656,
                5.0
            ],
            "length": 11.68394484528199,
            "solid_ids": [
                1,
                2
            ],
            "preferred_normal": [
                -0.6697326727623875,
                -0.6364051678198587,
                0.38268343236508984
            ]
        },
        "2": {
            "type": "line",
            "start": [
                -104.4729214408,
                -50.46512362562,
                5.0
            ],
            "end": [
                -3.0642736221438542,
                45.89718652900746,
                5.0
            ],
            "length": 139.89070258864544,
            "solid_ids": [
                1,
                2
            ],
            "preferred_normal": [
                0.6364051678198587,
                -0.6697326727623875,
                0.38268343236508984
            ]
        },
        "3": {
            "type": "line",
            "start": [
                -112.5212898897,
                -41.99527519378,
                5.0
            ],
            "end": [
                -11.112642071051031,
                54.36703496084065,
                5.0
            ],
            "length": 139.89070258863555,
            "solid_ids": [
                1,
                2
            ],
            "preferred_normal": [
                -0.6364051678198587,
                0.6697326727623875,
                0.38268343236508984
            ]
        },
        "4": {
            "type": "line",
            "start": [
                -3.064273622113,
                45.897186528975,
                5.0
            ],
            "end": [
                -11.112642071025094,
                54.36703496080316,
                5.0
            ],
            "length": 11.683944845281736,
            "solid_ids": [
                1,
                2
            ],
            "preferred_normal": [
                0.6697326727623875,
                0.6364051678198587,
                0.38268343236508984
            ]
        },
        "5": {
            "type": "line",
            "start": [
                69.887461015341,
                -129.1269325976,
                5.0
            ],
            "end": [
                -45.237956736780696,
                -7.972583712991645,
                5.0
            ],
            "length": 167.12940515137944,
            "solid_ids": [
                1,
                3
            ],
            "preferred_normal": [
                -0.6697326727623875,
                -0.6364051678198587,
                0.38268343236508984
            ]
        },
        "6": {
            "type": "line",
            "start": [
                69.887461015341,
                -129.1269325976,
                5.0
            ],
            "end": [
                72.27882673897511,
                -126.85456697089275,
                5.0
            ],
            "length": 3.2988294235399143,
            "solid_ids": [
                1,
                3
            ],
            "preferred_normal": [
                0.6364051678198587,
                -0.6697326727623875,
                0.38268343236508984
            ]
        },
        "7": {
            "type": "line",
            "start": [
                -45.23795673682353,
                -7.972583712865125,
                5.0
            ],
            "end": [
                -42.846591013184444,
                -5.700218086153153,
                5.0
            ],
            "length": 3.298829423546779,
            "solid_ids": [
                1,
                3
            ],
            "preferred_normal": [
                -0.6364051678198587,
                0.6697326727623875,
                0.38268343236508984
            ]
        },
        "8": {
            "type": "line",
            "start": [
                72.278826738982,
                -126.8545669709,
                5.0
            ],
            "end": [
                -42.84659101314565,
                -5.700218086285387,
                5.0
            ],
            "length": 167.12940515138808,
            "solid_ids": [
                1,
                3
            ],
            "preferred_normal": [
                0.6697326727623875,
                0.6364051678198587,
                0.38268343236508984
            ]
        },
        "9": {
            "type": "line",
            "start": [
                -52.12635663547,
                -0.723449500159,
                15.0
            ],
            "end": [
                -52.12635663547,
                -0.723449500159,
                53.694120143631
            ],
            "length": 38.694120143631,
            "solid_ids": [
                2,
                3
            ],
            "preferred_normal": [
                -0.4061250210870765,
                -0.9138175240424216,
                0.0
            ]
        },
        "10": {
            "type": "line",
            "start": [
                -52.12635663554229,
                -0.7234495000829597,
                15.0
            ],
            "end": [
                -49.734990911903694,
                1.5489161266285434,
                15.0
            ],
            "length": 3.2988294235461,
            "solid_ids": [
                2,
                3
            ],
            "preferred_normal": [
                0.6888399898739871,
                -0.7249134212789865,
                0.0
            ]
        },
        "11": {
            "type": "line",
            "start": [
                -52.12635663547,
                -0.723449500159,
                53.694120143631
            ],
            "end": [
                -49.734990911831424,
                1.5489161265524956,
                53.694120143631
            ],
            "length": 3.2988294235460844,
            "solid_ids": [
                2,
                3
            ],
            "preferred_normal": [
                0.26360765167531114,
                -0.2774123562225629,
                0.9238795325112867
            ]
        },
        "12": {
            "type": "line",
            "start": [
                -49.73499091183,
                1.548916126551,
                15.0
            ],
            "end": [
                -49.73499091183,
                1.548916126551,
                53.694120143631
            ],
            "length": 38.694120143631,
            "solid_ids": [
                2,
                3
            ],
            "preferred_normal": [
                0.9333403244376985,
                0.3589928115972959,
                0.0
            ]
        }
    }
}