{
  "welds": [
    {
      "start": {
        "xyz": [
          -10.974715107845084,
          73.58584526908506,
          5.0
        ],
        "pose": [
          0.06889632291531864,
          0.8135846381019094,
          0.5773502691896257
        ]
      },
      "end": {
        "xyz": [
          -18.897997249075466,
          66.89972297393076,
          5.0
        ],
        "pose": [
          -0.8135846381019094,
          0.06889632291531864,
          0.5773502691896257
        ]
      }
    },
    {
      "start": {
        "xyz": [
          -18.897997249075466,
          66.89972297393076,
          5.0
        ],
        "pose": [
          -0.8135846381019094,
          0.06889632291531864,
          0.5773502691896257
        ]
      },
      "end": {
        "xyz": [
          71.41778219186148,
          -40.12754495908057,
          5.0
        ],
        "pose": [
          -0.06889632291531864,
          -0.8135846381019094,
          0.5773502691896257
        ]
      }
    },
    {
      "start": {
        "xyz": [
          71.41778219186148,
          -40.12754495908057,
          5.0
        ],
        "pose": [
          -0.06889632291531864,
          -0.8135846381019094,
          0.5773502691896257
        ]
      },
      "end": {
        "xyz": [
          79.341064333095,
          -33.44142266393,
          5.0
        ],
        "pose": [
          0.8135846381019094,
          -0.06889632291531864,
          0.5773502691896257
        ]
      }
    },
    {
      "start": {
        "xyz": [
          79.341064333095,
          -33.44142266393,
          5.0
        ],
        "pose": [
          0.8135846381019094,
          -0.06889632291531864,
          0.5773502691896257
        ]
      },
      "end": {
        "xyz": [
          -10.974715107845084,
          73.58584526908506,
          5.0
        ],
        "pose": [
          0.06889632291531864,
          0.8135846381019094,
          0.5773502691896257
        ]
      }
    }
  ]
}