{
  "welds": [
    {
      "start": {
        "xyz": [
          -16.75913127051,
          27.402411459726,
          5.0
        ],
        "pose": [
          -0.37318615545291184,
          -0.7262222525129217,
          0.5773502691896257
        ]
      },
      "end": {
        "xyz": [
          -21.477466685299706,
          42.0960296756021,
          5.0
        ],
        "pose": [
          -0.7262222525129217,
          0.37318615545291184,
          0.5773502691896257
        ]
      }
    },
    {
      "start": {
        "xyz": [
          -21.477466685299706,
          42.0960296756021,
          5.0
        ],
        "pose": [
          -0.7262222525129217,
          0.37318615545291184,
          0.5773502691896257
        ]
      },
      "end": {
        "xyz": [
          118.93047644023927,
          87.18307092261117,
          5.0
        ],
        "pose": [
          0.37318615545291184,
          0.7262222525129217,
          0.5773502691896257
        ]
      }
    },
    {
      "start": {
        "xyz": [
          118.93047644023927,
          87.18307092261117,
          5.0
        ],
        "pose": [
          0.37318615545291184,
          0.7262222525129217,
          0.5773502691896257
        ]
      },
      "end": {
        "xyz": [
          123.6488118550293,
          72.48945270673518,
          5.0
        ],
        "pose": [
          0.7262222525129217,
          -0.37318615545291184,
          0.5773502691896257
        ]
      }
    },
    {
      "start": {
        "xyz": [
          123.6488118550293,
          72.48945270673518,
          5.0
        ],
        "pose": [
          0.7262222525129217,
          -0.37318615545291184,
          0.5773502691896257
        ]
      },
      "end": {
        "xyz": [
          -16.75913127051,
          27.402411459726,
          5.0
        ],
        "pose": [
          -0.37318615545291184,
          -0.7262222525129217,
          0.5773502691896257
        ]
      }
    }
  ]
}