{
  "welds": [
    {
      "start": {
        "xyz": [
          141.45938205177,
          -0.205180439133,
          5.0
        ],
        "pose": [
          0.8163491789888667,
          -0.015514014015393585,
          0.5773502691896256
        ]
      },
      "end": {
        "xyz": [
          135.42018181445633,
          -6.019121912959185,
          5.0
        ],
        "pose": [
          -0.015514014015393585,
          -0.8163491789888667,
          0.5773502691896256
        ]
      }
    },
    {
      "start": {
        "xyz": [
          135.42018181445633,
          -6.019121912959185,
          5.0
        ],
        "pose": [
          -0.015514014015393585,
          -0.8163491789888667,
          0.5773502691896256
        ]
      },
      "end": {
        "xyz": [
          1.0964538691016172,
          133.50892344773573,
          5.0
        ],
        "pose": [
          -0.8163491789888667,
          0.015514014015393585,
          0.5773502691896256
        ]
      }
    },
    {
      "start": {
        "xyz": [
          1.0964538691016172,
          133.50892344773573,
          5.0
        ],
        "pose": [
          -0.8163491789888667,
          0.015514014015393585,
          0.5773502691896256
        ]
      },
      "end": {
        "xyz": [
          7.135654106412083,
          139.32286492156527,
          5.0
        ],
        "pose": [
          0.015514014015393585,
          0.8163491789888667,
          0.5773502691896256
        ]
      }
    },
    {
      "start": {
        "xyz": [
          7.135654106412083,
          139.32286492156527,
          5.0
        ],
        "pose": [
          0.015514014015393585,
          0.8163491789888667,
          0.5773502691896256
        ]
      },
      "end": {
        "xyz": [
          141.45938205177,
          -0.205180439133,
          5.0
        ],
        "pose": [
          0.8163491789888667,
          -0.015514014015393585,
          0.5773502691896256
        ]
      }
    }
  ]
}