{
  "welds": [
    {
      "start": {
        "xyz": [
          -57.23423287292705,
          -42.39517752911007,
          5.0
        ],
        "pose": [
          -0.38818982972126226,
          0.7183142228632565,
          0.5773502691896258
        ]
      },
      "end": {
        "xyz": [
          -60.54866932290753,
          -53.50443646342171,
          5.0
        ],
        "pose": [
          -0.7183142228632565,
          -0.38818982972126226,
          0.5773502691896258
        ]
      }
    },
    {
      "start": {
        "xyz": [
          -60.54866932290753,
          -53.50443646342171,
          5.0
        ],
        "pose": [
          -0.7183142228632565,
          -0.38818982972126226,
          0.5773502691896258
        ]
      },
      "end": {
        "xyz": [
          54.1606456421625,
          -87.72784748674925,
          5.0
        ],
        "pose": [
          0.38818982972126226,
          -0.7183142228632565,
          0.5773502691896258
        ]
      }
    },
    {
      "start": {
        "xyz": [
          54.1606456421625,
          -87.72784748674925,
          5.0
        ],
        "pose": [
          0.38818982972126226,
          -0.7183142228632565,
          0.5773502691896258
        ]
      },
      "end": {
        "xyz": [
          57.475082092151,
          -76.61858855244,
          5.0
        ],
        "pose": [
          0.7183142228632565,
          0.38818982972126226,
          0.5773502691896258
        ]
      }
    },
    {
      "start": {
        "xyz": [
          57.475082092151,
          -76.61858855244,
          5.0
        ],
        "pose": [
          0.7183142228632565,
          0.38818982972126226,
          0.5773502691896258
        ]
      },
      "end": {
        "xyz": [
          -57.23423287292705,
          -42.39517752911007,
          5.0
        ],
        "pose": [
          -0.38818982972126226,
          0.7183142228632565,
          0.5773502691896258
        ]
      }
    }
  ]
}