{
  "welds": [
    {
      "start": {
        "xyz": [
          125.592203065,
          -97.30047847035,
          5.0
        ],
        "pose": [
          0.5046730390594522,
          -0.6418502865257313,
          0.5773502691896257
        ]
      },
      "end": {
        "xyz": [
          127.3421583197624,
          -82.67440486577028,
          5.0
        ],
        "pose": [
          0.6418502865257314,
          0.5046730390594523,
          0.5773502691896258
        ]
      }
    },
    {
      "start": {
        "xyz": [
          127.3421583197624,
          -82.67440486577028,
          5.0
        ],
        "pose": [
          0.6418502865257314,
          0.5046730390594523,
          0.5773502691896258
        ]
      },
      "end": {
        "xyz": [
          -83.75604628673642,
          -57.41729059108042,
          5.0
        ],
        "pose": [
          -0.5046730390594522,
          0.6418502865257313,
          0.5773502691896257
        ]
      }
    },
    {
      "start": {
        "xyz": [
          -83.75604628673642,
          -57.41729059108042,
          5.0
        ],
        "pose": [
          -0.5046730390594522,
          0.6418502865257313,
          0.5773502691896257
        ]
      },
      "end": {
        "xyz": [
          -85.50600154148957,
          -72.04336419558233,
          5.0
        ],
        "pose": [
          -0.6418502865257314,
          -0.5046730390594523,
          0.5773502691896258
        ]
      }
    },
    {
      "start": {
        "xyz": [
          -85.50600154148957,
          -72.04336419558233,
          5.0
        ],
        "pose": [
          -0.6418502865257314,
          -0.5046730390594523,
          0.5773502691896258
        ]
      },
      "end": {
        "xyz": [
          125.592203065,
          -97.30047847035,
          5.0
        ],
        "pose": [
          0.5046730390594522,
          -0.6418502865257313,
          0.5773502691896257
        ]
      }
    }
  ]
}