{
  "welds": [
    {
      "start": {
        "xyz": [
          110.45759590951802,
          -69.25525800712002,
          5.0
        ],
        "pose": [
          0.5666917376796617,
          -0.5878155672592146,
          0.5773502691896257
        ]
      },
      "end": {
        "xyz": [
          101.2229867666401,
          -69.0862938880248,
          5.0
        ],
        "pose": [
          -0.5878155672592146,
          -0.5666917376796617,
          0.5773502691896257
        ]
      }
    },
    {
      "start": {
        "xyz": [
          101.2229867666401,
          -69.0862938880248,
          5.0
        ],
        "pose": [
          -0.5878155672592146,
          -0.5666917376796617,
          0.5773502691896257
        ]
      },
      "end": {
        "xyz": [
          105.0922636814901,
          142.3861782887052,
          5.0
        ],
        "pose": [
          -0.5666917376796617,
          0.5878155672592146,
          0.5773502691896257
        ]
      }
    },
    {
      "start": {
        "xyz": [
          105.0922636814901,
          142.3861782887052,
          5.0
        ],
        "pose": [
          -0.5666917376796617,
          0.5878155672592146,
          0.5773502691896257
        ]
      },
      "end": {
        "xyz": [
          114.32687282437,
          142.21721416961,
          5.0
        ],
        "pose": [
          0.5878155672592146,
          0.5666917376796617,
          0.5773502691896257
        ]
      }
    },
    {
      "start": {
        "xyz": [
          114.32687282437,
          142.21721416961,
          5.0
        ],
        "pose": [
          0.5878155672592146,
          0.5666917376796617,
          0.5773502691896257
        ]
      },
      "end": {
        "xyz": [
          110.45759590951802,
          -69.25525800712002,
          5.0
        ],
        "pose": [
          0.5666917376796617,
          -0.5878155672592146,
          0.5773502691896257
        ]
      }
    }
  ]
}