{
  "welds": [
    {
      "start": {
        "xyz": [
          131.53652832185,
          -7.591650316386,
          5.0
        ],
        "pose": [
          0.8101926356419836,
          0.10126480048942334,
          0.5773502691896258
        ]
      },
      "end": {
        "xyz": [
          122.20284707096253,
          -0.3319515297037471,
          5.0
        ],
        "pose": [
          -0.10126480048942334,
          0.8101926356419836,
          0.5773502691896258
        ]
      }
    },
    {
      "start": {
        "xyz": [
          122.20284707096253,
          -0.3319515297037471,
          5.0
        ],
        "pose": [
          -0.10126480048942334,
          0.8101926356419836,
          0.5773502691896258
        ]
      },
      "end": {
        "xyz": [
          24.49273875499911,
          -125.95631044720885,
          5.0
        ],
        "pose": [
          -0.8101926356419836,
          -0.10126480048942334,
          0.5773502691896258
        ]
      }
    },
    {
      "start": {
        "xyz": [
          24.49273875499911,
          -125.95631044720885,
          5.0
        ],
        "pose": [
          -0.8101926356419836,
          -0.10126480048942334,
          0.5773502691896258
        ]
      },
      "end": {
        "xyz": [
          33.826420005869444,
          -133.21600923387783,
          5.0
        ],
        "pose": [
          0.10126480048942334,
          -0.8101926356419836,
          0.5773502691896258
        ]
      }
    },
    {
      "start": {
        "xyz": [
          33.826420005869444,
          -133.21600923387783,
          5.0
        ],
        "pose": [
          0.10126480048942334,
          -0.8101926356419836,
          0.5773502691896258
        ]
      },
      "end": {
        "xyz": [
          131.53652832185,
          -7.591650316386,
          5.0
        ],
        "pose": [
          0.8101926356419836,
          0.10126480048942334,
          0.5773502691896258
        ]
      }
    }
  ]
}