{
  "welds": [
    {
      "start": {
        "xyz": [
          -112.8553419821,
          -1.18498353132,
          5.0
        ],
        "pose": [
          0.6716932064162374,
          0.4642142857786053,
          0.5773502691896258
        ]
      },
      "end": {
        "xyz": [
          -121.60054723589998,
          0.41236991452005844,
          5.0
        ],
        "pose": [
          -0.46421428577860524,
          0.6716932064162374,
          0.5773502691896257
        ]
      }
    },
    {
      "start": {
        "xyz": [
          -121.60054723589998,
          0.41236991452005844,
          5.0
        ],
        "pose": [
          -0.46421428577860524,
          0.6716932064162374,
          0.5773502691896257
        ]
      },
      "end": {
        "xyz": [
          -141.5321155925106,
          -108.70916280755802,
          5.0
        ],
        "pose": [
          -0.6716932064162374,
          -0.4642142857786053,
          0.5773502691896258
        ]
      }
    },
    {
      "start": {
        "xyz": [
          -141.5321155925106,
          -108.70916280755802,
          5.0
        ],
        "pose": [
          -0.6716932064162374,
          -0.4642142857786053,
          0.5773502691896258
        ]
      },
      "end": {
        "xyz": [
          -132.7869103387389,
          -110.30651625339294,
          5.0
        ],
        "pose": [
          0.46421428577860524,
          -0.6716932064162374,
          0.5773502691896257
        ]
      }
    },
    {
      "start": {
        "xyz": [
          -132.7869103387389,
          -110.30651625339294,
          5.0
        ],
        "pose": [
          0.46421428577860524,
          -0.6716932064162374,
          0.5773502691896257
        ]
      },
      "end": {
        "xyz": [
          -112.8553419821,
          -1.18498353132,
          5.0
        ],
        "pose": [
          0.6716932064162374,
          0.4642142857786053,
          0.5773502691896258
        ]
      }
    }
  ]
}