{
  "welds": [
    {
      "start": {
        "xyz": [
          127.43854354647,
          -38.79216789866,
          5.0
        ],
        "pose": [
          -0.09984378368480161,
          -0.8103689810982213,
          0.5773502691896258
        ]
      },
      "end": {
        "xyz": [
          135.2362106527893,
          -32.70519661628912,
          5.0
        ],
        "pose": [
          0.8103689810982213,
          -0.09984378368480161,
          0.5773502691896258
        ]
      }
    },
    {
      "start": {
        "xyz": [
          135.2362106527893,
          -32.70519661628912,
          5.0
        ],
        "pose": [
          0.8103689810982213,
          -0.09984378368480161,
          0.5773502691896258
        ]
      },
      "end": {
        "xyz": [
          62.09604526582936,
          60.990442040636694,
          5.0
        ],
        "pose": [
          0.09984378368480161,
          0.8103689810982213,
          0.5773502691896258
        ]
      }
    },
    {
      "start": {
        "xyz": [
          62.09604526582936,
          60.990442040636694,
          5.0
        ],
        "pose": [
          0.09984378368480161,
          0.8103689810982213,
          0.5773502691896258
        ]
      },
      "end": {
        "xyz": [
          54.29837815955354,
          54.90347075829978,
          5.0
        ],
        "pose": [
          -0.8103689810982213,
          0.09984378368480161,
          0.5773502691896258
        ]
      }
    },
    {
      "start": {
        "xyz": [
          54.29837815955354,
          54.90347075829978,
          5.0
        ],
        "pose": [
          -0.8103689810982213,
          0.09984378368480161,
          0.5773502691896258
        ]
      },
      "end": {
        "xyz": [
          127.43854354647,
          -38.79216789866,
          5.0
        ],
        "pose": [
          -0.09984378368480161,
          -0.8103689810982213,
          0.5773502691896258
        ]
      }
    }
  ]
}