{
  "welds": [
    {
      "start": {
        "xyz": [
          -14.35071354625,
          142.58550132699,
          5.0
        ],
        "pose": [
          0.8010500094233767,
          0.15806817854797625,
          0.5773502691896258
        ]
      },
      "end": {
        "xyz": [
          -28.15641193150612,
          151.84068315504086,
          5.0
        ],
        "pose": [
          -0.15806817854797625,
          0.8010500094233767,
          0.5773502691896258
        ]
      }
    },
    {
      "start": {
        "xyz": [
          -28.15641193150612,
          151.84068315504086,
          5.0
        ],
        "pose": [
          -0.15806817854797625,
          0.8010500094233767,
          0.5773502691896258
        ]
      },
      "end": {
        "xyz": [
          -157.85837092559063,
          -41.632136624676,
          5.0
        ],
        "pose": [
          -0.8010500094233767,
          -0.15806817854797625,
          0.5773502691896258
        ]
      }
    },
    {
      "start": {
        "xyz": [
          -157.85837092559063,
          -41.632136624676,
          5.0
        ],
        "pose": [
          -0.8010500094233767,
          -0.15806817854797625,
          0.5773502691896258
        ]
      },
      "end": {
        "xyz": [
          -144.05267254022496,
          -50.887318452800365,
          5.0
        ],
        "pose": [
          0.15806817854797625,
          -0.8010500094233767,
          0.5773502691896258
        ]
      }
    },
    {
      "start": {
        "xyz": [
          -144.05267254022496,
          -50.887318452800365,
          5.0
        ],
        "pose": [
          0.15806817854797625,
          -0.8010500094233767,
          0.5773502691896258
        ]
      },
      "end": {
        "xyz": [
          -14.35071354625,
          142.58550132699,
          5.0
        ],
        "pose": [
          0.8010500094233767,
          0.15806817854797625,
          0.5773502691896258
        ]
      }
    }
  ]
}