{
  "welds": [
    {
      "start": {
        "xyz": [
          91.92529610518275,
          93.30956477668443,
          5.0
        ],
        "pose": [
          0.8164229494093169,
          -0.010965142245247677,
          0.5773502691896256
        ]
      },
      "end": {
        "xyz": [
          83.77902529710335,
          101.677634957451,
          5.0
        ],
        "pose": [
          0.010965142245247677,
          0.8164229494093169,
          0.5773502691896256
        ]
      }
    },
    {
      "start": {
        "xyz": [
          83.77902529710335,
          101.677634957451,
          5.0
        ],
        "pose": [
          0.010965142245247677,
          0.8164229494093169,
          0.5773502691896256
        ]
      },
      "end": {
        "xyz": [
          -21.229143967537656,
          -0.5472466952127139,
          5.0
        ],
        "pose": [
          -0.8164229494093169,
          0.010965142245247677,
          0.5773502691896256
        ]
      }
    },
    {
      "start": {
        "xyz": [
          -21.229143967537656,
          -0.5472466952127139,
          5.0
        ],
        "pose": [
          -0.8164229494093169,
          0.010965142245247677,
          0.5773502691896256
        ]
      },
      "end": {
        "xyz": [
          -13.08287315946,
          -8.915316875981,
          5.0
        ],
        "pose": [
          -0.010965142245247677,
          -0.8164229494093169,
          0.5773502691896256
        ]
      }
    },
    {
      "start": {
        "xyz": [
          -13.08287315946,
          -8.915316875981,
          5.0
        ],
        "pose": [
          -0.010965142245247677,
          -0.8164229494093169,
          0.5773502691896256
        ]
      },
      "end": {
        "xyz": [
          91.92529610518275,
          93.30956477668443,
          5.0
        ],
        "pose": [
          0.8164229494093169,
          -0.010965142245247677,
          0.5773502691896256
        ]
      }
    }
  ]
}