{
  "welds": [
    {
      "start": {
        "xyz": [
          71.108787785068,
          18.860060875497,
          5.0
        ],
        "pose": [
          0.785469305171072,
          -0.22294536842181772,
          0.5773502691896257
        ]
      },
      "end": {
        "xyz": [
          62.658206635639885,
          14.146073365717408,
          5.0
        ],
        "pose": [
          -0.22294536842181772,
          -0.785469305171072,
          0.5773502691896257
        ]
      }
    },
    {
      "start": {
        "xyz": [
          62.658206635639885,
          14.146073365717408,
          5.0
        ],
        "pose": [
          -0.22294536842181772,
          -0.785469305171072,
          0.5773502691896257
        ]
      },
      "end": {
        "xyz": [
          8.425634488204935,
          111.36668562303386,
          5.0
        ],
        "pose": [
          -0.785469305171072,
          0.22294536842181772,
          0.5773502691896257
        ]
      }
    },
    {
      "start": {
        "xyz": [
          8.425634488204935,
          111.36668562303386,
          5.0
        ],
        "pose": [
          -0.785469305171072,
          0.22294536842181772,
          0.5773502691896257
        ]
      },
      "end": {
        "xyz": [
          16.876215637633088,
          116.08067313281339,
          5.0
        ],
        "pose": [
          0.22294536842181772,
          0.785469305171072,
          0.5773502691896257
        ]
      }
    },
    {
      "start": {
        "xyz": [
          16.876215637633088,
          116.08067313281339,
          5.0
        ],
        "pose": [
          0.22294536842181772,
          0.785469305171072,
          0.5773502691896257
        ]
      },
      "end": {
        "xyz": [
          71.108787785068,
          18.860060875497,
          5.0
        ],
        "pose": [
          0.785469305171072,
          -0.22294536842181772,
          0.5773502691896257
        ]
      }
    }
  ]
}