{
  "welds": [
    {
      "start": {
        "xyz": [
          -71.26316912029,
          -132.5862870532,
          5.0
        ],
        "pose": [
          -0.29736436482594847,
          -0.7604216601322762,
          0.5773502691896257
        ]
      },
      "end": {
        "xyz": [
          -74.69839314973972,
          -124.73902493729112,
          5.0
        ],
        "pose": [
          -0.7604216601322762,
          0.2973643648259485,
          0.5773502691896258
        ]
      }
    },
    {
      "start": {
        "xyz": [
          -74.69839314973972,
          -124.73902493729112,
          5.0
        ],
        "pose": [
          -0.7604216601322762,
          0.2973643648259485,
          0.5773502691896258
        ]
      },
      "end": {
        "xyz": [
          88.95094012919873,
          -53.09975588018499,
          5.0
        ],
        "pose": [
          0.29736436482594847,
          0.7604216601322762,
          0.5773502691896257
        ]
      }
    },
    {
      "start": {
        "xyz": [
          88.95094012919873,
          -53.09975588018499,
          5.0
        ],
        "pose": [
          0.29736436482594847,
          0.7604216601322762,
          0.5773502691896257
        ]
      },
      "end": {
        "xyz": [
          92.38616415865403,
          -60.947017996091425,
          5.0
        ],
        "pose": [
          0.7604216601322762,
          -0.2973643648259485,
          0.5773502691896258
        ]
      }
    },
    {
      "start": {
        "xyz": [
          92.38616415865403,
          -60.947017996091425,
          5.0
        ],
        "pose": [
          0.7604216601322762,
          -0.2973643648259485,
          0.5773502691896258
        ]
      },
      "end": {
        "xyz": [
          -71.26316912029,
          -132.5862870532,
          5.0
        ],
        "pose": [
          -0.29736436482594847,
          -0.7604216601322762,
          0.5773502691896257
        ]
      }
    }
  ]
}