{
  "welds": [
    {
      "start": {
        "xyz": [
          66.512231541293,
          -118.8074420352,
          5.0
        ],
        "pose": [
          0.0020827952512922853,
          -0.8164939244296971,
          0.5773502691896258
        ]
      },
      "end": {
        "xyz": [
          74.73960107927859,
          -110.53799073877472,
          5.0
        ],
        "pose": [
          0.8164939244296971,
          0.0020827952512922853,
          0.5773502691896258
        ]
      }
    },
    {
      "start": {
        "xyz": [
          74.73960107927859,
          -110.53799073877472,
          5.0
        ],
        "pose": [
          0.8164939244296971,
          0.0020827952512922853,
          0.5773502691896258
        ]
      },
      "end": {
        "xyz": [
          -58.824099085877414,
          22.346027647542424,
          5.0
        ],
        "pose": [
          -0.0020827952512922853,
          0.8164939244296971,
          0.5773502691896258
        ]
      }
    },
    {
      "start": {
        "xyz": [
          -58.824099085877414,
          22.346027647542424,
          5.0
        ],
        "pose": [
          -0.0020827952512922853,
          0.8164939244296971,
          0.5773502691896258
        ]
      },
      "end": {
        "xyz": [
          -67.05146862383194,
          14.076576351148335,
          5.0
        ],
        "pose": [
          -0.8164939244296971,
          -0.0020827952512922853,
          0.5773502691896258
        ]
      }
    },
    {
      "start": {
        "xyz": [
          -67.05146862383194,
          14.076576351148335,
          5.0
        ],
        "pose": [
          -0.8164939244296971,
          -0.0020827952512922853,
          0.5773502691896258
        ]
      },
      "end": {
        "xyz": [
          66.512231541293,
          -118.8074420352,
          5.0
        ],
        "pose": [
          0.0020827952512922853,
          -0.8164939244296971,
          0.5773502691896258
        ]
      }
    }
  ]
}