{
  "welds": [
    {
      "start": {
        "xyz": [
          -120.98885813679375,
          71.32476311791129,
          5.0
        ],
        "pose": [
          -0.8164941310708941,
          0.0020001483575785117,
          0.5773502691896257
        ]
      },
      "end": {
        "xyz": [
          -111.37791548599367,
          80.88873339116164,
          5.0
        ],
        "pose": [
          0.0020001483575785117,
          0.8164941310708941,
          0.5773502691896257
        ]
      }
    },
    {
      "start": {
        "xyz": [
          -111.37791548599367,
          80.88873339116164,
          5.0
        ],
        "pose": [
          0.0020001483575785117,
          0.8164941310708941,
          0.5773502691896257
        ]
      },
      "end": {
        "xyz": [
          52.537337642208364,
          -83.83157129364437,
          5.0
        ],
        "pose": [
          0.8164941310708941,
          -0.0020001483575785117,
          0.5773502691896257
        ]
      }
    },
    {
      "start": {
        "xyz": [
          52.537337642208364,
          -83.83157129364437,
          5.0
        ],
        "pose": [
          0.8164941310708941,
          -0.0020001483575785117,
          0.5773502691896257
        ]
      },
      "end": {
        "xyz": [
          42.926394991393,
          -93.39554156691,
          5.0
        ],
        "pose": [
          -0.0020001483575785117,
          -0.8164941310708941,
          0.5773502691896257
        ]
      }
    },
    {
      "start": {
        "xyz": [
          42.926394991393,
          -93.39554156691,
          5.0
        ],
        "pose": [
          -0.0020001483575785117,
          -0.8164941310708941,
          0.5773502691896257
        ]
      },
      "end": {
        "xyz": [
          -120.98885813679375,
          71.32476311791129,
          5.0
        ],
        "pose": [
          -0.8164941310708941,
          0.0020001483575785117,
          0.5773502691896257
        ]
      }
    }
  ]
}