{
  "welds": [
    {
      "start": {
        "xyz": [
          95.2642352138158,
          85.25968278388838,
          5.0
        ],
        "pose": [
          0.6766288455477417,
          0.4569902318861935,
          0.5773502691896256
        ]
      },
      "end": {
        "xyz": [
          81.20578843000894,
          87.98350582399875,
          5.0
        ],
        "pose": [
          -0.4569902318861935,
          0.6766288455477417,
          0.5773502691896256
        ]
      }
    },
    {
      "start": {
        "xyz": [
          81.20578843000894,
          87.98350582399875,
          5.0
        ],
        "pose": [
          -0.4569902318861935,
          0.6766288455477417,
          0.5773502691896256
        ]
      },
      "end": {
        "xyz": [
          56.832993324356245,
          -37.81161299209387,
          5.0
        ],
        "pose": [
          -0.6766288455477417,
          -0.4569902318861935,
          0.5773502691896256
        ]
      }
    },
    {
      "start": {
        "xyz": [
          56.832993324356245,
          -37.81161299209387,
          5.0
        ],
        "pose": [
          -0.6766288455477417,
          -0.4569902318861935,
          0.5773502691896256
        ]
      },
      "end": {
        "xyz": [
          70.891440108162,
          -40.53543603221,
          5.0
        ],
        "pose": [
          0.4569902318861935,
          -0.6766288455477417,
          0.5773502691896256
        ]
      }
    },
    {
      "start": {
        "xyz": [
          70.891440108162,
          -40.53543603221,
          5.0
        ],
        "pose": [
          0.4569902318861935,
          -0.6766288455477417,
          0.5773502691896256
        ]
      },
      "end": {
        "xyz": [
          95.2642352138158,
          85.25968278388838,
          5.0
        ],
        "pose": [
          0.6766288455477417,
          0.4569902318861935,
          0.5773502691896256
        ]
      }
    }
  ]
}