{
  "welds": [
    {
      "start": {
        "xyz": [
          -3.3898258810130852,
          -134.62957129421912,
          5.0
        ],
        "pose": [
          0.3053803444664788,
          -0.7572380813721675,
          0.5773502691896257
        ]
      },
      "end": {
        "xyz": [
          -17.5027540101051,
          -128.62832417628846,
          5.0
        ],
        "pose": [
          -0.7572380813721675,
          -0.3053803444664788,
          0.5773502691896257
        ]
      }
    },
    {
      "start": {
        "xyz": [
          -17.5027540101051,
          -128.62832417628846,
          5.0
        ],
        "pose": [
          -0.7572380813721675,
          -0.3053803444664788,
          0.5773502691896257
        ]
      },
      "end": {
        "xyz": [
          26.41841755090131,
          -25.34040328174397,
          5.0
        ],
        "pose": [
          -0.3053803444664788,
          0.7572380813721675,
          0.5773502691896257
        ]
      }
    },
    {
      "start": {
        "xyz": [
          26.41841755090131,
          -25.34040328174397,
          5.0
        ],
        "pose": [
          -0.3053803444664788,
          0.7572380813721675,
          0.5773502691896257
        ]
      },
      "end": {
        "xyz": [
          40.531345679959,
          -31.34165039966,
          5.0
        ],
        "pose": [
          0.7572380813721675,
          0.3053803444664788,
          0.5773502691896257
        ]
      }
    },
    {
      "start": {
        "xyz": [
          40.531345679959,
          -31.34165039966,
          5.0
        ],
        "pose": [
          0.7572380813721675,
          0.3053803444664788,
          0.5773502691896257
        ]
      },
      "end": {
        "xyz": [
          -3.3898258810130852,
          -134.62957129421912,
          5.0
        ],
        "pose": [
          0.3053803444664788,
          -0.7572380813721675,
          0.5773502691896257
        ]
      }
    }
  ]
}