{
  "welds": [
    {
      "start": {
        "xyz": [
          75.867571199581,
          34.935695535004,
          5.0
        ],
        "pose": [
          0.7214602592140249,
          -0.3823110788892977,
          0.5773502691896258
        ]
      },
      "end": {
        "xyz": [
          71.19113723145996,
          50.155292331913756,
          5.0
        ],
        "pose": [
          0.3823110788892977,
          0.7214602592140249,
          0.5773502691896258
        ]
      }
    },
    {
      "start": {
        "xyz": [
          71.19113723145996,
          50.155292331913756,
          5.0
        ],
        "pose": [
          0.3823110788892977,
          0.7214602592140249,
          0.5773502691896258
        ]
      },
      "end": {
        "xyz": [
          -135.9522980734221,
          -13.492425150896793,
          5.0
        ],
        "pose": [
          -0.7214602592140249,
          0.3823110788892977,
          0.5773502691896258
        ]
      }
    },
    {
      "start": {
        "xyz": [
          -135.9522980734221,
          -13.492425150896793,
          5.0
        ],
        "pose": [
          -0.7214602592140249,
          0.3823110788892977,
          0.5773502691896258
        ]
      },
      "end": {
        "xyz": [
          -131.27586410528207,
          -28.712021947868532,
          5.0
        ],
        "pose": [
          -0.3823110788892977,
          -0.7214602592140249,
          0.5773502691896258
        ]
      }
    },
    {
      "start": {
        "xyz": [
          -131.27586410528207,
          -28.712021947868532,
          5.0
        ],
        "pose": [
          -0.3823110788892977,
          -0.7214602592140249,
          0.5773502691896258
        ]
      },
      "end": {
        "xyz": [
          75.867571199581,
          34.935695535004,
          5.0
        ],
        "pose": [
          0.7214602592140249,
          -0.3823110788892977,
          0.5773502691896258
        ]
      }
    }
  ]
}