{
  "welds": [
    {
      "start": {
        "xyz": [
          -73.62752913807873,
          79.5855202450904,
          5.0
        ],
        "pose": [
          -0.45085789211636407,
          -0.6807303634942808,
          0.5773502691896257
        ]
      },
      "end": {
        "xyz": [
          -76.37727469466743,
          93.12163337382553,
          5.0
        ],
        "pose": [
          -0.6807303634942808,
          0.45085789211636407,
          0.5773502691896257
        ]
      }
    },
    {
      "start": {
        "xyz": [
          -76.37727469466743,
          93.12163337382553,
          5.0
        ],
        "pose": [
          -0.6807303634942808,
          0.45085789211636407,
          0.5773502691896257
        ]
      },
      "end": {
        "xyz": [
          171.76570586907218,
          143.52975657097045,
          5.0
        ],
        "pose": [
          0.45085789211636407,
          0.6807303634942808,
          0.5773502691896257
        ]
      }
    },
    {
      "start": {
        "xyz": [
          171.76570586907218,
          143.52975657097045,
          5.0
        ],
        "pose": [
          0.45085789211636407,
          0.6807303634942808,
          0.5773502691896257
        ]
      },
      "end": {
        "xyz": [
          174.51545142566,
          129.99364344224,
          5.0
        ],
        "pose": [
          0.6807303634942808,
          -0.45085789211636407,
          0.5773502691896257
        ]
      }
    },
    {
      "start": {
        "xyz": [
          174.51545142566,
          129.99364344224,
          5.0
        ],
        "pose": [
          0.6807303634942808,
          -0.45085789211636407,
          0.5773502691896257
        ]
      },
      "end": {
        "xyz": [
          -73.62752913807873,
          79.5855202450904,
          5.0
        ],
        "pose": [
          -0.45085789211636407,
          -0.6807303634942808,
          0.5773502691896257
        ]
      }
    }
  ]
}