{
  "welds": [
    {
      "start": {
        "xyz": [
          91.65959145461682,
          -17.706927578926884,
          5.0
        ],
        "pose": [
          0.6157487718730335,
          -0.5362090232395551,
          0.5773502691896258
        ]
      },
      "end": {
        "xyz": [
          90.87692952381471,
          -6.371796055197027,
          5.0
        ],
        "pose": [
          0.5362090232395551,
          0.6157487718730335,
          0.5773502691896258
        ]
      }
    },
    {
      "start": {
        "xyz": [
          90.87692952381471,
          -6.371796055197027,
          5.0
        ],
        "pose": [
          0.5362090232395551,
          0.6157487718730335,
          0.5773502691896258
        ]
      },
      "end": {
        "xyz": [
          -99.91226322655172,
          -19.545303364000116,
          5.0
        ],
        "pose": [
          -0.6157487718730335,
          0.5362090232395551,
          0.5773502691896258
        ]
      }
    },
    {
      "start": {
        "xyz": [
          -99.91226322655172,
          -19.545303364000116,
          5.0
        ],
        "pose": [
          -0.6157487718730335,
          0.5362090232395551,
          0.5773502691896258
        ]
      },
      "end": {
        "xyz": [
          -99.12960129575,
          -30.88043488773,
          5.0
        ],
        "pose": [
          -0.5362090232395551,
          -0.6157487718730335,
          0.5773502691896258
        ]
      }
    },
    {
      "start": {
        "xyz": [
          -99.12960129575,
          -30.88043488773,
          5.0
        ],
        "pose": [
          -0.5362090232395551,
          -0.6157487718730335,
          0.5773502691896258
        ]
      },
      "end": {
        "xyz": [
          91.65959145461682,
          -17.706927578926884,
          5.0
        ],
        "pose": [
          0.6157487718730335,
          -0.5362090232395551,
          0.5773502691896258
        ]
      }
    }
  ]
}