{
  "welds": [
    {
      "start": {
        "xyz": [
          105.51250552342317,
          -14.544759216705843,
          5.0
        ],
        "pose": [
          0.7362989379710773,
          -0.352888850219627,
          0.5773502691896257
        ]
      },
      "end": {
        "xyz": [
          100.19241070822989,
          0.5685163329965082,
          5.0
        ],
        "pose": [
          0.352888850219627,
          0.7362989379710773,
          0.5773502691896257
        ]
      }
    },
    {
      "start": {
        "xyz": [
          100.19241070822989,
          0.5685163329965082,
          5.0
        ],
        "pose": [
          0.352888850219627,
          0.7362989379710773,
          0.5773502691896257
        ]
      },
      "end": {
        "xyz": [
          -107.13681646129167,
          -72.41441465868708,
          5.0
        ],
        "pose": [
          -0.7362989379710773,
          0.352888850219627,
          0.5773502691896257
        ]
      }
    },
    {
      "start": {
        "xyz": [
          -107.13681646129167,
          -72.41441465868708,
          5.0
        ],
        "pose": [
          -0.7362989379710773,
          0.352888850219627,
          0.5773502691896257
        ]
      },
      "end": {
        "xyz": [
          -101.8167216461,
          -87.52769020839,
          5.0
        ],
        "pose": [
          -0.352888850219627,
          -0.7362989379710773,
          0.5773502691896257
        ]
      }
    },
    {
      "start": {
        "xyz": [
          -101.8167216461,
          -87.52769020839,
          5.0
        ],
        "pose": [
          -0.352888850219627,
          -0.7362989379710773,
          0.5773502691896257
        ]
      },
      "end": {
        "xyz": [
          105.51250552342317,
          -14.544759216705843,
          5.0
        ],
        "pose": [
          0.7362989379710773,
          -0.352888850219627,
          0.5773502691896257
        ]
      }
    }
  ]
}