{
  "welds": [
    {
      "start": {
        "xyz": [
          -78.87402846299138,
          104.00175735350993,
          5.0
        ],
        "pose": [
          -0.7441883901808632,
          -0.33593199696766307,
          0.5773502691896258
        ]
      },
      "end": {
        "xyz": [
          -72.74267300247116,
          120.22343114443044,
          5.0
        ],
        "pose": [
          -0.33593199696766307,
          0.7441883901808632,
          0.5773502691896258
        ]
      }
    },
    {
      "start": {
        "xyz": [
          -72.74267300247116,
          120.22343114443044,
          5.0
        ],
        "pose": [
          -0.33593199696766307,
          0.7441883901808632,
          0.5773502691896258
        ]
      },
      "end": {
        "xyz": [
          30.990264556125897,
          81.01517672298455,
          5.0
        ],
        "pose": [
          0.7441883901808632,
          0.33593199696766307,
          0.5773502691896258
        ]
      }
    },
    {
      "start": {
        "xyz": [
          30.990264556125897,
          81.01517672298455,
          5.0
        ],
        "pose": [
          0.7441883901808632,
          0.33593199696766307,
          0.5773502691896258
        ]
      },
      "end": {
        "xyz": [
          24.858909095614,
          64.793502932086,
          5.0
        ],
        "pose": [
          0.33593199696766307,
          -0.7441883901808632,
          0.5773502691896258
        ]
      }
    },
    {
      "start": {
        "xyz": [
          24.858909095614,
          64.793502932086,
          5.0
        ],
        "pose": [
          0.33593199696766307,
          -0.7441883901808632,
          0.5773502691896258
        ]
      },
      "end": {
        "xyz": [
          -78.87402846299138,
          104.00175735350993,
          5.0
        ],
        "pose": [
          -0.7441883901808632,
          -0.33593199696766307,
          0.5773502691896258
        ]
      }
    }
  ]
}