{
  "welds": [
    {
      "start": {
        "xyz": [
          -133.3126278988,
          -114.3258999795,
          5.0
        ],
        "pose": [
          0.4106728808033165,
          -0.7057013898522319,
          0.5773502691896257
        ]
      },
      "end": {
        "xyz": [
          -147.6761173102811,
          -110.5300055584285,
          5.0
        ],
        "pose": [
          -0.7057013898522319,
          -0.41067288080331643,
          0.5773502691896257
        ]
      }
    },
    {
      "start": {
        "xyz": [
          -147.6761173102811,
          -110.5300055584285,
          5.0
        ],
        "pose": [
          -0.7057013898522319,
          -0.41067288080331643,
          0.5773502691896257
        ]
      },
      "end": {
        "xyz": [
          -116.46713284926206,
          7.563352191597961,
          5.0
        ],
        "pose": [
          -0.4106728808033165,
          0.7057013898522319,
          0.5773502691896257
        ]
      }
    },
    {
      "start": {
        "xyz": [
          -116.46713284926206,
          7.563352191597961,
          5.0
        ],
        "pose": [
          -0.4106728808033165,
          0.7057013898522319,
          0.5773502691896257
        ]
      },
      "end": {
        "xyz": [
          -102.10364343777688,
          3.767457770541891,
          5.0
        ],
        "pose": [
          0.7057013898522319,
          0.41067288080331643,
          0.5773502691896257
        ]
      }
    },
    {
      "start": {
        "xyz": [
          -102.10364343777688,
          3.767457770541891,
          5.0
        ],
        "pose": [
          0.7057013898522319,
          0.41067288080331643,
          0.5773502691896257
        ]
      },
      "end": {
        "xyz": [
          -133.3126278988,
          -114.3258999795,
          5.0
        ],
        "pose": [
          0.4106728808033165,
          -0.7057013898522319,
          0.5773502691896257
        ]
      }
    }
  ]
}