{
  "welds": [
    {
      "start": {
        "xyz": [
          133.23144873363,
          41.06579645833,
          5.0
        ],
        "pose": [
          0.8004391163339082,
          0.1611331365959804,
          0.5773502691896257
        ]
      },
      "end": {
        "xyz": [
          121.68579533391697,
          48.741980162599454,
          5.0
        ],
        "pose": [
          -0.16113313659598036,
          0.8004391163339083,
          0.5773502691896258
        ]
      }
    },
    {
      "start": {
        "xyz": [
          121.68579533391697,
          48.741980162599454,
          5.0
        ],
        "pose": [
          -0.16113313659598036,
          0.8004391163339083,
          0.5773502691896258
        ]
      },
      "end": {
        "xyz": [
          43.92398721605605,
          -68.21859801690594,
          5.0
        ],
        "pose": [
          -0.8004391163339082,
          -0.1611331365959804,
          0.5773502691896257
        ]
      }
    },
    {
      "start": {
        "xyz": [
          43.92398721605605,
          -68.21859801690594,
          5.0
        ],
        "pose": [
          -0.8004391163339082,
          -0.1611331365959804,
          0.5773502691896257
        ]
      },
      "end": {
        "xyz": [
          55.46964061579072,
          -75.89478172118982,
          5.0
        ],
        "pose": [
          0.16113313659598036,
          -0.8004391163339083,
          0.5773502691896258
        ]
      }
    },
    {
      "start": {
        "xyz": [
          55.46964061579072,
          -75.89478172118982,
          5.0
        ],
        "pose": [
          0.16113313659598036,
          -0.8004391163339083,
          0.5773502691896258
        ]
      },
      "end": {
        "xyz": [
          133.23144873363,
          41.06579645833,
          5.0
        ],
        "pose": [
          0.8004391163339082,
          0.1611331365959804,
          0.5773502691896257
        ]
      }
    }
  ]
}