{
  "welds": [
    {
      "start": {
        "xyz": [
          17.936889946915,
          -81.0385216145,
          5.0
        ],
        "pose": [
          0.5557902849370995,
          -0.5981336187142505,
          0.5773502691896257
        ]
      },
      "end": {
        "xyz": [
          5.152040526452054,
          -80.56938049991845,
          5.0
        ],
        "pose": [
          -0.5981336187142505,
          -0.5557902849370996,
          0.5773502691896258
        ]
      }
    },
    {
      "start": {
        "xyz": [
          5.152040526452054,
          -80.56938049991845,
          5.0
        ],
        "pose": [
          -0.5981336187142505,
          -0.5557902849370996,
          0.5773502691896258
        ]
      },
      "end": {
        "xyz": [
          13.330428051095563,
          142.30482462708994,
          5.0
        ],
        "pose": [
          -0.5557902849370995,
          0.5981336187142505,
          0.5773502691896257
        ]
      }
    },
    {
      "start": {
        "xyz": [
          13.330428051095563,
          142.30482462708994,
          5.0
        ],
        "pose": [
          -0.5557902849370995,
          0.5981336187142505,
          0.5773502691896257
        ]
      },
      "end": {
        "xyz": [
          26.11527747155856,
          141.83568351250995,
          5.0
        ],
        "pose": [
          0.5981336187142505,
          0.5557902849370996,
          0.5773502691896258
        ]
      }
    },
    {
      "start": {
        "xyz": [
          26.11527747155856,
          141.83568351250995,
          5.0
        ],
        "pose": [
          0.5981336187142505,
          0.5557902849370996,
          0.5773502691896258
        ]
      },
      "end": {
        "xyz": [
          17.936889946915,
          -81.0385216145,
          5.0
        ],
        "pose": [
          0.5557902849370995,
          -0.5981336187142505,
          0.5773502691896257
        ]
      }
    }
  ]
}