{
  "welds": [
    {
      "start": {
        "xyz": [
          17.23164203996,
          -49.0627916569,
          5.0
        ],
        "pose": [
          -0.4510290731953346,
          -0.6806169567379469,
          0.5773502691896258
        ]
      },
      "end": {
        "xyz": [
          28.761427530818686,
          -46.7236334938986,
          5.0
        ],
        "pose": [
          0.6806169567379469,
          -0.4510290731953346,
          0.5773502691896258
        ]
      }
    },
    {
      "start": {
        "xyz": [
          28.761427530818686,
          -46.7236334938986,
          5.0
        ],
        "pose": [
          0.6806169567379469,
          -0.4510290731953346,
          0.5773502691896258
        ]
      },
      "end": {
        "xyz": [
          1.2738955619900503,
          88.76329179709069,
          5.0
        ],
        "pose": [
          0.4510290731953346,
          0.6806169567379469,
          0.5773502691896258
        ]
      }
    },
    {
      "start": {
        "xyz": [
          1.2738955619900503,
          88.76329179709069,
          5.0
        ],
        "pose": [
          0.4510290731953346,
          0.6806169567379469,
          0.5773502691896258
        ]
      },
      "end": {
        "xyz": [
          -10.255889928923951,
          86.42413363407806,
          5.0
        ],
        "pose": [
          -0.6806169567379469,
          0.4510290731953346,
          0.5773502691896258
        ]
      }
    },
    {
      "start": {
        "xyz": [
          -10.255889928923951,
          86.42413363407806,
          5.0
        ],
        "pose": [
          -0.6806169567379469,
          0.4510290731953346,
          0.5773502691896258
        ]
      },
      "end": {
        "xyz": [
          17.23164203996,
          -49.0627916569,
          5.0
        ],
        "pose": [
          -0.4510290731953346,
          -0.6806169567379469,
          0.5773502691896258
        ]
      }
    }
  ]
}