{
  "welds": [
    {
      "start": {
        "xyz": [
          129.99592257526234,
          105.12670049810372,
          5.0
        ],
        "pose": [
          0.4746443334871456,
          0.6643639238814898,
          0.5773502691896258
        ]
      },
      "end": {
        "xyz": [
          117.90632393195172,
          103.1129892824036,
          5.0
        ],
        "pose": [
          -0.6643639238814898,
          0.4746443334871456,
          0.5773502691896258
        ]
      }
    },
    {
      "start": {
        "xyz": [
          117.90632393195172,
          103.1129892824036,
          5.0
        ],
        "pose": [
          -0.6643639238814898,
          0.4746443334871456,
          0.5773502691896258
        ]
      },
      "end": {
        "xyz": [
          135.54782168936973,
          -2.8002249317063783,
          5.0
        ],
        "pose": [
          -0.4746443334871456,
          -0.6643639238814898,
          0.5773502691896258
        ]
      }
    },
    {
      "start": {
        "xyz": [
          135.54782168936973,
          -2.8002249317063783,
          5.0
        ],
        "pose": [
          -0.4746443334871456,
          -0.6643639238814898,
          0.5773502691896258
        ]
      },
      "end": {
        "xyz": [
          147.63742033268,
          -0.786513716004,
          5.0
        ],
        "pose": [
          0.6643639238814898,
          -0.4746443334871456,
          0.5773502691896258
        ]
      }
    },
    {
      "start": {
        "xyz": [
          147.63742033268,
          -0.786513716004,
          5.0
        ],
        "pose": [
          0.6643639238814898,
          -0.4746443334871456,
          0.5773502691896258
        ]
      },
      "end": {
        "xyz": [
          129.99592257526234,
          105.12670049810372,
          5.0
        ],
        "pose": [
          0.4746443334871456,
          0.6643639238814898,
          0.5773502691896258
        ]
      }
    }
  ]
}