{
  "welds": [
    {
      "start": {
        "xyz": [
          -12.84432502568368,
          44.913605366197075,
          5.0
        ],
        "pose": [
          -0.807562130812795,
          -0.12045775833778798,
          0.5773502691896258
        ]
      },
      "end": {
        "xyz": [
          -4.8901633210991164,
          55.6566897636739,
          5.0
        ],
        "pose": [
          -0.12045775833778796,
          0.8075621308127949,
          0.5773502691896257
        ]
      }
    },
    {
      "start": {
        "xyz": [
          -4.8901633210991164,
          55.6566897636739,
          5.0
        ],
        "pose": [
          -0.12045775833778796,
          0.8075621308127949,
          0.5773502691896257
        ]
      },
      "end": {
        "xyz": [
          123.77775129288109,
          -39.60881883377081,
          5.0
        ],
        "pose": [
          0.807562130812795,
          0.12045775833778798,
          0.5773502691896258
        ]
      }
    },
    {
      "start": {
        "xyz": [
          123.77775129288109,
          -39.60881883377081,
          5.0
        ],
        "pose": [
          0.807562130812795,
          0.12045775833778798,
          0.5773502691896258
        ]
      },
      "end": {
        "xyz": [
          115.82358958828,
          -50.35190323127,
          5.0
        ],
        "pose": [
          0.12045775833778796,
          -0.8075621308127949,
          0.5773502691896257
        ]
      }
    },
    {
      "start": {
        "xyz": [
          115.82358958828,
          -50.35190323127,
          5.0
        ],
        "pose": [
          0.12045775833778796,
          -0.8075621308127949,
          0.5773502691896257
        ]
      },
      "end": {
        "xyz": [
          -12.84432502568368,
          44.913605366197075,
          5.0
        ],
        "pose": [
          -0.807562130812795,
          -0.12045775833778798,
          0.5773502691896258
        ]
      }
    }
  ]
}