{
  "welds": [
    {
      "start": {
        "xyz": [
          -107.27032169122577,
          -16.37023015270074,
          5.0
        ],
        "pose": [
          -0.7400183407284774,
          -0.3450210458104518,
          0.5773502691896257
        ]
      },
      "end": {
        "xyz": [
          -102.76668838519514,
          -3.998956773256773,
          5.0
        ],
        "pose": [
          -0.3450210458104518,
          0.7400183407284774,
          0.5773502691896257
        ]
      }
    },
    {
      "start": {
        "xyz": [
          -102.76668838519514,
          -3.998956773256773,
          5.0
        ],
        "pose": [
          -0.3450210458104518,
          0.7400183407284774,
          0.5773502691896257
        ]
      },
      "end": {
        "xyz": [
          75.93382455305876,
          -69.05301848460883,
          5.0
        ],
        "pose": [
          0.7400183407284774,
          0.3450210458104518,
          0.5773502691896257
        ]
      }
    },
    {
      "start": {
        "xyz": [
          75.93382455305876,
          -69.05301848460883,
          5.0
        ],
        "pose": [
          0.7400183407284774,
          0.3450210458104518,
          0.5773502691896257
        ]
      },
      "end": {
        "xyz": [
          71.430191247051,
          -81.42429186399,
          5.0
        ],
        "pose": [
          0.3450210458104518,
          -0.7400183407284774,
          0.5773502691896257
        ]
      }
    },
    {
      "start": {
        "xyz": [
          71.430191247051,
          -81.42429186399,
          5.0
        ],
        "pose": [
          0.3450210458104518,
          -0.7400183407284774,
          0.5773502691896257
        ]
      },
      "end": {
        "xyz": [
          -107.27032169122577,
          -16.37023015270074,
          5.0
        ],
        "pose": [
          -0.7400183407284774,
          -0.3450210458104518,
          0.5773502691896257
        ]
      }
    }
  ]
}