{
  "welds": [
    {
      "start": {
        "xyz": [
          -49.67631119432653,
          53.066369125071674,
          5.0
        ],
        "pose": [
          -0.13761893844180872,
          0.8048153169819872,
          0.5773502691896258
        ]
      },
      "end": {
        "xyz": [
          -57.117880776707075,
          42.55493603860994,
          5.0
        ],
        "pose": [
          -0.8048153169819872,
          -0.13761893844180872,
          0.5773502691896258
        ]
      }
    },
    {
      "start": {
        "xyz": [
          -57.117880776707075,
          42.55493603860994,
          5.0
        ],
        "pose": [
          -0.8048153169819872,
          -0.13761893844180872,
          0.5773502691896258
        ]
      },
      "end": {
        "xyz": [
          55.655819313853804,
          -37.28321061403199,
          5.0
        ],
        "pose": [
          0.13761893844180872,
          -0.8048153169819872,
          0.5773502691896258
        ]
      }
    },
    {
      "start": {
        "xyz": [
          55.655819313853804,
          -37.28321061403199,
          5.0
        ],
        "pose": [
          0.13761893844180872,
          -0.8048153169819872,
          0.5773502691896258
        ]
      },
      "end": {
        "xyz": [
          63.097388896234,
          -26.77177752757,
          5.0
        ],
        "pose": [
          0.8048153169819872,
          0.13761893844180872,
          0.5773502691896258
        ]
      }
    },
    {
      "start": {
        "xyz": [
          63.097388896234,
          -26.77177752757,
          5.0
        ],
        "pose": [
          0.8048153169819872,
          0.13761893844180872,
          0.5773502691896258
        ]
      },
      "end": {
        "xyz": [
          -49.67631119432653,
          53.066369125071674,
          5.0
        ],
        "pose": [
          -0.13761893844180872,
          0.8048153169819872,
          0.5773502691896258
        ]
      }
    }
  ]
}