{
  "welds": [
    {
      "start": {
        "xyz": [
          54.067380884902,
          -1.053100423608,
          5.0
        ],
        "pose": [
          0.6086745384530666,
          0.5442260310804813,
          0.5773502691896258
        ]
      },
      "end": {
        "xyz": [
          39.934839484005956,
          -0.26307462022278133,
          5.0
        ],
        "pose": [
          -0.5442260310804813,
          0.6086745384530666,
          0.5773502691896258
        ]
      }
    },
    {
      "start": {
        "xyz": [
          39.934839484005956,
          -0.26307462022278133,
          5.0
        ],
        "pose": [
          -0.5442260310804813,
          0.6086745384530666,
          0.5773502691896258
        ]
      },
      "end": {
        "xyz": [
          32.754753868927175,
          -128.7055340718147,
          5.0
        ],
        "pose": [
          -0.6086745384530666,
          -0.5442260310804813,
          0.5773502691896258
        ]
      }
    },
    {
      "start": {
        "xyz": [
          32.754753868927175,
          -128.7055340718147,
          5.0
        ],
        "pose": [
          -0.6086745384530666,
          -0.5442260310804813,
          0.5773502691896258
        ]
      },
      "end": {
        "xyz": [
          46.887295269827575,
          -129.49555987520014,
          5.0
        ],
        "pose": [
          0.5442260310804813,
          -0.6086745384530666,
          0.5773502691896258
        ]
      }
    },
    {
      "start": {
        "xyz": [
          46.887295269827575,
          -129.49555987520014,
          5.0
        ],
        "pose": [
          0.5442260310804813,
          -0.6086745384530666,
          0.5773502691896258
        ]
      },
      "end": {
        "xyz": [
          54.067380884902,
          -1.053100423608,
          5.0
        ],
        "pose": [
          0.6086745384530666,
          0.5442260310804813,
          0.5773502691896258
        ]
      }
    }
  ]
}