{
  "welds": [
    {
      "start": {
        "xyz": [
          -57.57464114720626,
          -54.33353666535036,
          5.0
        ],
        "pose": [
          0.015135336724790331,
          -0.8163562875662158,
          0.5773502691896257
        ]
      },
      "end": {
        "xyz": [
          -65.02394836472652,
          -47.155423455826764,
          5.0
        ],
        "pose": [
          -0.8163562875662158,
          -0.015135336724790331,
          0.5773502691896257
        ]
      }
    },
    {
      "start": {
        "xyz": [
          -65.02394836472652,
          -47.155423455826764,
          5.0
        ],
        "pose": [
          -0.8163562875662158,
          -0.015135336724790331,
          0.5773502691896257
        ]
      },
      "end": {
        "xyz": [
          62.84255531044239,
          85.54196385222822,
          5.0
        ],
        "pose": [
          -0.015135336724790331,
          0.8163562875662158,
          0.5773502691896257
        ]
      }
    },
    {
      "start": {
        "xyz": [
          62.84255531044239,
          85.54196385222822,
          5.0
        ],
        "pose": [
          -0.015135336724790331,
          0.8163562875662158,
          0.5773502691896257
        ]
      },
      "end": {
        "xyz": [
          70.291862527872,
          78.363850642792,
          5.0
        ],
        "pose": [
          0.8163562875662158,
          0.015135336724790331,
          0.5773502691896257
        ]
      }
    },
    {
      "start": {
        "xyz": [
          70.291862527872,
          78.363850642792,
          5.0
        ],
        "pose": [
          0.8163562875662158,
          0.015135336724790331,
          0.5773502691896257
        ]
      },
      "end": {
        "xyz": [
          -57.57464114720626,
          -54.33353666535036,
          5.0
        ],
        "pose": [
          0.015135336724790331,
          -0.8163562875662158,
          0.5773502691896257
        ]
      }
    }
  ]
}