{
  "welds": [
    {
      "start": {
        "xyz": [
          -67.27093419488315,
          125.15991932982612,
          5.0
        ],
        "pose": [
          -0.8121788606481815,
          0.08385800488259038,
          0.5773502691896258
        ]
      },
      "end": {
        "xyz": [
          -57.41947069068628,
          133.16743175027773,
          5.0
        ],
        "pose": [
          0.08385800488259043,
          0.8121788606481815,
          0.5773502691896257
        ]
      }
    },
    {
      "start": {
        "xyz": [
          -57.41947069068628,
          133.16743175027773,
          5.0
        ],
        "pose": [
          0.08385800488259043,
          0.8121788606481815,
          0.5773502691896257
        ]
      },
      "end": {
        "xyz": [
          73.39767748171512,
          -27.77398092286031,
          5.0
        ],
        "pose": [
          0.8121788606481815,
          -0.08385800488259038,
          0.5773502691896258
        ]
      }
    },
    {
      "start": {
        "xyz": [
          73.39767748171512,
          -27.77398092286031,
          5.0
        ],
        "pose": [
          0.8121788606481815,
          -0.08385800488259038,
          0.5773502691896258
        ]
      },
      "end": {
        "xyz": [
          63.546213977619,
          -35.78149334323,
          5.0
        ],
        "pose": [
          -0.08385800488259043,
          -0.8121788606481815,
          0.5773502691896257
        ]
      }
    },
    {
      "start": {
        "xyz": [
          63.546213977619,
          -35.78149334323,
          5.0
        ],
        "pose": [
          -0.08385800488259043,
          -0.8121788606481815,
          0.5773502691896257
        ]
      },
      "end": {
        "xyz": [
          -67.27093419488315,
          125.15991932982612,
          5.0
        ],
        "pose": [
          -0.8121788606481815,
          0.08385800488259038,
          0.5773502691896258
        ]
      }
    }
  ]
}