{
  "welds": [
    {
      "start": {
        "xyz": [
          -16.70243232697111,
          41.3296378674191,
          5.0
        ],
        "pose": [
          0.4652550194778872,
          0.6709727516951024,
          0.5773502691896258
        ]
      },
      "end": {
        "xyz": [
          -32.227509451622694,
          38.51877217692785,
          5.0
        ],
        "pose": [
          -0.6709727516951024,
          0.4652550194778872,
          0.5773502691896258
        ]
      }
    },
    {
      "start": {
        "xyz": [
          -32.227509451622694,
          38.51877217692785,
          5.0
        ],
        "pose": [
          -0.6709727516951024,
          0.4652550194778872,
          0.5773502691896258
        ]
      },
      "end": {
        "xyz": [
          1.326255517699524,
          -146.80662089759736,
          5.0
        ],
        "pose": [
          -0.4652550194778872,
          -0.6709727516951024,
          0.5773502691896258
        ]
      }
    },
    {
      "start": {
        "xyz": [
          1.326255517699524,
          -146.80662089759736,
          5.0
        ],
        "pose": [
          -0.4652550194778872,
          -0.6709727516951024,
          0.5773502691896258
        ]
      },
      "end": {
        "xyz": [
          16.85133264235,
          -143.9957552071,
          5.0
        ],
        "pose": [
          0.6709727516951024,
          -0.4652550194778872,
          0.5773502691896258
        ]
      }
    },
    {
      "start": {
        "xyz": [
          16.85133264235,
          -143.9957552071,
          5.0
        ],
        "pose": [
          0.6709727516951024,
          -0.4652550194778872,
          0.5773502691896258
        ]
      },
      "end": {
        "xyz": [
          -16.70243232697111,
          41.3296378674191,
          5.0
        ],
        "pose": [
          0.4652550194778872,
          0.6709727516951024,
          0.5773502691896258
        ]
      }
    }
  ]
}