{
  "welds": [
    {
      "start": {
        "xyz": [
          -5.73281805813147,
          -132.26622740099998,
          5.0
        ],
        "pose": [
          0.5486235039899539,
          -0.6047139137943263,
          0.5773502691896258
        ]
      },
      "end": {
        "xyz": [
          -21.834613293459764,
          -131.48314668289518,
          5.0
        ],
        "pose": [
          -0.6047139137943263,
          -0.5486235039899539,
          0.5773502691896258
        ]
      }
    },
    {
      "start": {
        "xyz": [
          -21.834613293459764,
          -131.48314668289518,
          5.0
        ],
        "pose": [
          -0.6047139137943263,
          -0.5486235039899539,
          0.5773502691896258
        ]
      },
      "end": {
        "xyz": [
          -14.830156425980006,
          12.543296067264887,
          5.0
        ],
        "pose": [
          -0.5486235039899539,
          0.6047139137943263,
          0.5773502691896258
        ]
      }
    },
    {
      "start": {
        "xyz": [
          -14.830156425980006,
          12.543296067264887,
          5.0
        ],
        "pose": [
          -0.5486235039899539,
          0.6047139137943263,
          0.5773502691896258
        ]
      },
      "end": {
        "xyz": [
          1.27163880935,
          11.76021534916,
          5.0
        ],
        "pose": [
          0.6047139137943263,
          0.5486235039899539,
          0.5773502691896258
        ]
      }
    },
    {
      "start": {
        "xyz": [
          1.27163880935,
          11.76021534916,
          5.0
        ],
        "pose": [
          0.6047139137943263,
          0.5486235039899539,
          0.5773502691896258
        ]
      },
      "end": {
        "xyz": [
          -5.73281805813147,
          -132.26622740099998,
          5.0
        ],
        "pose": [
          0.5486235039899539,
          -0.6047139137943263,
          0.5773502691896258
        ]
      }
    }
  ]
}