{
  "welds": [
    {
      "start": {
        "xyz": [
          18.811437206255,
          -71.45000654234,
          5.0
        ],
        "pose": [
          -0.15600289986022117,
          -0.8014547784509545,
          0.5773502691896258
        ]
      },
      "end": {
        "xyz": [
          25.9100091895547,
          -66.66463928724212,
          5.0
        ],
        "pose": [
          0.8014547784509545,
          -0.1560028998602211,
          0.5773502691896257
        ]
      }
    },
    {
      "start": {
        "xyz": [
          25.9100091895547,
          -66.66463928724212,
          5.0
        ],
        "pose": [
          0.8014547784509545,
          -0.1560028998602211,
          0.5773502691896257
        ]
      },
      "end": {
        "xyz": [
          -59.058829075233625,
          59.37739314358838,
          5.0
        ],
        "pose": [
          0.15600289986022117,
          0.8014547784509545,
          0.5773502691896258
        ]
      }
    },
    {
      "start": {
        "xyz": [
          -59.058829075233625,
          59.37739314358838,
          5.0
        ],
        "pose": [
          0.15600289986022117,
          0.8014547784509545,
          0.5773502691896258
        ]
      },
      "end": {
        "xyz": [
          -66.15740105858481,
          54.59202588845581,
          5.0
        ],
        "pose": [
          -0.8014547784509545,
          0.1560028998602211,
          0.5773502691896257
        ]
      }
    },
    {
      "start": {
        "xyz": [
          -66.15740105858481,
          54.59202588845581,
          5.0
        ],
        "pose": [
          -0.8014547784509545,
          0.1560028998602211,
          0.5773502691896257
        ]
      },
      "end": {
        "xyz": [
          18.811437206255,
          -71.45000654234,
          5.0
        ],
        "pose": [
          -0.15600289986022117,
          -0.8014547784509545,
          0.5773502691896258
        ]
      }
    }
  ]
}