{
  "welds": [
    {
      "start": {
        "xyz": [
          -38.02269063371963,
          -136.63653387000028,
          5.0
        ],
        "pose": [
          0.16014518604879724,
          -0.8006373623882805,
          0.5773502691896258
        ]
      },
      "end": {
        "xyz": [
          -51.475475153792786,
          -127.66842422947417,
          5.0
        ],
        "pose": [
          -0.8006373623882805,
          -0.16014518604879724,
          0.5773502691896258
        ]
      }
    },
    {
      "start": {
        "xyz": [
          -51.475475153792786,
          -127.66842422947417,
          5.0
        ],
        "pose": [
          -0.8006373623882805,
          -0.16014518604879724,
          0.5773502691896258
        ]
      },
      "end": {
        "xyz": [
          31.30554252966229,
          -3.491174186085559,
          5.0
        ],
        "pose": [
          -0.16014518604879724,
          0.8006373623882805,
          0.5773502691896258
        ]
      }
    },
    {
      "start": {
        "xyz": [
          31.30554252966229,
          -3.491174186085559,
          5.0
        ],
        "pose": [
          -0.16014518604879724,
          0.8006373623882805,
          0.5773502691896258
        ]
      },
      "end": {
        "xyz": [
          44.758327049748,
          -12.45928382662,
          5.0
        ],
        "pose": [
          0.8006373623882805,
          0.16014518604879724,
          0.5773502691896258
        ]
      }
    },
    {
      "start": {
        "xyz": [
          44.758327049748,
          -12.45928382662,
          5.0
        ],
        "pose": [
          0.8006373623882805,
          0.16014518604879724,
          0.5773502691896258
        ]
      },
      "end": {
        "xyz": [
          -38.02269063371963,
          -136.63653387000028,
          5.0
        ],
        "pose": [
          0.16014518604879724,
          -0.8006373623882805,
          0.5773502691896258
        ]
      }
    }
  ]
}