{
  "welds": [
    {
      "start": {
        "xyz": [
          72.099037126046,
          28.98393512002,
          5.0
        ],
        "pose": [
          -0.5251731089917202,
          -0.6251878695709294,
          0.5773502691896257
        ]
      },
      "end": {
        "xyz": [
          82.94215011031002,
          29.926657769052742,
          5.0
        ],
        "pose": [
          0.6251878695709294,
          -0.5251731089917202,
          0.5773502691896257
        ]
      }
    },
    {
      "start": {
        "xyz": [
          82.94215011031002,
          29.926657769052742,
          5.0
        ],
        "pose": [
          0.6251878695709294,
          -0.5251731089917202,
          0.5773502691896257
        ]
      },
      "end": {
        "xyz": [
          72.73893854416163,
          147.2830996955928,
          5.0
        ],
        "pose": [
          0.5251731089917202,
          0.6251878695709294,
          0.5773502691896257
        ]
      }
    },
    {
      "start": {
        "xyz": [
          72.73893854416163,
          147.2830996955928,
          5.0
        ],
        "pose": [
          0.5251731089917202,
          0.6251878695709294,
          0.5773502691896257
        ]
      },
      "end": {
        "xyz": [
          61.895825559902306,
          146.3403770465605,
          5.0
        ],
        "pose": [
          -0.6251878695709294,
          0.5251731089917202,
          0.5773502691896257
        ]
      }
    },
    {
      "start": {
        "xyz": [
          61.895825559902306,
          146.3403770465605,
          5.0
        ],
        "pose": [
          -0.6251878695709294,
          0.5251731089917202,
          0.5773502691896257
        ]
      },
      "end": {
        "xyz": [
          72.099037126046,
          28.98393512002,
          5.0
        ],
        "pose": [
          -0.5251731089917202,
          -0.6251878695709294,
          0.5773502691896257
        ]
      }
    }
  ]
}