{
  "welds": [
    {
      "start": {
        "xyz": [
          -78.97449916252828,
          -127.2479050603502,
          5.0
        ],
        "pose": [
          -0.5567195112378609,
          0.5972688276427492,
          0.5773502691896258
        ]
      },
      "end": {
        "xyz": [
          -79.37529404463181,
          -138.65408058285044,
          5.0
        ],
        "pose": [
          -0.5972688276427492,
          -0.5567195112378609,
          0.5773502691896258
        ]
      }
    },
    {
      "start": {
        "xyz": [
          -79.37529404463181,
          -138.65408058285044,
          5.0
        ],
        "pose": [
          -0.5972688276427492,
          -0.5567195112378609,
          0.5773502691896258
        ]
      },
      "end": {
        "xyz": [
          184.95554570734558,
          -147.9422462389002,
          5.0
        ],
        "pose": [
          0.5567195112378609,
          -0.5972688276427492,
          0.5773502691896258
        ]
      }
    },
    {
      "start": {
        "xyz": [
          184.95554570734558,
          -147.9422462389002,
          5.0
        ],
        "pose": [
          0.5567195112378609,
          -0.5972688276427492,
          0.5773502691896258
        ]
      },
      "end": {
        "xyz": [
          185.35634058945,
          -136.5360707164,
          5.0
        ],
        "pose": [
          0.5972688276427492,
          0.5567195112378609,
          0.5773502691896258
        ]
      }
    },
    {
      "start": {
        "xyz": [
          185.35634058945,
          -136.5360707164,
          5.0
        ],
        "pose": [
          0.5972688276427492,
          0.5567195112378609,
          0.5773502691896258
        ]
      },
      "end": {
        "xyz": [
          -78.97449916252828,
          -127.2479050603502,
          5.0
        ],
        "pose": [
          -0.5567195112378609,
          0.5972688276427492,
          0.5773502691896258
        ]
      }
    }
  ]
}