{
  "welds": [
    {
      "start": {
        "xyz": [
          -53.385912963133705,
          83.87021816830664,
          5.0
        ],
        "pose": [
          0.7496466988374809,
          0.32356837544595407,
          0.5773502691896258
        ]
      },
      "end": {
        "xyz": [
          -62.54741993033067,
          87.50743835078433,
          5.0
        ],
        "pose": [
          -0.32356837544595407,
          0.7496466988374809,
          0.5773502691896258
        ]
      }
    },
    {
      "start": {
        "xyz": [
          -62.54741993033067,
          87.50743835078433,
          5.0
        ],
        "pose": [
          -0.32356837544595407,
          0.7496466988374809,
          0.5773502691896258
        ]
      },
      "end": {
        "xyz": [
          -125.24605197059694,
          -70.41919942546225,
          5.0
        ],
        "pose": [
          -0.7496466988374809,
          -0.32356837544595407,
          0.5773502691896258
        ]
      }
    },
    {
      "start": {
        "xyz": [
          -125.24605197059694,
          -70.41919942546225,
          5.0
        ],
        "pose": [
          -0.7496466988374809,
          -0.32356837544595407,
          0.5773502691896258
        ]
      },
      "end": {
        "xyz": [
          -116.0845450034,
          -74.05641960794,
          5.0
        ],
        "pose": [
          0.32356837544595407,
          -0.7496466988374809,
          0.5773502691896258
        ]
      }
    },
    {
      "start": {
        "xyz": [
          -116.0845450034,
          -74.05641960794,
          5.0
        ],
        "pose": [
          0.32356837544595407,
          -0.7496466988374809,
          0.5773502691896258
        ]
      },
      "end": {
        "xyz": [
          -53.385912963133705,
          83.87021816830664,
          5.0
        ],
        "pose": [
          0.7496466988374809,
          0.32356837544595407,
          0.5773502691896258
        ]
      }
    }
  ]
}