{
  "welds": [
    {
      "start": {
        "xyz": [
          -58.671302796489385,
          75.1019751554807,
          5.0
        ],
        "pose": [
          0.7576284315119263,
          0.30441062141693637,
          0.5773502691896258
        ]
      },
      "end": {
        "xyz": [
          -68.5072273134816,
          79.29938781893897,
          5.0
        ],
        "pose": [
          -0.3044106214169363,
          0.7576284315119262,
          0.5773502691896257
        ]
      }
    },
    {
      "start": {
        "xyz": [
          -68.5072273134816,
          79.29938781893897,
          5.0
        ],
        "pose": [
          -0.3044106214169363,
          0.7576284315119262,
          0.5773502691896257
        ]
      },
      "end": {
        "xyz": [
          -130.59619181239222,
          -66.19556755348174,
          5.0
        ],
        "pose": [
          -0.7576284315119263,
          -0.30441062141693637,
          0.5773502691896258
        ]
      }
    },
    {
      "start": {
        "xyz": [
          -130.59619181239222,
          -66.19556755348174,
          5.0
        ],
        "pose": [
          -0.7576284315119263,
          -0.30441062141693637,
          0.5773502691896258
        ]
      },
      "end": {
        "xyz": [
          -120.7602672954,
          -70.39298021694,
          5.0
        ],
        "pose": [
          0.3044106214169363,
          -0.7576284315119262,
          0.5773502691896257
        ]
      }
    },
    {
      "start": {
        "xyz": [
          -120.7602672954,
          -70.39298021694,
          5.0
        ],
        "pose": [
          0.3044106214169363,
          -0.7576284315119262,
          0.5773502691896257
        ]
      },
      "end": {
        "xyz": [
          -58.671302796489385,
          75.1019751554807,
          5.0
        ],
        "pose": [
          0.7576284315119263,
          0.30441062141693637,
          0.5773502691896258
        ]
      }
    }
  ]
}