{
  "welds": [
    {
      "start": {
        "xyz": [
          -23.95658365969729,
          38.87838426606476,
          5.0
        ],
        "pose": [
          -0.17072923663601713,
          0.7984473648427612,
          0.5773502691896258
        ]
      },
      "end": {
        "xyz": [
          -31.445731143980694,
          27.315381413930485,
          5.0
        ],
        "pose": [
          -0.7984473648427612,
          -0.17072923663601713,
          0.5773502691896258
        ]
      }
    },
    {
      "start": {
        "xyz": [
          -31.445731143980694,
          27.315381413930485,
          5.0
        ],
        "pose": [
          -0.7984473648427612,
          -0.17072923663601713,
          0.5773502691896258
        ]
      },
      "end": {
        "xyz": [
          126.41142422126671,
          -74.92583854404435,
          5.0
        ],
        "pose": [
          0.17072923663601713,
          -0.7984473648427612,
          0.5773502691896258
        ]
      }
    },
    {
      "start": {
        "xyz": [
          126.41142422126671,
          -74.92583854404435,
          5.0
        ],
        "pose": [
          0.17072923663601713,
          -0.7984473648427612,
          0.5773502691896258
        ]
      },
      "end": {
        "xyz": [
          133.90057170555,
          -63.36283569191,
          5.0
        ],
        "pose": [
          0.7984473648427612,
          0.17072923663601713,
          0.5773502691896258
        ]
      }
    },
    {
      "start": {
        "xyz": [
          133.90057170555,
          -63.36283569191,
          5.0
        ],
        "pose": [
          0.7984473648427612,
          0.17072923663601713,
          0.5773502691896258
        ]
      },
      "end": {
        "xyz": [
          -23.95658365969729,
          38.87838426606476,
          5.0
        ],
        "pose": [
          -0.17072923663601713,
          0.7984473648427612,
          0.5773502691896258
        ]
      }
    }
  ]
}