{
  "welds": [
    {
      "start": {
        "xyz": [
          -10.91224619842,
          -45.74461730088,
          5.0
        ],
        "pose": [
          0.2422527668994836,
          -0.7797308917801136,
          0.5773502691896257
        ]
      },
      "end": {
        "xyz": [
          -22.367351128616544,
          -39.72018798060342,
          5.0
        ],
        "pose": [
          -0.7797308917801136,
          -0.2422527668994836,
          0.5773502691896257
        ]
      }
    },
    {
      "start": {
        "xyz": [
          -22.367351128616544,
          -39.72018798060342,
          5.0
        ],
        "pose": [
          -0.7797308917801136,
          -0.2422527668994836,
          0.5773502691896257
        ]
      },
      "end": {
        "xyz": [
          43.57884128870386,
          85.67269385548985,
          5.0
        ],
        "pose": [
          -0.2422527668994836,
          0.7797308917801136,
          0.5773502691896257
        ]
      }
    },
    {
      "start": {
        "xyz": [
          43.57884128870386,
          85.67269385548985,
          5.0
        ],
        "pose": [
          -0.2422527668994836,
          0.7797308917801136,
          0.5773502691896257
        ]
      },
      "end": {
        "xyz": [
          55.03394621890265,
          79.64826453521754,
          5.0
        ],
        "pose": [
          0.7797308917801136,
          0.2422527668994836,
          0.5773502691896257
        ]
      }
    },
    {
      "start": {
        "xyz": [
          55.03394621890265,
          79.64826453521754,
          5.0
        ],
        "pose": [
          0.7797308917801136,
          0.2422527668994836,
          0.5773502691896257
        ]
      },
      "end": {
        "xyz": [
          -10.91224619842,
          -45.74461730088,
          5.0
        ],
        "pose": [
          0.2422527668994836,
          -0.7797308917801136,
          0.5773502691896257
        ]
      }
    }
  ]
}