{
  "welds": [
    {
      "start": {
        "xyz": [
          28.868221822577,
          -69.34547968659,
          5.0
        ],
        "pose": [
          -0.15431694494934423,
          -0.8017811092612296,
          0.5773502691896257
        ]
      },
      "end": {
        "xyz": [
          37.254247153371416,
          -63.66651102977766,
          5.0
        ],
        "pose": [
          0.8017811092612296,
          -0.15431694494934423,
          0.5773502691896257
        ]
      }
    },
    {
      "start": {
        "xyz": [
          37.254247153371416,
          -63.66651102977766,
          5.0
        ],
        "pose": [
          0.8017811092612296,
          -0.15431694494934423,
          0.5773502691896257
        ]
      },
      "end": {
        "xyz": [
          -34.55276688212144,
          42.369544990368134,
          5.0
        ],
        "pose": [
          0.15431694494934423,
          0.8017811092612296,
          0.5773502691896257
        ]
      }
    },
    {
      "start": {
        "xyz": [
          -34.55276688212144,
          42.369544990368134,
          5.0
        ],
        "pose": [
          0.15431694494934423,
          0.8017811092612296,
          0.5773502691896257
        ]
      },
      "end": {
        "xyz": [
          -42.93879221292008,
          36.69057633355296,
          5.0
        ],
        "pose": [
          -0.8017811092612296,
          0.15431694494934423,
          0.5773502691896257
        ]
      }
    },
    {
      "start": {
        "xyz": [
          -42.93879221292008,
          36.69057633355296,
          5.0
        ],
        "pose": [
          -0.8017811092612296,
          0.15431694494934423,
          0.5773502691896257
        ]
      },
      "end": {
        "xyz": [
          28.868221822577,
          -69.34547968659,
          5.0
        ],
        "pose": [
          -0.15431694494934423,
          -0.8017811092612296,
          0.5773502691896257
        ]
      }
    }
  ]
}