{
  "welds": [
    {
      "start": {
        "xyz": [
          54.860212126395,
          -116.6427336902,
          5.0
        ],
        "pose": [
          0.21151427779252685,
          -0.788624357318852,
          0.5773502691896257
        ]
      },
      "end": {
        "xyz": [
          63.41419671751512,
          -101.81857660608102,
          5.0
        ],
        "pose": [
          0.7886243573188522,
          0.21151427779252688,
          0.5773502691896258
        ]
      }
    },
    {
      "start": {
        "xyz": [
          63.41419671751512,
          -101.81857660608102,
          5.0
        ],
        "pose": [
          0.7886243573188522,
          0.21151427779252688,
          0.5773502691896258
        ]
      },
      "end": {
        "xyz": [
          -67.43408844913033,
          -26.315179769489806,
          5.0
        ],
        "pose": [
          -0.21151427779252685,
          0.788624357318852,
          0.5773502691896257
        ]
      }
    },
    {
      "start": {
        "xyz": [
          -67.43408844913033,
          -26.315179769489806,
          5.0
        ],
        "pose": [
          -0.21151427779252685,
          0.788624357318852,
          0.5773502691896257
        ]
      },
      "end": {
        "xyz": [
          -75.98807304025702,
          -41.1393368536201,
          5.0
        ],
        "pose": [
          -0.7886243573188522,
          -0.21151427779252688,
          0.5773502691896258
        ]
      }
    },
    {
      "start": {
        "xyz": [
          -75.98807304025702,
          -41.1393368536201,
          5.0
        ],
        "pose": [
          -0.7886243573188522,
          -0.21151427779252688,
          0.5773502691896258
        ]
      },
      "end": {
        "xyz": [
          54.860212126395,
          -116.6427336902,
          5.0
        ],
        "pose": [
          0.21151427779252685,
          -0.788624357318852,
          0.5773502691896257
        ]
      }
    }
  ]
}