{
  "welds": [
    {
      "start": {
        "xyz": [
          -132.65991287278717,
          9.105286313399441,
          5.0
        ],
        "pose": [
          -0.7754986756601006,
          -0.25547694752383615,
          0.5773502691896258
        ]
      },
      "end": {
        "xyz": [
          -125.8126530422427,
          22.6804074841981,
          5.0
        ],
        "pose": [
          -0.25547694752383615,
          0.7754986756601006,
          0.5773502691896258
        ]
      }
    },
    {
      "start": {
        "xyz": [
          -125.8126530422427,
          22.6804074841981,
          5.0
        ],
        "pose": [
          -0.25547694752383615,
          0.7754986756601006,
          0.5773502691896258
        ]
      },
      "end": {
        "xyz": [
          83.47123968050266,
          -82.88190564654134,
          5.0
        ],
        "pose": [
          0.7754986756601006,
          0.25547694752383615,
          0.5773502691896258
        ]
      }
    },
    {
      "start": {
        "xyz": [
          83.47123968050266,
          -82.88190564654134,
          5.0
        ],
        "pose": [
          0.7754986756601006,
          0.25547694752383615,
          0.5773502691896258
        ]
      },
      "end": {
        "xyz": [
          76.623979849933,
          -96.45702681739,
          5.0
        ],
        "pose": [
          0.25547694752383615,
          -0.7754986756601006,
          0.5773502691896258
        ]
      }
    },
    {
      "start": {
        "xyz": [
          76.623979849933,
          -96.45702681739,
          5.0
        ],
        "pose": [
          0.25547694752383615,
          -0.7754986756601006,
          0.5773502691896258
        ]
      },
      "end": {
        "xyz": [
          -132.65991287278717,
          9.105286313399441,
          5.0
        ],
        "pose": [
          -0.7754986756601006,
          -0.25547694752383615,
          0.5773502691896258
        ]
      }
    }
  ]
}