{
  "welds": [
    {
      "start": {
        "xyz": [
          -85.48862515343,
          -91.56310234737,
          5.0
        ],
        "pose": [
          -0.36809089208873974,
          -0.7288180581105154,
          0.5773502691896258
        ]
      },
      "end": {
        "xyz": [
          -88.68715657159491,
          -81.83692125939832,
          5.0
        ],
        "pose": [
          -0.7288180581105154,
          0.3680908920887397,
          0.5773502691896258
        ]
      }
    },
    {
      "start": {
        "xyz": [
          -88.68715657159491,
          -81.83692125939832,
          5.0
        ],
        "pose": [
          -0.7288180581105154,
          0.3680908920887397,
          0.5773502691896258
        ]
      },
      "end": {
        "xyz": [
          133.59273887083754,
          -8.738423219064147,
          5.0
        ],
        "pose": [
          0.36809089208873974,
          0.7288180581105154,
          0.5773502691896258
        ]
      }
    },
    {
      "start": {
        "xyz": [
          133.59273887083754,
          -8.738423219064147,
          5.0
        ],
        "pose": [
          0.36809089208873974,
          0.7288180581105154,
          0.5773502691896258
        ]
      },
      "end": {
        "xyz": [
          136.79127028899643,
          -18.464604307037803,
          5.0
        ],
        "pose": [
          0.7288180581105154,
          -0.3680908920887397,
          0.5773502691896258
        ]
      }
    },
    {
      "start": {
        "xyz": [
          136.79127028899643,
          -18.464604307037803,
          5.0
        ],
        "pose": [
          0.7288180581105154,
          -0.3680908920887397,
          0.5773502691896258
        ]
      },
      "end": {
        "xyz": [
          -85.48862515343,
          -91.56310234737,
          5.0
        ],
        "pose": [
          -0.36809089208873974,
          -0.7288180581105154,
          0.5773502691896258
        ]
      }
    }
  ]
}