{
  "welds": [
    {
      "start": {
        "xyz": [
          -37.14675067662,
          93.376747096832,
          5.0
        ],
        "pose": [
          0.7932119301214945,
          0.1936013961199661,
          0.5773502691896258
        ]
      },
      "end": {
        "xyz": [
          -49.56517942107722,
          100.92247078429457,
          5.0
        ],
        "pose": [
          -0.1936013961199661,
          0.7932119301214945,
          0.5773502691896258
        ]
      }
    },
    {
      "start": {
        "xyz": [
          -49.56517942107722,
          100.92247078429457,
          5.0
        ],
        "pose": [
          -0.1936013961199661,
          0.7932119301214945,
          0.5773502691896258
        ]
      },
      "end": {
        "xyz": [
          -105.99284708549722,
          8.056233014237577,
          5.0
        ],
        "pose": [
          -0.7932119301214945,
          -0.1936013961199661,
          0.5773502691896258
        ]
      }
    },
    {
      "start": {
        "xyz": [
          -105.99284708549722,
          8.056233014237577,
          5.0
        ],
        "pose": [
          -0.7932119301214945,
          -0.1936013961199661,
          0.5773502691896258
        ]
      },
      "end": {
        "xyz": [
          -93.57441834107168,
          0.5105093267942206,
          5.0
        ],
        "pose": [
          0.1936013961199661,
          -0.7932119301214945,
          0.5773502691896258
        ]
      }
    },
    {
      "start": {
        "xyz": [
          -93.57441834107168,
          0.5105093267942206,
          5.0
        ],
        "pose": [
          0.1936013961199661,
          -0.7932119301214945,
          0.5773502691896258
        ]
      },
      "end": {
        "xyz": [
          -37.14675067662,
          93.376747096832,
          5.0
        ],
        "pose": [
          0.7932119301214945,
          0.1936013961199661,
          0.5773502691896258
        ]
      }
    }
  ]
}