{
  "welds": [
    {
      "start": {
        "xyz": [
          -181.20588072903047,
          -50.049188504400256,
          5.0
        ],
        "pose": [
          -0.05792271431680652,
          -0.8144394549828983,
          0.5773502691896258
        ]
      },
      "end": {
        "xyz": [
          -191.75098724292164,
          -37.88930954936877,
          5.0
        ],
        "pose": [
          -0.8144394549828983,
          0.05792271431680652,
          0.5773502691896258
        ]
      }
    },
    {
      "start": {
        "xyz": [
          -191.75098724292164,
          -37.88930954936877,
          5.0
        ],
        "pose": [
          -0.8144394549828983,
          0.05792271431680652,
          0.5773502691896258
        ]
      },
      "end": {
        "xyz": [
          69.97463180941952,
          189.08042761054526,
          5.0
        ],
        "pose": [
          0.05792271431680652,
          0.8144394549828983,
          0.5773502691896258
        ]
      }
    },
    {
      "start": {
        "xyz": [
          69.97463180941952,
          189.08042761054526,
          5.0
        ],
        "pose": [
          0.05792271431680652,
          0.8144394549828983,
          0.5773502691896258
        ]
      },
      "end": {
        "xyz": [
          80.519738323262,
          176.92054865557,
          5.0
        ],
        "pose": [
          0.8144394549828983,
          -0.05792271431680652,
          0.5773502691896258
        ]
      }
    },
    {
      "start": {
        "xyz": [
          80.519738323262,
          176.92054865557,
          5.0
        ],
        "pose": [
          0.8144394549828983,
          -0.05792271431680652,
          0.5773502691896258
        ]
      },
      "end": {
        "xyz": [
          -181.20588072903047,
          -50.049188504400256,
          5.0
        ],
        "pose": [
          -0.05792271431680652,
          -0.8144394549828983,
          0.5773502691896258
        ]
      }
    }
  ]
}