{
  "welds": [
    {
      "start": {
        "xyz": [
          -64.70313823943,
          143.13178015451,
          5.0
        ],
        "pose": [
          0.7643845022767255,
          0.2870243880680342,
          0.5773502691896258
        ]
      },
      "end": {
        "xyz": [
          -76.2380176537049,
          148.36884007015922,
          5.0
        ],
        "pose": [
          -0.2870243880680342,
          0.7643845022767255,
          0.5773502691896258
        ]
      }
    },
    {
      "start": {
        "xyz": [
          -76.2380176537049,
          148.36884007015922,
          5.0
        ],
        "pose": [
          -0.2870243880680342,
          0.7643845022767255,
          0.5773502691896258
        ]
      },
      "end": {
        "xyz": [
          -193.51251523901485,
          -109.93395000723267,
          5.0
        ],
        "pose": [
          -0.7643845022767255,
          -0.2870243880680342,
          0.5773502691896258
        ]
      }
    },
    {
      "start": {
        "xyz": [
          -193.51251523901485,
          -109.93395000723267,
          5.0
        ],
        "pose": [
          -0.7643845022767255,
          -0.2870243880680342,
          0.5773502691896258
        ]
      },
      "end": {
        "xyz": [
          -181.97763582462758,
          -115.17100992293292,
          5.0
        ],
        "pose": [
          0.2870243880680342,
          -0.7643845022767255,
          0.5773502691896258
        ]
      }
    },
    {
      "start": {
        "xyz": [
          -181.97763582462758,
          -115.17100992293292,
          5.0
        ],
        "pose": [
          0.2870243880680342,
          -0.7643845022767255,
          0.5773502691896258
        ]
      },
      "end": {
        "xyz": [
          -64.70313823943,
          143.13178015451,
          5.0
        ],
        "pose": [
          0.7643845022767255,
          0.2870243880680342,
          0.5773502691896258
        ]
      }
    }
  ]
}