{
  "welds": [
    {
      "start": {
        "xyz": [
          -92.03446846976833,
          46.19539591944233,
          5.0
        ],
        "pose": [
          -0.8053060084840333,
          -0.13471785095591746,
          0.5773502691896258
        ]
      },
      "end": {
        "xyz": [
          -82.26749261987122,
          59.88664625007787,
          5.0
        ],
        "pose": [
          -0.13471785095591746,
          0.8053060084840333,
          0.5773502691896258
        ]
      }
    },
    {
      "start": {
        "xyz": [
          -82.26749261987122,
          59.88664625007787,
          5.0
        ],
        "pose": [
          -0.13471785095591746,
          0.8053060084840333,
          0.5773502691896258
        ]
      },
      "end": {
        "xyz": [
          45.22022528772053,
          -31.059719632641094,
          5.0
        ],
        "pose": [
          0.8053060084840333,
          0.13471785095591746,
          0.5773502691896258
        ]
      }
    },
    {
      "start": {
        "xyz": [
          45.22022528772053,
          -31.059719632641094,
          5.0
        ],
        "pose": [
          0.8053060084840333,
          0.13471785095591746,
          0.5773502691896258
        ]
      },
      "end": {
        "xyz": [
          35.453249437821,
          -44.75096996328,
          5.0
        ],
        "pose": [
          0.13471785095591746,
          -0.8053060084840333,
          0.5773502691896258
        ]
      }
    },
    {
      "start": {
        "xyz": [
          35.453249437821,
          -44.75096996328,
          5.0
        ],
        "pose": [
          0.13471785095591746,
          -0.8053060084840333,
          0.5773502691896258
        ]
      },
      "end": {
        "xyz": [
          -92.03446846976833,
          46.19539591944233,
          5.0
        ],
        "pose": [
          -0.8053060084840333,
          -0.13471785095591746,
          0.5773502691896258
        ]
      }
    }
  ]
}