{
  "welds": [
    {
      "start": {
        "xyz": [
          -32.256085183711626,
          -139.28913553136601,
          5.0
        ],
        "pose": [
          -0.049831941200493904,
          -0.8149745053085141,
          0.5773502691896257
        ]
      },
      "end": {
        "xyz": [
          -41.76299790985147,
          -128.54389693449244,
          5.0
        ],
        "pose": [
          -0.8149745053085141,
          0.04983194120049384,
          0.5773502691896258
        ]
      }
    },
    {
      "start": {
        "xyz": [
          -41.76299790985147,
          -128.54389693449244,
          5.0
        ],
        "pose": [
          -0.8149745053085141,
          0.04983194120049384,
          0.5773502691896258
        ]
      },
      "end": {
        "xyz": [
          87.1937116955196,
          -14.448693499541243,
          5.0
        ],
        "pose": [
          0.049831941200493904,
          0.8149745053085141,
          0.5773502691896257
        ]
      }
    },
    {
      "start": {
        "xyz": [
          87.1937116955196,
          -14.448693499541243,
          5.0
        ],
        "pose": [
          0.049831941200493904,
          0.8149745053085141,
          0.5773502691896257
        ]
      },
      "end": {
        "xyz": [
          96.700624421611,
          -25.19393209636,
          5.0
        ],
        "pose": [
          0.8149745053085141,
          -0.04983194120049384,
          0.5773502691896258
        ]
      }
    },
    {
      "start": {
        "xyz": [
          96.700624421611,
          -25.19393209636,
          5.0
        ],
        "pose": [
          0.8149745053085141,
          -0.04983194120049384,
          0.5773502691896258
        ]
      },
      "end": {
        "xyz": [
          -32.256085183711626,
          -139.28913553136601,
          5.0
        ],
        "pose": [
          -0.049831941200493904,
          -0.8149745053085141,
          0.5773502691896257
        ]
      }
    }
  ]
}