{
  "welds": [
    {
      "start": {
        "xyz": [
          28.299760288229,
          -55.81196075668,
          5.0
        ],
        "pose": [
          0.7227168688441993,
          -0.379930249065145,
          0.5773502691896257
        ]
      },
      "end": {
        "xyz": [
          14.361216451245967,
          -60.14512070324634,
          5.0
        ],
        "pose": [
          -0.379930249065145,
          -0.7227168688441993,
          0.5773502691896257
        ]
      }
    },
    {
      "start": {
        "xyz": [
          14.361216451245967,
          -60.14512070324634,
          5.0
        ],
        "pose": [
          -0.379930249065145,
          -0.7227168688441993,
          0.5773502691896257
        ]
      },
      "end": {
        "xyz": [
          -32.165414412132186,
          89.5178254776847,
          5.0
        ],
        "pose": [
          -0.7227168688441993,
          0.379930249065145,
          0.5773502691896257
        ]
      }
    },
    {
      "start": {
        "xyz": [
          -32.165414412132186,
          89.5178254776847,
          5.0
        ],
        "pose": [
          -0.7227168688441993,
          0.379930249065145,
          0.5773502691896257
        ]
      },
      "end": {
        "xyz": [
          -18.226870575147032,
          93.8509854242442,
          5.0
        ],
        "pose": [
          0.379930249065145,
          0.7227168688441993,
          0.5773502691896257
        ]
      }
    },
    {
      "start": {
        "xyz": [
          -18.226870575147032,
          93.8509854242442,
          5.0
        ],
        "pose": [
          0.379930249065145,
          0.7227168688441993,
          0.5773502691896257
        ]
      },
      "end": {
        "xyz": [
          28.299760288229,
          -55.81196075668,
          5.0
        ],
        "pose": [
          0.7227168688441993,
          -0.379930249065145,
          0.5773502691896257
        ]
      }
    }
  ]
}