{
  "welds": [
    {
      "start": {
        "xyz": [
          -90.66239071178,
          -105.141198445,
          5.0
        ],
        "pose": [
          -0.27942601743602946,
          -0.7671947389330211,
          0.5773502691896258
        ]
      },
      "end": {
        "xyz": [
          -98.00292344427787,
          -89.39038544276434,
          5.0
        ],
        "pose": [
          -0.7671947389330211,
          0.27942601743602946,
          0.5773502691896258
        ]
      }
    },
    {
      "start": {
        "xyz": [
          -98.00292344427787,
          -89.39038544276434,
          5.0
        ],
        "pose": [
          -0.7671947389330211,
          0.27942601743602946,
          0.5773502691896258
        ]
      },
      "end": {
        "xyz": [
          95.68916717077512,
          0.8781696460382399,
          5.0
        ],
        "pose": [
          0.27942601743602946,
          0.7671947389330211,
          0.5773502691896258
        ]
      }
    },
    {
      "start": {
        "xyz": [
          95.68916717077512,
          0.8781696460382399,
          5.0
        ],
        "pose": [
          0.27942601743602946,
          0.7671947389330211,
          0.5773502691896258
        ]
      },
      "end": {
        "xyz": [
          103.02969990326471,
          -14.872643356201273,
          5.0
        ],
        "pose": [
          0.7671947389330211,
          -0.27942601743602946,
          0.5773502691896258
        ]
      }
    },
    {
      "start": {
        "xyz": [
          103.02969990326471,
          -14.872643356201273,
          5.0
        ],
        "pose": [
          0.7671947389330211,
          -0.27942601743602946,
          0.5773502691896258
        ]
      },
      "end": {
        "xyz": [
          -90.66239071178,
          -105.141198445,
          5.0
        ],
        "pose": [
          -0.27942601743602946,
          -0.7671947389330211,
          0.5773502691896258
        ]
      }
    }
  ]
}