{
  "welds": [
    {
      "start": {
        "xyz": [
          -51.685732437703635,
          134.64157117826883,
          5.0
        ],
        "pose": [
          -0.3665574948129347,
          0.729590480792569,
          0.5773502691896257
        ]
      },
      "end": {
        "xyz": [
          -54.5324805714961,
          126.04605141993135,
          5.0
        ],
        "pose": [
          -0.729590480792569,
          -0.3665574948129347,
          0.5773502691896257
        ]
      }
    },
    {
      "start": {
        "xyz": [
          -54.5324805714961,
          126.04605141993135,
          5.0
        ],
        "pose": [
          -0.729590480792569,
          -0.3665574948129347,
          0.5773502691896257
        ]
      },
      "end": {
        "xyz": [
          130.45527046465682,
          64.78000238014275,
          5.0
        ],
        "pose": [
          0.3665574948129347,
          -0.729590480792569,
          0.5773502691896257
        ]
      }
    },
    {
      "start": {
        "xyz": [
          130.45527046465682,
          64.78000238014275,
          5.0
        ],
        "pose": [
          0.3665574948129347,
          -0.729590480792569,
          0.5773502691896257
        ]
      },
      "end": {
        "xyz": [
          133.30201859845,
          73.37552213848,
          5.0
        ],
        "pose": [
          0.729590480792569,
          0.3665574948129347,
          0.5773502691896257
        ]
      }
    },
    {
      "start": {
        "xyz": [
          133.30201859845,
          73.37552213848,
          5.0
        ],
        "pose": [
          0.729590480792569,
          0.3665574948129347,
          0.5773502691896257
        ]
      },
      "end": {
        "xyz": [
          -51.685732437703635,
          134.64157117826883,
          5.0
        ],
        "pose": [
          -0.3665574948129347,
          0.729590480792569,
          0.5773502691896257
        ]
      }
    }
  ]
}