{
  "welds": [
    {
      "start": {
        "xyz": [
          83.324778331163,
          -95.15779900324,
          5.0
        ],
        "pose": [
          0.2624862237634061,
          -0.7731543500499067,
          0.5773502691896258
        ]
      },
      "end": {
        "xyz": [
          88.2035188724846,
          -85.26365955411782,
          5.0
        ],
        "pose": [
          0.7731543500499067,
          0.2624862237634061,
          0.5773502691896258
        ]
      }
    },
    {
      "start": {
        "xyz": [
          88.2035188724846,
          -85.26365955411782,
          5.0
        ],
        "pose": [
          0.7731543500499067,
          0.2624862237634061,
          0.5773502691896258
        ]
      },
      "end": {
        "xyz": [
          -92.87098138137604,
          4.02308538529698,
          5.0
        ],
        "pose": [
          -0.2624862237634061,
          0.7731543500499067,
          0.5773502691896258
        ]
      }
    },
    {
      "start": {
        "xyz": [
          -92.87098138137604,
          4.02308538529698,
          5.0
        ],
        "pose": [
          -0.2624862237634061,
          0.7731543500499067,
          0.5773502691896258
        ]
      },
      "end": {
        "xyz": [
          -97.74972192272634,
          -5.871054063883417,
          5.0
        ],
        "pose": [
          -0.7731543500499067,
          -0.2624862237634061,
          0.5773502691896258
        ]
      }
    },
    {
      "start": {
        "xyz": [
          -97.74972192272634,
          -5.871054063883417,
          5.0
        ],
        "pose": [
          -0.7731543500499067,
          -0.2624862237634061,
          0.5773502691896258
        ]
      },
      "end": {
        "xyz": [
          83.324778331163,
          -95.15779900324,
          5.0
        ],
        "pose": [
          0.2624862237634061,
          -0.7731543500499067,
          0.5773502691896258
        ]
      }
    }
  ]
}