{
  "welds": [
    {
      "start": {
        "xyz": [
          -142.1825108827035,
          -60.94838881612152,
          5.0
        ],
        "pose": [
          -0.7194024583420642,
          -0.3861693535200086,
          0.5773502691896258
        ]
      },
      "end": {
        "xyz": [
          -138.0927748551672,
          -47.379818333259884,
          5.0
        ],
        "pose": [
          -0.38616935352000853,
          0.7194024583420642,
          0.5773502691896257
        ]
      }
    },
    {
      "start": {
        "xyz": [
          -138.0927748551672,
          -47.379818333259884,
          5.0
        ],
        "pose": [
          -0.38616935352000853,
          0.7194024583420642,
          0.5773502691896257
        ]
      },
      "end": {
        "xyz": [
          93.84183697149902,
          -117.28779715960272,
          5.0
        ],
        "pose": [
          0.7194024583420642,
          0.3861693535200086,
          0.5773502691896258
        ]
      }
    },
    {
      "start": {
        "xyz": [
          93.84183697149902,
          -117.28779715960272,
          5.0
        ],
        "pose": [
          0.7194024583420642,
          0.3861693535200086,
          0.5773502691896258
        ]
      },
      "end": {
        "xyz": [
          89.752100943952,
          -130.8563676425,
          5.0
        ],
        "pose": [
          0.38616935352000853,
          -0.7194024583420642,
          0.5773502691896257
        ]
      }
    },
    {
      "start": {
        "xyz": [
          89.752100943952,
          -130.8563676425,
          5.0
        ],
        "pose": [
          0.38616935352000853,
          -0.7194024583420642,
          0.5773502691896257
        ]
      },
      "end": {
        "xyz": [
          -142.1825108827035,
          -60.94838881612152,
          5.0
        ],
        "pose": [
          -0.7194024583420642,
          -0.3861693535200086,
          0.5773502691896258
        ]
      }
    }
  ]
}