{
  "welds": [
    {
      "start": {
        "xyz": [
          129.58198135555,
          17.209358073038,
          5.0
        ],
        "pose": [
          0.8164559536679692,
          -0.008145083596480673,
          0.5773502691896258
        ]
      },
      "end": {
        "xyz": [
          119.0702527485199,
          27.932933164924112,
          5.0
        ],
        "pose": [
          0.008145083596480673,
          0.8164559536679692,
          0.5773502691896258
        ]
      }
    },
    {
      "start": {
        "xyz": [
          119.0702527485199,
          27.932933164924112,
          5.0
        ],
        "pose": [
          0.008145083596480673,
          0.8164559536679692,
          0.5773502691896258
        ]
      },
      "end": {
        "xyz": [
          -23.965859715646992,
          -112.27747076680684,
          5.0
        ],
        "pose": [
          -0.8164559536679692,
          0.008145083596480673,
          0.5773502691896258
        ]
      }
    },
    {
      "start": {
        "xyz": [
          -23.965859715646992,
          -112.27747076680684,
          5.0
        ],
        "pose": [
          -0.8164559536679692,
          0.008145083596480673,
          0.5773502691896258
        ]
      },
      "end": {
        "xyz": [
          -13.454131108507069,
          -123.00104585880501,
          5.0
        ],
        "pose": [
          -0.008145083596480673,
          -0.8164559536679692,
          0.5773502691896258
        ]
      }
    },
    {
      "start": {
        "xyz": [
          -13.454131108507069,
          -123.00104585880501,
          5.0
        ],
        "pose": [
          -0.008145083596480673,
          -0.8164559536679692,
          0.5773502691896258
        ]
      },
      "end": {
        "xyz": [
          129.58198135555,
          17.209358073038,
          5.0
        ],
        "pose": [
          0.8164559536679692,
          -0.008145083596480673,
          0.5773502691896258
        ]
      }
    }
  ]
}