{
  "welds": [
    {
      "start": {
        "xyz": [
          -52.12911255305,
          129.30489562233,
          5.0
        ],
        "pose": [
          0.774031419048993,
          0.2598884933806592,
          0.5773502691896257
        ]
      },
      "end": {
        "xyz": [
          -61.405647447412996,
          133.91788811170397,
          5.0
        ],
        "pose": [
          -0.2598884933806592,
          0.774031419048993,
          0.5773502691896257
        ]
      }
    },
    {
      "start": {
        "xyz": [
          -61.405647447412996,
          133.91788811170397,
          5.0
        ],
        "pose": [
          -0.2598884933806592,
          0.774031419048993,
          0.5773502691896257
        ]
      },
      "end": {
        "xyz": [
          -114.78912092849347,
          26.565956438189126,
          5.0
        ],
        "pose": [
          -0.774031419048993,
          -0.2598884933806592,
          0.5773502691896257
        ]
      }
    },
    {
      "start": {
        "xyz": [
          -114.78912092849347,
          26.565956438189126,
          5.0
        ],
        "pose": [
          -0.774031419048993,
          -0.2598884933806592,
          0.5773502691896257
        ]
      },
      "end": {
        "xyz": [
          -105.51258603414492,
          21.952963948822315,
          5.0
        ],
        "pose": [
          0.2598884933806592,
          -0.774031419048993,
          0.5773502691896257
        ]
      }
    },
    {
      "start": {
        "xyz": [
          -105.51258603414492,
          21.952963948822315,
          5.0
        ],
        "pose": [
          0.2598884933806592,
          -0.774031419048993,
          0.5773502691896257
        ]
      },
      "end": {
        "xyz": [
          -52.12911255305,
          129.30489562233,
          5.0
        ],
        "pose": [
          0.774031419048993,
          0.2598884933806592,
          0.5773502691896257
        ]
      }
    }
  ]
}