{
  "welds": [
    {
      "start": {
        "xyz": [
          133.45991629473,
          17.066179957781,
          5.0
        ],
        "pose": [
          0.5394391234616509,
          -0.6129209563602737,
          0.5773502691896257
        ]
      },
      "end": {
        "xyz": [
          134.2537541131824,
          29.51533882810385,
          5.0
        ],
        "pose": [
          0.6129209563602737,
          0.5394391234616508,
          0.5773502691896256
        ]
      }
    },
    {
      "start": {
        "xyz": [
          134.2537541131824,
          29.51533882810385,
          5.0
        ],
        "pose": [
          0.6129209563602737,
          0.5394391234616508,
          0.5773502691896256
        ]
      },
      "end": {
        "xyz": [
          -126.64011251694745,
          46.15159675449804,
          5.0
        ],
        "pose": [
          -0.5394391234616509,
          0.6129209563602737,
          0.5773502691896257
        ]
      }
    },
    {
      "start": {
        "xyz": [
          -126.64011251694745,
          46.15159675449804,
          5.0
        ],
        "pose": [
          -0.5394391234616509,
          0.6129209563602737,
          0.5773502691896257
        ]
      },
      "end": {
        "xyz": [
          -127.43395033540033,
          33.702437884169186,
          5.0
        ],
        "pose": [
          -0.6129209563602737,
          -0.5394391234616508,
          0.5773502691896256
        ]
      }
    },
    {
      "start": {
        "xyz": [
          -127.43395033540033,
          33.702437884169186,
          5.0
        ],
        "pose": [
          -0.6129209563602737,
          -0.5394391234616508,
          0.5773502691896256
        ]
      },
      "end": {
        "xyz": [
          133.45991629473,
          17.066179957781,
          5.0
        ],
        "pose": [
          0.5394391234616509,
          -0.6129209563602737,
          0.5773502691896257
        ]
      }
    }
  ]
}