{
  "welds": [
    {
      "start": {
        "xyz": [
          104.56885754443,
          -41.95775913213,
          5.0
        ],
        "pose": [
          0.8058184934523407,
          0.13161771262587213,
          0.5773502691896258
        ]
      },
      "end": {
        "xyz": [
          95.74742592211962,
          -54.22343669788397,
          5.0
        ],
        "pose": [
          0.13161771262587213,
          -0.8058184934523407,
          0.5773502691896258
        ]
      }
    },
    {
      "start": {
        "xyz": [
          95.74742592211962,
          -54.22343669788397,
          5.0
        ],
        "pose": [
          0.13161771262587213,
          -0.8058184934523407,
          0.5773502691896258
        ]
      },
      "end": {
        "xyz": [
          -50.31954800444406,
          50.82741074722989,
          5.0
        ],
        "pose": [
          -0.8058184934523407,
          -0.13161771262587213,
          0.5773502691896258
        ]
      }
    },
    {
      "start": {
        "xyz": [
          -50.31954800444406,
          50.82741074722989,
          5.0
        ],
        "pose": [
          -0.8058184934523407,
          -0.13161771262587213,
          0.5773502691896258
        ]
      },
      "end": {
        "xyz": [
          -41.498116382139614,
          63.09308831298813,
          5.0
        ],
        "pose": [
          -0.13161771262587213,
          0.8058184934523407,
          0.5773502691896258
        ]
      }
    },
    {
      "start": {
        "xyz": [
          -41.498116382139614,
          63.09308831298813,
          5.0
        ],
        "pose": [
          -0.13161771262587213,
          0.8058184934523407,
          0.5773502691896258
        ]
      },
      "end": {
        "xyz": [
          104.56885754443,
          -41.95775913213,
          5.0
        ],
        "pose": [
          0.8058184934523407,
          0.13161771262587213,
          0.5773502691896258
        ]
      }
    }
  ]
}