{
    "contact_edges": {
        "1": {
            "type": "line",
            "start": [
                -84.36178149426,
                -100.7451395708,
                5.0
            ],
            "end": [
                -110.88425062162666,
                71.68247283243294,
                5.0
            ],
            "length": 174.45550403381273,
            "solid_ids": [
                1,
                2
            ],
            "preferred_normal": [
                -0.9131402463992219,
                -0.14045739923279976,
                0.38268343236508984
            ]
        },
        "2": {
            "type": "line",
            "start": [
                -84.36178149426,
                -100.7451395708,
                5.0
            ],
            "end": [
                -69.46576430064502,
                -98.4538641153674,
                5.0
            ],
            "length": 15.071206701692503,
            "solid_ids": [
                1,
                2
            ],
            "preferred_normal": [
                0.14045739923279976,
                -0.9131402463992219,
                0.38268343236508984
            ]
        },
        "3": {
            "type": "line",
            "start": [
                -110.8842506216,
                71.682472832437,
                5.0
            ],
            "end": [
                -95.98823342801897,
                73.9737482878644,
                5.0
            ],
            "length": 15.071206701658156,
            "solid_ids": [
                1,
                2
            ],
            "preferred_normal": [
                -0.14045739923279976,
                0.9131402463992219,
                0.38268343236508984
            ]
        },
        "4": {
            "type": "line",
            "start": [
                -69.46576430064,
                -98.4538641154,
                5.0
            ],
            "end": [
                -95.98823342801269,
                73.97374828787216,
                5.0
            ],
            "length": 174.4555040338524,
            "solid_ids": [
                1,
                2
            ],
            "preferred_normal": [
                0.9131402463992219,
                0.14045739923279976,
                0.38268343236508984
            ]
        },
        "5": {
            "type": "line",
            "start": [
                -6.068648387535,
                -84.14361518221,
                15.0
            ],
            "end": [
                -6.068648387535,
                -84.14361518221,
                52.009044073425
            ],
            "length": 37.009044073425,
            "solid_ids": [
                3,
                5
            ],
            "preferred_normal": [
                -0.2377776751744677,
                -0.9713196060970999,
                0.0
            ]
        },
        "6": {
            "type": "line",
            "start": [
                -6.068648387525359,
                -84.1436151822085,
                15.0
            ],
            "end": [
                -7.453457417891673,
                -75.14070849226839,
                15.0
            ],
            "length": 9.108788334260087,
            "solid_ids": [
                3,
                5
            ],
            "preferred_normal": [
                -0.37823507440726684,
                -0.05817935969787792,
                -0.9238795325112871
            ]
        },
        "7": {
            "type": "line",
            "start": [
                -6.068648387535,
                -84.14361518221,
                52.009044073425
            ],
            "end": [
                -7.453457417901313,
                -75.14070849226988,
                52.009044073425
            ],
            "length": 9.108788334260087,
            "solid_ids": [
                3,
                5
            ],
            "preferred_normal": [
                -0.37823507440726756,
                -0.058179359697878026,
                0.9238795325112866
            ]
        },
        "8": {
            "type": "line",
            "start": [
                -7.453457417902,
                -75.14070849227,
                15.0
            ],
            "end": [
                -7.453457417902,
                -75.14070849227,
                52.009044073425
            ],
            "length": 37.009044073425,
            "solid_ids": [
                3,
                5
            ],
            "preferred_normal": [
                -0.5186924736400672,
                0.8549608867013438,
                0.0
            ]
        },
        "9": {
            "type": "line",
            "start": [
                -60.26699818523,
                -92.48029652477,
                5.0
            ],
            "end": [
                -15.952407192289566,
                -85.66391511624273,
                5.0
            ],
            "length": 44.83576731113357,
            "solid_ids": [
                1,
                5
            ],
            "preferred_normal": [
                0.14045739923279976,
                -0.9131402463992219,
                0.38268343236508984
            ]
        },
        "10": {
            "type": "line",
            "start": [
                -60.2669981852293,
                -92.48029652476988,
                5.0
            ],
            "end": [
                -61.651807215595674,
                -83.47738983482932,
                5.0
            ],
            "length": 9.108788334260531,
            "solid_ids": [
                1,
                5
            ],
            "preferred_normal": [
                -0.9131402463992219,
                -0.14045739923279976,
                0.38268343236508984
            ]
        },
        "11": {
            "type": "line",
            "start": [
                -15.952407192276825,
                -85.66391511623797,
                5.0
            ],
            "end": [
                -17.337216222642976,
                -76.6610084262989,
                5.0
            ],
            "length": 9.108788334259023,
            "solid_ids": [
                1,
                5
            ],
            "preferred_normal": [
                0.9131402463992219,
                0.14045739923279976,
                0.3826834323650898
            ]
        },
        "12": {
            "type": "line",
            "start": [
                -61.65180721559977,
                -83.4773898348315,
                5.0
            ],
            "end": [
                -17.33721622264957,
                -76.66100842630273,
                5.0
            ],
            "length": 44.83576731114345,
            "solid_ids": [
                1,
                5
            ],
            "preferred_normal": [
                -0.14045739923279976,
                0.9131402463992219,
                0.38268343236508984
            ]
        },
        "13": {
            "type": "line",
            "start": [
                -81.76482486296,
                47.28116037796,
                5.0
            ],
            "end": [
                -37.450233870019574,
                54.09754178648727,
                5.0
            ],
            "length": 44.83576731113356,
            "solid_ids": [
                1,
                4
            ],
            "preferred_normal": [
                0.14045739923279976,
                -0.9131402463992219,
                0.38268343236508984
            ]
        },
        "14": {
            "type": "line",
            "start": [
                -81.7648248629593,
                47.28116037796011,
                5.0
            ],
            "end": [
                -82.34545229382508,
                51.05592965450178,
                5.0
            ],
            "length": 3.8191636917781757,