{
    "contact_edges": {
        "1": {
            "type": "line",
            "start": [
                -110.1552354912,
                -80.82636975455,
                5.0
            ],
            "end": [
                -121.61513074958492,
                -69.6066433218646,
                5.0
            ],
            "length": 16.03781345936698,
            "solid_ids": [
                1,
                2
            ],
            "preferred_normal": [
                -0.6463272339334872,
                -0.6601624779318809,
                0.38268343236508984
            ]
        },
        "2": {
            "type": "line",
            "start": [
                -110.1552354912,
                -80.82636975455,
                5.0
            ],
            "end": [
                53.13479990099716,
                85.95904284527053,
                5.0
            ],
            "length": 233.41167390359328,
            "solid_ids": [
                1,
                2
            ],
            "preferred_normal": [
                0.6601624779318809,
                -0.6463272339334872,
                0.38268343236508984
            ]
        },
        "3": {
            "type": "line",
            "start": [
                -121.6151307496,
                -69.60664332188,
                5.0
            ],
            "end": [
                41.67490464261144,
                97.17876927795511,
                5.0
            ],
            "length": 233.41167390361372,
            "solid_ids": [
                1,
                2
            ],
            "preferred_normal": [
                -0.6601624779318809,
                0.6463272339334872,
                0.38268343236508984
            ]
        },
        "4": {
            "type": "line",
            "start": [
                53.134799900966,
                85.959042845301,
                5.0
            ],
            "end": [
                41.6749046425878,
                97.17876927797981,
                5.0
            ],
            "length": 16.037813459357572,
            "solid_ids": [
                1,
                2
            ],
            "preferred_normal": [
                0.6463272339334872,
                0.6601624779318809,
                0.38268343236508984
            ]
        }
    }
}