{
    "contact_edges": {
        "1": {
            "type": "line",
            "start": [
                99.038459491664,
                -60.37278006937,
                5.0
            ],
            "end": [
                14.262739532901454,
                137.7685805867743,
                5.0
            ],
            "length": 215.51547855593756,
            "solid_ids": [
                1,
                2
            ],
            "preferred_normal": [
                -0.8493995367791438,
                -0.36341961630139014,
                0.3826834323650899
            ]
        },
        "2": {
            "type": "line",
            "start": [
                99.038459491664,
                -60.37278006937,
                5.0
            ],
            "end": [
                113.309162310181,
                -54.266992253282325,
                5.0
            ],
            "length": 15.522036071002852,
            "solid_ids": [
                1,
                2
            ],
            "preferred_normal": [
                0.36341961630139014,
                -0.8493995367791438,
                0.3826834323650899
            ]
        },
        "3": {
            "type": "line",
            "start": [
                14.262739532868,
                137.76858058676,
                5.0
            ],
            "end": [
                28.533442351385833,
                143.87436840284803,
                5.0
            ],
            "length": 15.52203607100376,
            "solid_ids": [
                1,
                2
            ],
            "preferred_normal": [
                -0.36341961630139014,
                0.8493995367791438,
                0.3826834323650899
            ]
        },
        "4": {
            "type": "line",
            "start": [
                113.30916231018,
                -54.26699225328,
                5.0
            ],
            "end": [
                28.533442351417612,
                143.87436840286395,
                5.0
            ],
            "length": 215.51547855593716,
            "solid_ids": [
                1,
                2
            ],
            "preferred_normal": [
                0.8493995367791438,
                0.36341961630139014,
                0.3826834323650899
            ]
        },
        "5": {
            "type": "line",
            "start": [
                47.35680713032462,
                125.30145242369855,
                5.0
            ],
            "end": [
                90.19979938922485,
                143.6320296535533,
                5.0
            ],
            "length": 46.59970007710194,
            "solid_ids": [
                1,
                3
            ],
            "preferred_normal": [
                0.36341961630139014,
                -0.8493995367791438,
                0.3826834323650899
            ]
        },
        "6": {
            "type": "line",
            "start": [
                47.35680713033418,
                125.30145242370436,
                5.0
            ],
            "end": [
                45.34049977472525,
                130.01405036018522,
                5.0
            ],
            "length": 5.125824291097613,
            "solid_ids": [
                1,
                3
            ],
            "preferred_normal": [
                -0.8493995367791438,
                -0.36341961630139014,
                0.3826834323650899
            ]
        },
        "7": {
            "type": "line",
            "start": [
                90.199799389222,
                143.63202965356,
                5.0
            ],
            "end": [
                88.18349203360945,
                148.34462759004936,
                5.0
            ],
            "length": 5.1258242911068335,
            "solid_ids": [
                1,
                3
            ],
            "preferred_normal": [
                0.8493995367791438,
                0.36341961630139014,
                0.3826834323650899
            ]
        },
        "8": {
            "type": "line",
            "start": [
                45.34049977471362,
                130.01405036017854,
                5.0
            ],
            "end": [
                88.18349203361748,
                148.34462759003486,
                5.0
            ],
            "length": 46.599700077105894,
            "solid_ids": [
                1,
                3
            ],
            "preferred_normal": [
                -0.36341961630139014,
                0.8493995367791438,
                0.3826834323650899
            ]
        },
        "9": {
            "type": "line",
            "start": [
                38.162972794908,
                121.36782684252,
                15.0
            ],
            "end": [
                38.162972794908,
                121.36782684252,
                70.849322554638
            ],
            "length": 55.84932255463799,
            "solid_ids": [
                2,
                3
            ],
            "preferred_normal": [
                0.7152524243087363,
                -0.6988662028746817,
                0.0
            ]
        },
        "10": {
            "type": "line",
            "start": [
                38.162972794917344,
                121.367826842524,
                15.0
            ],
            "end": [
                36.146665439308414,
                126.08042477900489,
                15.0
            ],
            "length": 5.125824291097639,
            "solid_ids": [
                2,
                3
            ],
            "preferred_normal": [
                0.35183280800734607,
                0.1505333339044622,
                -0.9238795325112867
            ]
        },
        "11": {
            "type": "line",
            "start": [
                38.162972794908,
                121.36782684252,
                70.849322554638
            ],
            "end": [
                36.14666543929907,
                126.08042477900088,
                70.849322554638
            ],
            "length": 5.125824291097627,
            "solid_ids": [
                2,
                3
            ],
            "preferred_normal": [
                0.35183280800734607,
                0.1505333339044622,
                0.9238795325112867
            ]
        },
        "12": {
            "type": "line",
            "start": [
                36.146665439297,
                126.080424779,
                15.0
            ],
            "end": [
                36.146665439297,
                126.080424779,
                70.849322554638
            ],
            "length": 55.84932255463799,
            "solid_ids": [
                2,
                3
            ],
            "preferred_normal": [
                -0.011586808294044099,
                0.999932870683606,
                0.0
            ]
        }
    }
}