{
    "contact_edges": {
        "1": {
            "type": "line",
            "start": [
                134.9601940551,
                -142.4621863445,
                5.0
            ],
            "end": [
                124.02231961073171,
                -142.16661661823613,
                5.0
            ],
            "length": 10.9418672457606,
            "solid_ids": [
                1,
                2
            ],
            "preferred_normal": [
                -0.024956510108542305,
                -0.9235423992413537,
                0.38268343236508984
            ]
        },
        "2": {
            "type": "line",
            "start": [
                134.9601940551,
                -142.4621863445,
                5.0
            ],
            "end": [
                139.4014802880628,
                21.89236986021919,
                5.0
            ],
            "length": 164.414552788533,
            "solid_ids": [
                1,
                2
            ],
            "preferred_normal": [
                0.9235423992413537,
                -0.0249565101085423,
                0.38268343236508984
            ]
        },
        "3": {
            "type": "line",
            "start": [
                124.02231961073,
                -142.1666166183,
                5.0
            ],
            "end": [
                128.46360584369452,
                22.18793958648286,
                5.0
            ],
            "length": 164.4145527885967,
            "solid_ids": [
                1,
                2
            ],
            "preferred_normal": [
                -0.9235423992413537,
                0.0249565101085423,
                0.38268343236508984
            ]
        },
        "4": {
            "type": "line",
            "start": [
                139.40148028807,
                21.892369860219,
                5.0
            ],
            "end": [
                128.46360584369,
                22.187939586483182,
                5.0
            ],
            "length": 10.941867245772299,
            "solid_ids": [
                1,
                2
            ],
            "preferred_normal": [
                0.024956510108542305,
                0.9235423992413537,
                0.38268343236508984
            ]
        },
        "5": {
            "type": "line",
            "start": [
                118.05671135325,
                7.265461258364001,
                5.0
            ],
            "end": [
                -77.00013959316001,
                12.536403097507813,
                5.0
            ],
            "length": 195.12805520734747,
            "solid_ids": [
                1,
                4
            ],
            "preferred_normal": [
                -0.024956510108542305,
                -0.9235423992413537,
                0.38268343236508984
            ]
        },
        "6": {
            "type": "line",
            "start": [
                118.05671135325225,
                7.265461258363952,
                5.0
            ],
            "end": [
                118.14892378556173,
                10.67788112815293,
                5.0
            ],
            "length": 3.413665551925533,
            "solid_ids": [
                1,
                4
            ],
            "preferred_normal": [
                0.9235423992413537,
                -0.0249565101085423,
                0.3826834323650898
            ]
        },
        "7": {
            "type": "line",
            "start": [
                -77.00013959316925,
                12.5364030975082,
                5.0
            ],
            "end": [
                -76.90792716085978,
                15.948822967296978,
                5.0
            ],
            "length": 3.413665551925333,
            "solid_ids": [
                1,
                4
            ],
            "preferred_normal": [
                -0.9235423992413537,
                0.0249565101085423,
                0.38268343236508984
            ]
        },
        "8": {
            "type": "line",
            "start": [
                118.14892378556,
                10.677881128153,
                5.0
            ],
            "end": [
                -76.90792716086003,
                15.948822967297083,
                5.0
            ],
            "length": 195.1280552073575,
            "solid_ids": [
                1,
                4
            ],
            "preferred_normal": [
                0.024956510108542305,
                0.9235423992413537,
                0.38268343236508984
            ]
        },
        "9": {
            "type": "line",
            "start": [
                -86.99649048895,
                12.806530416388,
                15.0
            ],
            "end": [
                -86.99649048895,
                12.806530416388,
                65.919509006254
            ],
            "length": 50.919509006254,
            "solid_ids": [
                3,
                4
            ],
            "preferred_normal": [
                0.357587277083814,
                -0.9338797241978132,
                0.0
            ]
        },
        "10": {
            "type": "line",
            "start": [
                -86.99649048894982,
                12.806530416387995,
                15.0
            ],
            "end": [
                -86.90427805664034,
                16.218950286177,
                15.0
            ],
            "length": 3.413665551925562,
            "solid_ids": [
                3,
                4
            ],
            "preferred_normal": [
                0.9996350895781655,
                -0.027012731888004474,
                0.0
            ]
        },
        "11": {
            "type": "line",
            "start": [
                -86.99649048895,
                12.806530416388,
                65.919509006254
            ],
            "end": [
                -86.90427805664052,
                16.218950286177016,
                65.919509006254
            ],
            "length": 3.413665551925571,
            "solid_ids": [
                3,
                4
            ],
            "preferred_normal": [
                0.38254378719235643,
                -0.010337324956459466,
                0.9238795325112867
            ]
        },
        "12": {
            "type": "line",
            "start": [
                -86.90427805664,
                16.218950286177,
                15.0
            ],
            "end": [
                -86.90427805664,
                16.218950286177,
                65.919509006254
            ],
            "length": 50.919509006254,
            "solid_ids": [
                3,
                4
            ],
            "preferred_normal": [
                0.4075002973008986,
                0.9132050742848943,
                0.0
            ]
        },
        "13": {
            "type": "line",
            "start": [
                -89.4490496039,
                -77.9530477241,
                5.0
            ],
            "end": [
                -104.64779304079985,
                -77.54233827044447,
                5.0
            ],
            "length": 15.204291641376411,
            "solid_ids": [
                1,
                3
            ],
            "preferred_normal": [
                -0.024956510108542305,
                -0.9235423992413537,
                0.38268343236508984
            ]
        },
        "14": {
            "type": "line",
            "start": [
                -89.4490496039,
                -77.9530477241,
                5.0
            ],
            "end": [
                -84.73607181340292,
                96.45574570399378,
                5.0
            ],
            "length": 174.4724602471611,