{
    "contact_edges": {
        "1": {
            "type": "line",
            "start": [
                70.320821703232,
                -23.6729115815,
                5.0
            ],
            "end": [
                54.78140534578598,
                -23.318192476400863,
                5.0
            ],
            "length": 15.543464426362076,
            "solid_ids": [
                1,
                2
            ],
            "preferred_normal": [
                -0.02108395606040022,
                -0.9236389215435418,
                0.38268343236508984
            ]
        },
        "2": {
            "type": "line",
            "start": [
                70.320821703232,
                -23.6729115815,
                5.0
            ],
            "end": [
                73.9683347146157,
                136.11612300476,
                5.0
            ],
            "length": 159.8306601537302,
            "solid_ids": [
                1,
                2
            ],
            "preferred_normal": [
                0.9236389215435417,
                -0.021083956060400217,
                0.3826834323650898
            ]
        },
        "3": {
            "type": "line",
            "start": [
                54.781405345786,
                -23.3181924764,
                5.0
            ],
            "end": [
                58.4289183571697,
                136.47084210986003,
                5.0
            ],
            "length": 159.83066015373024,
            "solid_ids": [
                1,
                2
            ],
            "preferred_normal": [
                -0.9236389215435417,
                0.021083956060400217,
                0.3826834323650898
            ]
        },
        "4": {
            "type": "line",
            "start": [
                73.968334714615,
                136.11612300476,
                5.0
            ],
            "end": [
                58.42891835716798,
                136.47084210985915,
                5.0
            ],
            "length": 15.543464426363071,
            "solid_ids": [
                1,
                2
            ],
            "preferred_normal": [
                0.02108395606040022,
                0.9236389215435418,
                0.38268343236508984
            ]
        },
        "5": {
            "type": "line",
            "start": [
                -23.42374662417,
                -70.23606414344,
                5.0
            ],
            "end": [
                -39.38823327139982,
                -69.87164193564203,
                5.0
            ],
            "length": 15.9686454483502,
            "solid_ids": [
                1,
                3
            ],
            "preferred_normal": [
                -0.02108395606040022,
                -0.9236389215435418,
                0.38268343236508984
            ]
        },
        "6": {
            "type": "line",
            "start": [
                -23.42374662417,
                -70.23606414344,
                5.0
            ],
            "end": [
                -19.840607579309186,
                86.73289716794,
                5.0
            ],
            "length": 157.00985224051487,
            "solid_ids": [
                1,
                3
            ],
            "preferred_normal": [
                0.9236389215435417,
                -0.021083956060400217,
                0.3826834323650898
            ]
        },
        "7": {
            "type": "line",
            "start": [
                -39.3882332714,
                -69.87164193565,
                5.0
            ],
            "end": [
                -35.805094226539026,
                87.09731937573702,
                5.0
            ],
            "length": 157.00985224052192,
            "solid_ids": [
                1,
                3
            ],
            "preferred_normal": [
                -0.9236389215435417,
                0.021083956060400217,
                0.3826834323650898
            ]
        },
        "8": {
            "type": "line",
            "start": [
                -19.84060757931,
                86.73289716794,
                5.0
            ],
            "end": [
                -35.80509422653998,
                87.09731937573798,
                5.0
            ],
            "length": 15.96864544835036,
            "solid_ids": [
                1,
                3
            ],
            "preferred_normal": [
                0.02108395606040022,
                0.9236389215435418,
                0.38268343236508984
            ]
        }
    }
}