{
    "contact_edges": {
        "1": {
            "type": "line",
            "start": [
                51.472189899857,
                -34.69575150839,
                5.0
            ],
            "end": [
                46.82267700591214,
                -46.23203162013087,
                5.0
            ],
            "length": 12.437995375763224,
            "solid_ids": [
                1,
                2
            ],
            "preferred_normal": [
                0.8569011930429664,
                -0.34536029875307694,
                0.38268343236508984
            ]
        },
        "2": {
            "type": "line",
            "start": [
                51.472189899857,
                -34.69575150839,
                5.0
            ],
            "end": [
                -107.75956104681815,
                29.480054902422015,
                5.0
            ],
            "length": 171.6778513321448,
            "solid_ids": [
                1,
                2
            ],
            "preferred_normal": [
                0.34536029875307694,
                0.8569011930429664,
                0.38268343236508984
            ]
        },
        "3": {
            "type": "line",
            "start": [
                46.82267700591,
                -46.23203162013,
                5.0
            ],
            "end": [
                -112.40907394081003,
                17.94377479070011,
                5.0
            ],
            "length": 171.67785133219317,
            "solid_ids": [
                1,
                2
            ],
            "preferred_normal": [
                -0.34536029875307694,
                -0.8569011930429664,
                0.38268343236508984
            ]
        },
        "4": {
            "type": "line",
            "start": [
                -107.7595610468,
                29.480054902467,
                5.0
            ],
            "end": [
                -112.40907394075296,
                17.943774790706037,
                5.0
            ],
            "length": 12.437995375784892,
            "solid_ids": [
                1,
                2
            ],
            "preferred_normal": [
                -0.8569011930429664,
                0.34536029875307694,
                0.38268343236508984
            ]
        },
        "5": {
            "type": "line",
            "start": [
                -14.561910066251398,
                -32.273591484813466,
                5.0
            ],
            "end": [
                -42.78903443170899,
                -102.31017829650848,
                5.0
            ],
            "length": 75.51088691159111,
            "solid_ids": [
                1,
                3
            ],
            "preferred_normal": [
                0.8569011930429664,
                -0.34536029875307694,
                0.38268343236508984
            ]
        },
        "6": {
            "type": "line",
            "start": [
                -14.561910066266588,
                -32.27359148482634,
                5.0
            ],
            "end": [
                -20.323819724026,
                -29.95134610000488,
                5.0
            ],
            "length": 6.212280300461799,
            "solid_ids": [
                1,
                3
            ],
            "preferred_normal": [
                0.34536029875307694,
                0.8569011930429664,
                0.3826834323650898
            ]
        },
        "7": {
            "type": "line",
            "start": [
                -42.78903443173,
                -102.3101782965,
                5.0
            ],
            "end": [
                -48.55094408948595,
                -99.98793291167993,
                5.0
            ],
            "length": 6.212280300458068,
            "solid_ids": [
                1,
                3
            ],
            "preferred_normal": [
                -0.34536029875307694,
                -0.8569011930429664,
                0.38268343236508984
            ]
        },
        "8": {
            "type": "line",
            "start": [
                -20.32381972402,
                -29.951346099990005,
                5.0
            ],
            "end": [
                -48.550944089481064,
                -99.98793291169362,
                5.0
            ],
            "length": 75.51088691160038,
            "solid_ids": [
                1,
                3
            ],
            "preferred_normal": [
                -0.8569011930429664,
                0.34536029875307694,
                0.38268343236508984
            ]
        },
        "9": {
            "type": "line",
            "start": [
                -10.82375712964,
                -22.9985598071,
                15.0
            ],
            "end": [
                -10.82375712964,
                -22.9985598071,
                79.124930107161
            ],
            "length": 64.124930107161,
            "solid_ids": [
                2,
                3
            ],
            "preferred_normal": [
                0.7138482733942179,
                -0.7003003945251594,
                0.0
            ]
        },
        "10": {
            "type": "line",
            "start": [
                -10.823757129647849,
                -22.998559807119452,
                15.0
            ],
            "end": [
                -16.585666787415853,
                -20.67631442229453,
                15.0
            ],
            "length": 6.212280300471064,
            "solid_ids": [
                2,
                3
            ],
            "preferred_normal": [
                -0.3738152936609815,
                -0.927503167770954,
                0.0
            ]
        },
        "11": {
            "type": "line",
            "start": [
                -10.82375712964,
                -22.9985598071,
                79.124930107161
            ],
            "end": [
                -16.585666787408012,
                -20.676314422275077,
                79.124930107161
            ],
            "length": 6.212280300471072,
            "solid_ids": [
                2,
                3
            ],
            "preferred_normal": [
                -0.14305291964874844,
                -0.35494009577208246,
                0.9238795325112866
            ]
        },
        "12": {
            "type": "line",
            "start": [
                -16.58566678741,
                -20.67631442228,
                15.0
            ],
            "end": [
                -16.58566678741,
                -20.67631442228,
                79.124930107161
            ],
            "length": 64.124930107161,
            "solid_ids": [
                2,
                3
            ],
            "preferred_normal": [
                -0.9999541126917149,
                -0.009579797019005527,
                0.0
            ]
        }
    }
}