{
    "contact_edges": {
        "1": {
            "type": "line",
            "start": [
                121.44953959531,
                28.407460864227,
                5.0
            ],
            "end": [
                0.5925778167105608,
                -69.81663254513855,
                5.0
            ],
            "length": 155.73817045427757,
            "solid_ids": [
                1,
                2
            ],
            "preferred_normal": [
                0.5826909949929818,
                -0.7169550857252933,
                0.38268343236508984
            ]
        },
        "2": {
            "type": "line",
            "start": [
                121.44953959531,
                28.407460864227,
                5.0
            ],
            "end": [
                112.39717064680362,
                39.54568337197581,
                5.0
            ],
            "length": 14.35288766109471,
            "solid_ids": [
                1,
                2
            ],
            "preferred_normal": [
                0.7169550857252932,
                0.5826909949929818,
                0.3826834323650899
            ]
        },
        "3": {
            "type": "line",
            "start": [
                0.592577816663,
                -69.81663254508,
                5.0
            ],
            "end": [
                -8.459791131846723,
                -58.67841003732708,
                5.0
            ],
            "length": 14.3528876611,
            "solid_ids": [
                1,
                2
            ],
            "preferred_normal": [
                -0.7169550857252932,
                -0.5826909949929818,
                0.3826834323650899
            ]
        },
        "4": {
            "type": "line",
            "start": [
                112.39717064681,
                39.545683371981,
                5.0
            ],
            "end": [
                -8.459791131787082,
                -58.678410037382626,
                5.0
            ],
            "length": 155.73817045427452,
            "solid_ids": [
                1,
                2
            ],
            "preferred_normal": [
                -0.5826909949929818,
                0.7169550857252933,
                0.38268343236508984
            ]
        },
        "5": {
            "type": "line",
            "start": [
                78.619331259533,
                -95.91447635431,
                5.0
            ],
            "end": [
                74.41592236958363,
                -99.3307133783757,
                5.0
            ],
            "length": 5.416578412679239,
            "solid_ids": [
                1,
                3
            ],
            "preferred_normal": [
                0.5826909949929818,
                -0.7169550857252933,
                0.38268343236508984
            ]
        },
        "6": {
            "type": "line",
            "start": [
                78.619331259533,
                -95.91447635431,
                5.0
            ],
            "end": [
                41.11530659544469,
                -49.76874654359138,
                5.0
            ],
            "length": 59.4641088873649,
            "solid_ids": [
                1,
                3
            ],
            "preferred_normal": [
                0.7169550857252932,
                0.5826909949929818,
                0.3826834323650899
            ]
        },
        "7": {
            "type": "line",
            "start": [
                74.415922369579,
                -99.33071337837,
                5.0
            ],
            "end": [
                36.91189770549598,
                -53.184983567657895,
                5.0
            ],
            "length": 59.46410888735651,
            "solid_ids": [
                1,
                3
            ],
            "preferred_normal": [
                -0.7169550857252932,
                -0.5826909949929818,
                0.3826834323650899
            ]
        },
        "8": {
            "type": "line",
            "start": [
                41.11530659549696,
                -49.76874654360195,
                5.0
            ],
            "end": [
                36.9118977055433,
                -53.18498356767113,
                5.0
            ],
            "length": 5.416578412684755,
            "solid_ids": [
                1,
                3
            ],
            "preferred_normal": [
                -0.5826909949929818,
                0.7169550857252932,
                0.3826834323650898
            ]
        },
        "9": {
            "type": "line",
            "start": [
                34.808304713865,
                -42.00848061608,
                15.0
            ],
            "end": [
                34.808304713865,
                -42.00848061608,
                49.482168708881
            ],
            "length": 34.482168708881,
            "solid_ids": [
                2,
                3
            ],
            "preferred_normal": [
                0.9583135985240595,
                0.28571847487320035,
                0.0
            ]
        },
        "10": {
            "type": "line",
            "start": [
                34.80830471388901,
                -42.00848061610954,
                15.0
            ],
            "end": [
                30.60489582393964,
                -45.42471764017523,
                15.0
            ],
            "length": 5.416578412679227,
            "solid_ids": [
                2,
                3
            ],
            "preferred_normal": [
                0.6307001881610179,
                -0.7760265927490222,
                0.0
            ]
        },
        "11": {
            "type": "line",
            "start": [
                34.808304713865,
                -42.00848061608,
                49.482168708881
            ],
            "end": [
                30.60489582391563,
                -45.4247176401457,
                49.482168708881
            ],
            "length": 5.416578412679232,
            "solid_ids": [
                2,
                3
            ],
            "preferred_normal": [
                0.24135851279876638,
                -0.29697252011978154,
                0.9238795325112866
            ]
        },
        "12": {
            "type": "line",
            "start": [
                30.604895823911,
                -45.42471764014,
                15.0
            ],
            "end": [
                30.604895823911,
                -45.42471764014,
                49.482168708881
            ],
            "length": 34.482168708881,
            "solid_ids": [
                2,
                3
            ],
            "preferred_normal": [
                -0.4755965729265268,
                -0.8796635151127634,
                0.0
            ]
        }
    }
}