{
    "contact_edges": {
        "1": {
            "type": "line",
            "start": [
                -46.23281151661,
                9.712572335567,
                5.0
            ],
            "end": [
                -51.014858725329326,
                17.8783553818874,
                5.0
            ],
            "length": 9.462979882996368,
            "solid_ids": [
                1,
                2
            ],
            "preferred_normal": [
                -0.7972329981361302,
                -0.46687571930456023,
                0.38268343236508984
            ]
        },
        "2": {
            "type": "line",
            "start": [
                -46.23281151661,
                9.712572335567,
                5.0
            ],
            "end": [
                71.5086134789922,
                78.66432497912639,
                5.0
            ],
            "length": 136.44554720698517,
            "solid_ids": [
                1,
                2
            ],
            "preferred_normal": [
                0.46687571930456023,
                -0.7972329981361302,
                0.38268343236508984
            ]
        },
        "3": {
            "type": "line",
            "start": [
                -51.01485872533,
                17.878355381887,
                5.0
            ],
            "end": [
                66.72656627027071,
                86.83010802544553,
                5.0
            ],
            "length": 136.44554720698343,
            "solid_ids": [
                1,
                2
            ],
            "preferred_normal": [
                -0.46687571930456023,
                0.7972329981361302,
                0.38268343236508984
            ]
        },
        "4": {
            "type": "line",
            "start": [
                71.508613478969,
                78.664324979166,
                5.0
            ],
            "end": [
                66.72656627024917,
                86.83010802548726,
                5.0
            ],
            "length": 9.462979882997372,
            "solid_ids": [
                1,
                2
            ],
            "preferred_normal": [
                0.7972329981361302,
                0.46687571930456023,
                0.38268343236508984
            ]
        },
        "5": {
            "type": "line",
            "start": [
                53.579579863117,
                -65.10825586098,
                5.0
            ],
            "end": [
                0.5167055170317962,
                25.50145600766003,
                5.0
            ],
            "length": 105.0037547842285,
            "solid_ids": [
                1,
                3
            ],
            "preferred_normal": [
                -0.7972329981361302,
                -0.46687571930456023,
                0.38268343236508984
            ]
        },
        "6": {
            "type": "line",
            "start": [
                53.579579863117,
                -65.10825586098,
                5.0
            ],
            "end": [
                58.48280176917707,
                -62.23683024305696,
                5.0
            ],
            "length": 5.68213605427854,
            "solid_ids": [
                1,
                3
            ],
            "preferred_normal": [
                0.46687571930456023,
                -0.7972329981361302,
                0.38268343236508984
            ]
        },
        "7": {
            "type": "line",
            "start": [
                0.5167055170165987,
                25.501456007615367,
                5.0
            ],
            "end": [
                5.419927423073636,
                28.37288162553663,
                5.0
            ],
            "length": 5.682136054275021,
            "solid_ids": [
                1,
                3
            ],
            "preferred_normal": [
                -0.46687571930456023,
                0.7972329981361302,
                0.38268343236508984
            ]
        },
        "8": {
            "type": "line",
            "start": [
                58.482801769173,
                -62.23683024305,
                5.0
            ],
            "end": [
                5.4199274230908445,
                28.372881625584824,
                5.0
            ],
            "length": 105.0037547842225,
            "solid_ids": [
                1,
                3
            ],
            "preferred_normal": [
                0.7972329981361302,
                0.46687571930456023,
                0.38268343236508984
            ]
        },
        "9": {
            "type": "line",
            "start": [
                -4.536720853813,
                34.130643797623,
                15.0
            ],
            "end": [
                -4.536720853813,
                34.130643797623,
                67.645307147019
            ],
            "length": 52.645307147019,
            "solid_ids": [
                2,
                3
            ],
            "preferred_normal": [
                -0.6038467432574872,
                -0.79710043950391,
                0.0
            ]
        },
        "10": {
            "type": "line",
            "start": [
                -4.53672085379338,
                34.13064379758952,
                15.0
            ],
            "end": [
                0.36650105226364516,
                37.002069415510775,
                15.0
            ],
            "length": 5.682136054275007,
            "solid_ids": [
                2,
                3
            ],
            "preferred_normal": [
                0.5053426370811571,
                -0.8629187789982682,
                0.0
            ]
        },
        "11": {
            "type": "line",
            "start": [
                -4.536720853813,
                34.130643797623,
                67.645307147019
            ],
            "end": [
                0.3665010522440255,
                37.002069415544256,
                67.645307147019
            ],
            "length": 5.682136054275007,
            "solid_ids": [
                2,
                3
            ],
            "preferred_normal": [
                0.19338625487864314,
                -0.3302247201993497,
                0.9238795325112866
            ]
        },
        "12": {
            "type": "line",
            "start": [
                0.366501052243,
                37.002069415546,
                15.0
            ],
            "end": [
                0.366501052243,
                37.002069415546,
                67.645307147019
            ],
            "length": 52.645307147019,
            "solid_ids": [
                2,
                3
            ],
            "preferred_normal": [
                0.9906192530147734,
                0.13665099910521056,
                0.0
            ]
        }
    }
}