{
    "contact_edges": {
        "1": {
            "type": "line",
            "start": [
                80.273478388207,
                5.289813260185,
                5.0
            ],
            "end": [
                74.62301097570975,
                -3.166483893629495,
                5.0
            ],
            "length": 10.170385613795796,
            "solid_ids": [
                1,
                2
            ],
            "preferred_normal": [
                0.7681714497280345,
                -0.5132894061014737,
                0.3826834323650899
            ]
        },
        "2": {
            "type": "line",
            "start": [
                80.273478388207,
                5.289813260185,
                5.0
            ],
            "end": [
                -118.14292517118928,
                137.87094209522607,
                5.0
            ],
            "length": 238.6353388008971,
            "solid_ids": [
                1,
                2
            ],
            "preferred_normal": [
                0.5132894061014736,
                0.7681714497280344,
                0.38268343236508984
            ]
        },
        "3": {
            "type": "line",
            "start": [
                74.623010975712,
                -3.166483893631,
                5.0
            ],
            "end": [
                -123.79339258368587,
                129.41464494141115,
                5.0
            ],
            "length": 238.63533880089906,
            "solid_ids": [
                1,
                2
            ],
            "preferred_normal": [
                -0.5132894061014736,
                -0.7681714497280344,
                0.38268343236508984
            ]
        },
        "4": {
            "type": "line",
            "start": [
                -118.1429251712,
                137.87094209521,
                5.0
            ],
            "end": [
                -123.79339258370064,
                129.41464494139043,
                5.0
            ],
            "length": 10.170385613801901,
            "solid_ids": [
                1,
                2
            ],
            "preferred_normal": [
                -0.7681714497280345,
                0.5132894061014737,
                0.3826834323650899
            ]
        }
    }
}