{
    "contact_edges": {
        "1": {
            "type": "line",
            "start": [
                36.736478808277,
                -104.3860695124,
                5.0
            ],
            "end": [
                27.36092156039302,
                -92.97497169829273,
                5.0
            ],
            "length": 14.768690769038175,
            "solid_ids": [
                1,
                2
            ],
            "preferred_normal": [
                -0.7138398304093259,
                -0.5865032711881994,
                0.38268343236508984
            ]
        },
        "2": {
            "type": "line",
            "start": [
                36.736478808277,
                -104.3860695124,
                5.0
            ],
            "end": [
                192.69809977733553,
                23.754721995010797,
                5.0
            ],
            "length": 201.85165261508757,
            "solid_ids": [
                1,
                2
            ],
            "preferred_normal": [
                0.5865032711881994,
                -0.7138398304093259,
                0.38268343236508984
            ]
        },
        "3": {
            "type": "line",
            "start": [
                27.360921560372,
                -92.97497169831,
                5.0
            ],
            "end": [
                183.32254252945404,
                35.1658198091201,
                5.0
            ],
            "length": 201.851652615118,
            "solid_ids": [
                1,
                2
            ],
            "preferred_normal": [
                -0.5865032711881994,
                0.7138398304093259,
                0.38268343236508984
            ]
        },
        "4": {
            "type": "line",
            "start": [
                192.69809977742,
                23.754721994908,
                5.0
            ],
            "end": [
                183.32254252950753,
                35.165819809049964,
                5.0
            ],
            "length": 14.768690769083072,
            "solid_ids": [
                1,
                2
            ],
            "preferred_normal": [
                0.7138398304093259,
                0.5865032711881994,
                0.38268343236508984
            ]
        },
        "5": {
            "type": "line",
            "start": [
                64.70655453373381,
                -49.34875486098098,
                5.0
            ],
            "end": [
                -1.8723288697222562,
                31.685164594030585,
                5.0
            ],
            "length": 104.87727979639966,
            "solid_ids": [
                1,
                3
            ],
            "preferred_normal": [
                -0.7138398304093259,
                -0.5865032711881994,
                0.38268343236508984
            ]
        },
        "6": {
            "type": "line",
            "start": [
                64.70655453366581,
                -49.34875486089578,
                5.0
            ],
            "end": [
                67.6287388263126,
                -46.94783721292795,
                5.0
            ],
            "length": 3.7820056309470242,
            "solid_ids": [
                1,
                3
            ],
            "preferred_normal": [
                0.5865032711881994,
                -0.7138398304093259,
                0.3826834323650898
            ]
        },
        "7": {
            "type": "line",
            "start": [
                -1.872328869684,
                31.685164594062,
                5.0
            ],
            "end": [
                1.049855422958752,
                34.08608224202652,
                5.0
            ],
            "length": 3.782005630941802,
            "solid_ids": [
                1,
                3
            ],
            "preferred_normal": [
                -0.5865032711881994,
                0.7138398304093259,
                0.38268343236508984
            ]
        },
        "8": {
            "type": "line",
            "start": [
                67.62873882637331,
                -46.9478372130155,
                5.0
            ],
            "end": [
                1.049855422920278,
                34.08608224199237,
                5.0
            ],
            "length": 104.87727979639487,
            "solid_ids": [
                1,
                3
            ],
            "preferred_normal": [
                0.7138398304093259,
                0.5865032711881994,
                0.38268343236508984
            ]
        },
        "9": {
            "type": "line",
            "start": [
                71.054820195533,
                -57.07530150791,
                15.0
            ],
            "end": [
                71.054820195533,
                -57.07530150791,
                61.75668673532
            ],
            "length": 46.75668673532,
            "solid_ids": [
                2,
                3
            ],
            "preferred_normal": [
                -0.9567774397116634,
                -0.2908211320705465,
                0.0
            ]
        },
        "10": {
            "type": "line",
            "start": [
                71.05482019549895,
                -57.075301507868566,
                15.0
            ],
            "end": [
                73.97700448814024,
                -54.67438385990525,
                15.0
            ],
            "length": 3.782005630939911,
            "solid_ids": [
                2,
                3
            ],
            "preferred_normal": [
                -0.6348265661800818,
                0.7726546646930996,
                0.0
            ]
        },
        "11": {
            "type": "line",
            "start": [
                71.054820195533,
                -57.07530150791,
                61.75668673532
            ],
            "end": [
                73.97700448817429,
                -54.67438385994669,
                61.75668673532
            ],
            "length": 3.782005630939906,
            "solid_ids": [
                2,
                3
            ],
            "preferred_normal": [
                -0.24293760930233757,
                0.29568213911765295,
                0.9238795325112867
            ]
        },
        "12": {
            "type": "line",
            "start": [
                73.977004488177,
                -54.67438385995,
                15.0
            ],
            "end": [
                73.977004488177,
                -54.67438385995,
                61.75668673532
            ],
            "length": 46.75668673532,
            "solid_ids": [
                2,
                3
            ],
            "preferred_normal": [
                0.4709022211069883,
                0.8821854103058523,
                0.0
            ]
        }
    }
}