{
    "contact_edges": {
        "1": {
            "type": "line",
            "start": [
                57.475082092151,
                -76.61858855244,
                5.0
            ],
            "end": [
                54.1606456421625,
                -87.72784748674925,
                5.0
            ],
            "length": 11.593149833006658,
            "solid_ids": [
                1,
                2
            ],
            "preferred_normal": [
                0.8853173726397549,
                -0.2641335652572674,
                0.3826834323650899
            ]
        },
        "2": {
            "type": "line",
            "start": [
                57.475082092151,
                -76.61858855244,
                5.0
            ],
            "end": [
                -57.23423287292705,
                -42.39517752911007,
                5.0
            ],
            "length": 119.70575926758603,
            "solid_ids": [
                1,
                2
            ],
            "preferred_normal": [
                0.2641335652572674,
                0.8853173726397549,
                0.3826834323650899
            ]
        },
        "3": {
            "type": "line",
            "start": [
                54.160645642165,
                -87.72784748675,
                5.0
            ],
            "end": [
                -60.54866932290753,
                -53.50443646342171,
                5.0
            ],
            "length": 119.70575926758028,
            "solid_ids": [
                1,
                2
            ],
            "preferred_normal": [
                -0.2641335652572674,
                -0.8853173726397549,
                0.3826834323650899
            ]
        },
        "4": {
            "type": "line",
            "start": [
                -57.23423287293,
                -42.39517752912,
                5.0
            ],
            "end": [
                -60.54866932291801,
                -53.50443646342761,
                5.0
            ],
            "length": 11.593149833004945,
            "solid_ids": [
                1,
                2
            ],
            "preferred_normal": [
                -0.8853173726397549,
                0.2641335652572674,
                0.3826834323650899
            ]
        }
    }
}