{
    "contact_edges": {
        "1": {
            "type": "line",
            "start": [
                91.732158094474,
                -98.155612663,
                5.0
            ],
            "end": [
                -58.43132978673114,
                2.758385730212139,
                5.0
            ],
            "length": 180.92182887743,
            "solid_ids": [
                1,
                2
            ],
            "preferred_normal": [
                -0.5153185673494831,
                -0.7668116879248451,
                0.38268343236508984
            ]
        },
        "2": {
            "type": "line",
            "start": [
                91.732158094474,
                -98.155612663,
                5.0
            ],
            "end": [
                100.15640979428399,
                -85.62003743880267,
                5.0
            ],
            "length": 15.103266630211538,
            "solid_ids": [
                1,
                2
            ],
            "preferred_normal": [
                0.7668116879248451,
                -0.5153185673494831,
                0.38268343236508984
            ]
        },
        "3": {
            "type": "line",
            "start": [
                -58.43132978675,
                2.758385730184,
                5.0
            ],
            "end": [
                -50.00707808693784,
                15.293960954384557,
                5.0
            ],
            "length": 15.103266630215428,
            "solid_ids": [
                1,
                2
            ],
            "preferred_normal": [
                -0.7668116879248451,
                0.5153185673494831,
                0.38268343236508984
            ]
        },
        "4": {
            "type": "line",
            "start": [
                100.15640979428,
                -85.6200374388,
                5.0
            ],
            "end": [
                -50.00707808692331,
                15.293960954410904,
                5.0
            ],
            "length": 180.9218288774278,
            "solid_ids": [
                1,
                2
            ],
            "preferred_normal": [
                0.5153185673494831,
                0.7668116879248451,
                0.38268343236508984
            ]
        },
        "5": {
            "type": "line",
            "start": [
                -19.96469736093,
                7.152977491718002,
                5.0
            ],
            "end": [
                14.018490417092002,
                57.721125492213595,
                5.0
            ],
            "length": 60.926140890067295,
            "solid_ids": [
                1,
                3
            ],
            "preferred_normal": [
                0.7668116879248451,
                -0.5153185673494831,
                0.38268343236508984
            ]
        },
        "6": {
            "type": "line",
            "start": [
                -19.964697360920777,
                7.152977491731753,
                5.0
            ],
            "end": [
                -24.60041721279864,
                10.268308870114955,
                5.0
            ],
            "length": 5.585265270534023,
            "solid_ids": [
                1,
                3
            ],
            "preferred_normal": [
                -0.5153185673494831,
                -0.7668116879248451,
                0.38268343236508984
            ]
        },
        "7": {
            "type": "line",
            "start": [
                14.018490417075,
                57.721125492225,
                5.0
            ],
            "end": [
                9.38277056520174,
                60.83645687060511,
                5.0
            ],
            "length": 5.585265270528479,
            "solid_ids": [
                1,
                3
            ],
            "preferred_normal": [
                0.5153185673494831,
                0.7668116879248451,
                0.38268343236508984
            ]
        },
        "8": {
            "type": "line",
            "start": [
                -24.600417212809997,
                10.268308870098002,
                5.0
            ],
            "end": [
                9.382770565213415,
                60.8364568705957,
                5.0
            ],
            "length": 60.92614089006983,
            "solid_ids": [
                1,
                3
            ],
            "preferred_normal": [
                -0.7668116879248451,
                0.5153185673494831,
                0.38268343236508984
            ]
        },
        "9": {
            "type": "line",
            "start": [
                -25.54246534058,
                -1.146932409312,
                15.0
            ],
            "end": [
                -25.54246534058,
                -1.146932409312,
                87.259648431158
            ],
            "length": 72.259648431158,
            "solid_ids": [
                2,
                3
            ],
            "preferred_normal": [
                0.9802636274636741,
                -0.19769476642480685,
                0.0
            ]
        },
        "10": {
            "type": "line",
            "start": [
                -25.542465340570157,
                -1.1469324092973185,
                15.0
            ],
            "end": [
                -30.17818519244801,
                1.9683989690858767,
                15.0
            ],
            "length": 5.58526527053401,
            "solid_ids": [
                2,
                3
            ],
            "preferred_normal": [
                0.21345193953882904,
                0.31762380092467596,
                -0.9238795325112868
            ]
        },
        "11": {
            "type": "line",
            "start": [
                -25.54246534058,
                -1.146932409312,
                87.259648431158
            ],
            "end": [
                -30.178185192457853,
                1.9683989690711954,
                87.259648431158
            ],
            "length": 5.58526527053401,
            "solid_ids": [
                2,
                3
            ],
            "preferred_normal": [
                0.21345193953882916,
                0.31762380092467624,
                0.9238795325112867
            ]
        },
        "12": {
            "type": "line",
            "start": [
                -30.17818519246,
                1.968398969068,
                15.0
            ],
            "end": [
                -30.17818519246,
                1.968398969068,
                87.259648431158
            ],
            "length": 72.259648431158,
            "solid_ids": [
                2,
                3
            ],
            "preferred_normal": [
                -0.5533597483860159,
                0.8329423682741592,
                0.0
            ]
        }
    }
}