{
    "contact_edges": {
        "1": {
            "type": "line",
            "start": [
                95.098890162745,
                21.919941698848,
                5.0
            ],
            "end": [
                6.695562419672388,
                -98.92599112053541,
                5.0
            ],
            "length": 149.72938200311935,
            "solid_ids": [
                1,
                2
            ],
            "preferred_normal": [
                0.7456591513664054,
                -0.5454776077684635,
                0.3826834323650898
            ]
        },
        "2": {
            "type": "line",
            "start": [
                95.098890162745,
                21.919941698848,
                5.0
            ],
            "end": [
                88.23216900002882,
                26.943205513404134,
                5.0
            ],
            "length": 8.507939755141853,
            "solid_ids": [
                1,
                2
            ],
            "preferred_normal": [
                0.5454776077684635,
                0.7456591513664054,
                0.3826834323650898
            ]
        },
        "3": {
            "type": "line",
            "start": [
                6.695562419706,
                -98.92599112056,
                5.0
            ],
            "end": [
                -0.17115874301320477,
                -93.90272730600165,
                5.0
            ],
            "length": 8.507939755145607,
            "solid_ids": [
                1,
                2
            ],
            "preferred_normal": [
                -0.5454776077684635,
                -0.7456591513664054,
                0.3826834323650898
            ]
        },
        "4": {
            "type": "line",
            "start": [
                88.232169000028,
                26.943205513403,
                5.0
            ],
            "end": [
                -0.17115874304256362,
                -93.90272730597762,
                5.0
            ],
            "length": 149.7293820031159,
            "solid_ids": [
                1,
                2
            ],
            "preferred_normal": [
                -0.7456591513664054,
                0.5454776077684635,
                0.3826834323650898
            ]
        }
    }
}