{
    "contact_edges": {
        "1": {
            "type": "line",
            "start": [
                -11.60632678598,
                -114.7888527851,
                5.0
            ],
            "end": [
                -24.747920717552194,
                -120.22744224989468,
                5.0
            ],
            "length": 14.22250844362241,
            "solid_ids": [
                1,
                2
            ],
            "preferred_normal": [
                0.3532851825803221,
                -0.8536644366274504,
                0.3826834323650899
            ]
        },
        "2": {
            "type": "line",
            "start": [
                -11.60632678598,
                -114.7888527851,
                5.0
            ],
            "end": [
                -103.3101026215184,
                106.80054862563237,
                5.0
            ],
            "length": 239.8154401202336,
            "solid_ids": [
                1,
                2
            ],
            "preferred_normal": [
                0.8536644366274504,
                0.3532851825803221,
                0.3826834323650899
            ]
        },
        "3": {
            "type": "line",
            "start": [
                -24.74792071755,
                -120.2274422499,
                5.0
            ],
            "end": [
                -116.4516965530963,
                101.36195916085151,
                5.0
            ],
            "length": 239.81544012025432,
            "solid_ids": [
                1,
                2
            ],
            "preferred_normal": [
                -0.8536644366274504,
                -0.3532851825803221,
                0.3826834323650899
            ]
        },
        "4": {
            "type": "line",
            "start": [
                -103.3101026215,
                106.80054862564,
                5.0
            ],
            "end": [
                -116.45169655309428,
                101.36195916083618,
                5.0
            ],
            "length": 14.222508443646323,
            "solid_ids": [
                1,
                2
            ],
            "preferred_normal": [
                -0.3532851825803221,
                0.8536644366274504,
                0.3826834323650899
            ]
        },
        "5": {
            "type": "line",
            "start": [
                -65.45167742942,
                -135.1067703211,
                5.0
            ],
            "end": [
                -72.90993832460362,
                -138.19333800394293,
                5.0
            ],
            "length": 8.071713302725483,
            "solid_ids": [
                1,
                3
            ],
            "preferred_normal": [
                0.3532851825803221,
                -0.8536644366274504,
                0.3826834323650899
            ]
        },
        "6": {
            "type": "line",
            "start": [
                -65.45167742942,
                -135.1067703211,
                5.0
            ],
            "end": [
                -124.44288590684334,
                7.437268415658052,
                5.0
            ],
            "length": 154.26848562494285,
            "solid_ids": [
                1,
                3
            ],
            "preferred_normal": [
                0.8536644366274504,
                0.3532851825803221,
                0.3826834323650899
            ]
        },
        "7": {
            "type": "line",
            "start": [
                -72.90993832458,
                -138.193338004,
                5.0
            ],
            "end": [
                -131.90114680203286,
                4.350700732829394,
                5.0
            ],
            "length": 154.26848562502005,
            "solid_ids": [
                1,
                3
            ],
            "preferred_normal": [
                -0.8536644366274504,
                -0.3532851825803221,
                0.3826834323650899
            ]
        },
        "8": {
            "type": "line",
            "start": [
                -124.4428859068,
                7.437268415676,
                5.0
            ],
            "end": [
                -131.9011468019941,
                4.3507007328287175,
                5.0
            ],
            "length": 8.07171330273682,
            "solid_ids": [
                1,
                3
            ],
            "preferred_normal": [
                -0.3532851825803221,
                0.8536644366274504,
                0.3826834323650899
            ]
        },
        "9": {
            "type": "line",
            "start": [
                112.34779432684,
                -98.83476562001,
                5.0
            ],
            "end": [
                101.8695041923401,
                -103.17115880270025,
                5.0
            ],
            "length": 11.340144177991759,
            "solid_ids": [
                1,
                4
            ],
            "preferred_normal": [
                0.3532851825803221,
                -0.8536644366274504,
                0.3826834323650899
            ]
        },
        "10": {
            "type": "line",
            "start": [
                112.34779432684,
                -98.83476562001,
                5.0
            ],
            "end": [
                27.97255934347817,
                105.04623757209009,
                5.0
            ],
            "length": 220.65050133891526,
            "solid_ids": [
                1,
                4
            ],
            "preferred_normal": [
                0.8536644366274504,
                0.3532851825803221,
                0.3826834323650899
            ]
        },
        "11": {
            "type": "line",
            "start": [
                101.86950419234,
                -103.1711588027,
                5.0
            ],
            "end": [
                17.494269208978466,
                100.70984438939938,
                5.0
            ],
            "length": 220.65050133891452,
            "solid_ids": [
                1,
                4
            ],
            "preferred_normal": [
                -0.8536644366274504,
                -0.3532851825803221,
                0.3826834323650899
            ]
        },
        "12": {
            "type": "line",
            "start": [
                27.972559343478,
                105.04623757209,
                5.0
            ],
            "end": [
                17.49426920897981,
                100.70984438940047,
                5.0
            ],
            "length": 11.340144177989908,
            "solid_ids": [
                1,
                4
            ],
            "preferred_normal": [
                -0.3532851825803221,
                0.8536644366274504,
                0.3826834323650899
            ]
        }
    }
}