{
    "contact_edges": {
        "1": {
            "type": "line",
            "start": [
                138.67185936781,
                109.53293464656,
                5.0
            ],
            "end": [
                49.87615196845737,
                -49.6571928700252,
                5.0
            ],
            "length": 182.2804826395248,
            "solid_ids": [
                1,
                2
            ],
            "preferred_normal": [
                0.806847219519839,
                -0.45005661304593514,
                0.38268343236508984
            ]
        },
        "2": {
            "type": "line",
            "start": [
                138.67185936781,
                109.53293464656,
                5.0
            ],
            "end": [
                125.31765971544957,
                116.98186143229921,
                5.0
            ],
            "length": 15.291211809873225,
            "solid_ids": [
                1,
                2
            ],
            "preferred_normal": [
                0.45005661304593514,
                0.806847219519839,
                0.38268343236508984
            ]
        },
        "3": {
            "type": "line",
            "start": [
                49.876151968466,
                -49.65719287003,
                5.0
            ],
            "end": [
                36.52195231610404,
                -42.20826608428993,
                5.0
            ],
            "length": 15.29121180987498,
            "solid_ids": [
                1,
                2
            ],
            "preferred_normal": [
                -0.45005661304593514,
                -0.806847219519839,
                0.38268343236508984
            ]
        },
        "4": {
            "type": "line",
            "start": [
                125.31765971545,
                116.9818614323,
                5.0
            ],
            "end": [
                36.5219523160969,
                -42.208266084286066,
                5.0
            ],
            "length": 182.2804826395258,
            "solid_ids": [
                1,
                2
            ],
            "preferred_normal": [
                -0.806847219519839,
                0.45005661304593514,
                0.38268343236508984
            ]
        },
        "5": {
            "type": "line",
            "start": [
                48.39682307235118,
                -0.39130077057866336,
                5.0
            ],
            "end": [
                -51.35493295474861,
                55.24988677625048,
                5.0
            ],
            "length": 114.22063991289602,
            "solid_ids": [
                1,
                4
            ],
            "preferred_normal": [
                0.45005661304593514,
                0.806847219519839,
                0.38268343236508984
            ]
        },
        "6": {
            "type": "line",
            "start": [
                48.39682307234539,
                -0.3913007705758787,
                5.0
            ],
            "end": [
                45.94641014142386,
                -4.7843233430221135,
                5.0
            ],
            "length": 5.030225725954013,
            "solid_ids": [
                1,
                4
            ],
            "preferred_normal": [
                0.806847219519839,
                -0.45005661304593514,
                0.38268343236508984
            ]
        },
        "7": {
            "type": "line",
            "start": [
                -51.354932954753835,
                55.249886776250136,
                5.0
            ],
            "end": [
                -53.805345885675315,
                50.85686420380397,
                5.0
            ],
            "length": 5.030225725953927,
            "solid_ids": [
                1,
                4
            ],
            "preferred_normal": [
                -0.806847219519839,
                0.45005661304593514,
                0.38268343236508984
            ]
        },
        "8": {
            "type": "line",
            "start": [
                45.94641014142918,
                -4.7843233430246634,
                5.0
            ],
            "end": [
                -53.805345885668665,
                50.85686420380339,
                5.0
            ],
            "length": 114.22063991289379,
            "solid_ids": [
                1,
                4
            ],
            "preferred_normal": [
                -0.45005661304593514,
                -0.806847219519839,
                0.38268343236508984
            ]
        },
        "9": {
            "type": "line",
            "start": [
                -60.08818432711,
                60.121264452757,
                15.0
            ],
            "end": [
                -60.08818432711,
                60.121264452757,
                60.403001024777
            ],
            "length": 45.403001024777,
            "solid_ids": [
                3,
                4
            ],
            "preferred_normal": [
                0.7842636741340742,
                0.6204276665605127,
                0.0
            ]
        },
        "10": {
            "type": "line",
            "start": [
                -60.08818432711348,
                60.12126445275895,
                15.0
            ],
            "end": [
                -62.53859725803497,
                55.72824188031279,
                15.0
            ],
            "length": 5.0302257259539305,
            "solid_ids": [
                3,
                4
            ],
            "preferred_normal": [
                0.8733251372358787,
                -0.48713776765093225,
                0.0
            ]
        },
        "11": {
            "type": "line",
            "start": [
                -60.08818432711,
                60.121264452757,
                60.403001024777
            ],
            "end": [
                -62.538597258031494,
                55.72824188031083,
                60.403001024777
            ],
            "length": 5.030225725953939,
            "solid_ids": [
                3,
                4
            ],
            "preferred_normal": [
                0.33420706108813913,
                -0.18641955295932636,
                0.9238795325112867
            ]
        },
        "12": {
            "type": "line",
            "start": [
                -62.53859725803,
                55.72824188031,
                15.0
            ],
            "end": [
                -62.53859725803,
                55.72824188031,
                60.403001024777
            ],
            "length": 45.403001024777,
            "solid_ids": [
                3,
                4
            ],
            "preferred_normal": [
                -0.11584955195779609,
                -0.9932667724791653,
                0.0
            ]
        },
        "13": {
            "type": "line",
            "start": [
                12.275421558082,
                189.85244162122,
                5.0
            ],
            "end": [
                -92.55717236576558,
                1.9118926532711344,
                5.0
            ],
            "length": 215.20112150074013,
            "solid_ids": [
                1,
                3
            ],
            "preferred_normal": [
                0.806847219519839,
                -0.45005661304593514,
                0.38268343236508984
            ]
        },
        "14": {
            "type": "line",
            "start": [
                12.275421558082,
                189.85244162122,
                5.0
            ],
            "end": [
                3.5399466308994896,
                194.7250595889873,
                5.0
            ],
            "length": 10.002546079036227,