{
    "contact_edges": {
        "1": {
            "type": "line",
            "start": [
                -140.7944871708,
                -45.43785442619,
                5.0
            ],
            "end": [
                -141.7508322503439,
                -31.938512747176024,
                5.0
            ],
            "length": 13.533174855810136,
            "solid_ids": [
                1,
                2
            ],
            "preferred_normal": [
                -0.9215698173191869,
                -0.06528753632627125,
                0.38268343236508984
            ]
        },
        "2": {
            "type": "line",
            "start": [
                -140.7944871708,
                -45.43785442619,
                5.0
            ],
            "end": [
                58.076454332903054,
                -31.34907506986064,
                5.0
            ],
            "length": 199.36936845543906,
            "solid_ids": [
                1,
                2
            ],
            "preferred_normal": [
                0.06528753632627125,
                -0.9215698173191869,
                0.38268343236508984
            ]
        },
        "3": {
            "type": "line",
            "start": [
                -141.7508322504,
                -31.93851274718,
                5.0
            ],
            "end": [
                57.12010925335877,
                -17.84973339084669,
                5.0
            ],
            "length": 199.3693684554949,
            "solid_ids": [
                1,
                2
            ],
            "preferred_normal": [
                -0.06528753632627125,
                0.9215698173191869,
                0.38268343236508984
            ]
        },
        "4": {
            "type": "line",
            "start": [
                58.076454332903,
                -31.34907506986,
                5.0
            ],
            "end": [
                57.12010925335938,
                -17.849733390849973,
                5.0
            ],
            "length": 13.533174855806177,
            "solid_ids": [
                1,
                2
            ],
            "preferred_normal": [
                0.9215698173191869,
                0.06528753632627125,
                0.38268343236508984
            ]
        },
        "5": {
            "type": "line",
            "start": [
                -49.43470384048846,
                -15.373421719590599,
                5.0
            ],
            "end": [
                -58.16654767221757,
                107.88140114049949,
                5.0
            ],
            "length": 123.56373438421927,
            "solid_ids": [
                1,
                3
            ],
            "preferred_normal": [
                -0.9215698173191869,
                -0.06528753632627125,
                0.38268343236508984
            ]
        },
        "6": {
            "type": "line",
            "start": [
                -49.43470384047986,
                -15.37342171959157,
                5.0
            ],
            "end": [
                -46.05702911791945,
                -15.134134302617591,
                5.0
            ],
            "length": 3.3861401328571223,
            "solid_ids": [
                1,
                3
            ],
            "preferred_normal": [
                0.06528753632627125,
                -0.9215698173191869,
                0.3826834323650898
            ]
        },
        "7": {
            "type": "line",
            "start": [
                -58.16654767221,
                107.8814011405,
                5.0
            ],
            "end": [
                -54.788872949650276,
                108.12068855747394,
                5.0
            ],
            "length": 3.386140132856432,
            "solid_ids": [
                1,
                3
            ],
            "preferred_normal": [
                -0.06528753632627125,
                0.9215698173191869,
                0.38268343236508984
            ]
        },
        "8": {
            "type": "line",
            "start": [
                -46.05702911791921,
                -15.134134302609944,
                5.0
            ],
            "end": [
                -54.78887294964761,
                108.12068855747017,
                5.0
            ],
            "length": 123.56373438420927,
            "solid_ids": [
                1,
                3
            ],
            "preferred_normal": [
                0.9215698173191869,
                0.06528753632627125,
                0.38268343236508984
            ]
        },
        "9": {
            "type": "line",
            "start": [
                -48.72803663953,
                -25.3484215425,
                15.0
            ],
            "end": [
                -48.72803663953,
                -25.3484215425,
                66.658752831801
            ],
            "length": 51.658752831800996,
            "solid_ids": [
                2,
                3
            ],
            "preferred_normal": [
                -0.9486128003194546,
                0.3164391806810316,
                0.0
            ]
        },
        "10": {
            "type": "line",
            "start": [
                -48.72803663953017,
                -25.34842154249805,
                15.0
            ],
            "end": [
                -45.35036191696045,
                -25.109134125523408,
                15.0
            ],
            "length": 3.3861401328664464,
            "solid_ids": [
                2,
                3
            ],
            "preferred_normal": [
                -0.07066672009586235,
                0.9974999822911743,
                0.0
            ]
        },
        "11": {
            "type": "line",
            "start": [
                -48.72803663953,
                -25.3484215425,
                66.658752831801
            ],
            "end": [
                -45.350361916960324,
                -25.10913412552536,
                66.658752831801
            ],
            "length": 3.386140132866411,
            "solid_ids": [
                2,
                3
            ],
            "preferred_normal": [
                -0.027042983000267674,
                0.38172671700730293,
                0.9238795325112867
            ]
        },
        "12": {
            "type": "line",
            "start": [
                -45.35036191696,
                -25.10913412553,
                15.0
            ],
            "end": [
                -45.35036191696,
                -25.10913412553,
                66.658752831801
            ],
            "length": 51.658752831800996,
            "solid_ids": [
                2,
                3
            ],
            "preferred_normal": [
                0.8945268343189192,
                0.4470142533335742,
                0.0
            ]
        }
    }
}