{
    "contact_edges": {
        "1": {
            "type": "line",
            "start": [
                6.604485275922,
                53.843621998712,
                5.0
            ],
            "end": [
                -60.13467218680251,
                -130.4175035468245,
                5.0
            ],
            "length": 195.9751962013109,
            "solid_ids": [
                1,
                2
            ],
            "preferred_normal": [
                0.8686562678786339,
                -0.3146262526688397,
                0.38268343236508984
            ]
        },
        "2": {
            "type": "line",
            "start": [
                6.604485275922,
                53.843621998712,
                5.0
            ],
            "end": [
                -5.043914041167691,
                58.06265818396434,
                5.0
            ],
            "length": 12.388925416792377,
            "solid_ids": [
                1,
                2
            ],
            "preferred_normal": [
                0.3146262526688397,
                0.8686562678786339,
                0.38268343236508984
            ]
        },
        "3": {
            "type": "line",
            "start": [
                -60.13467218687,
                -130.4175035468,
                5.0
            ],
            "end": [
                -71.78307150397524,
                -126.19846736154203,
                5.0
            ],
            "length": 12.38892541680891,
            "solid_ids": [
                1,
                2
            ],
            "preferred_normal": [
                -0.3146262526688397,
                -0.8686562678786339,
                0.38268343236508984
            ]
        },
        "4": {
            "type": "line",
            "start": [
                -5.043914041166,
                58.062658183969,
                5.0
            ],
            "end": [
                -71.78307150387697,
                -126.19846736153012,
                5.0
            ],
            "length": 195.97519620127113,
            "solid_ids": [
                1,
                2
            ],
            "preferred_normal": [
                -0.8686562678786339,
                0.3146262526688397,
                0.38268343236508984
            ]
        },
        "5": {
            "type": "line",
            "start": [
                -40.24769991945052,
                -9.767644437223431,
                5.0
            ],
            "end": [
                -135.68041819861483,
                24.7979710363181,
                5.0
            ],
            "length": 101.4996822222369,
            "solid_ids": [
                1,
                3
            ],
            "preferred_normal": [
                0.3146262526688397,
                0.8686562678786339,
                0.38268343236508984
            ]
        },
        "6": {
            "type": "line",
            "start": [
                -40.24769991942001,
                -9.767644437232915,
                5.0
            ],
            "end": [
                -42.015723018529926,
                -14.649005524454553,
                5.0
            ],
            "length": 5.191684865515996,
            "solid_ids": [
                1,
                3
            ],
            "preferred_normal": [
                0.8686562678786339,
                -0.3146262526688397,
                0.38268343236508984
            ]
        },
        "7": {
            "type": "line",
            "start": [
                -135.6804181986,
                24.797971036359,
                5.0
            ],
            "end": [
                -137.44844129771047,
                19.916609949135797,
                5.0
            ],
            "length": 5.191684865517661,
            "solid_ids": [
                1,
                3
            ],
            "preferred_normal": [
                -0.8686562678786339,
                0.3146262526688397,
                0.38268343236508984
            ]
        },
        "8": {
            "type": "line",
            "start": [
                -42.015723018573205,
                -14.649005524448839,
                5.0
            ],
            "end": [
                -137.44844129771695,
                19.91660994908524,
                5.0
            ],
            "length": 101.49968222221504,
            "solid_ids": [
                1,
                3
            ],
            "preferred_normal": [
                -0.3146262526688397,
                -0.8686562678786339,
                0.38268343236508984
            ]
        },
        "9": {
            "type": "line",
            "start": [
                -30.84543222859,
                -13.17313445618,
                15.0
            ],
            "end": [
                -30.84543222859,
                -13.17313445618,
                65.526211420521
            ],
            "length": 50.526211420520994,
            "solid_ids": [
                2,
                3
            ],
            "preferred_normal": [
                -0.04518295452688684,
                0.9989787288126916,
                0.0
            ]
        },
        "10": {
            "type": "line",
            "start": [
                -30.84543222855133,
                -13.173134456194052,
                15.0
            ],
            "end": [
                -32.613455327663935,
                -18.054495543423105,
                15.0
            ],
            "length": 5.191684865523882,
            "solid_ids": [
                2,
                3
            ],
            "preferred_normal": [
                -0.9402267690869339,
                0.34054900189597614,
                0.0
            ]
        },
        "11": {
            "type": "line",
            "start": [
                -30.84543222859,
                -13.17313445618,
                65.526211420521
            ],
            "end": [
                -32.6134553277026,
                -18.054495543409057,
                65.526211420521
            ],
            "length": 5.191684865523888,
            "solid_ids": [
                2,
                3
            ],
            "preferred_normal": [
                -0.3598092071957267,
                0.13032246093405764,
                0.9238795325112866
            ]
        },
        "12": {
            "type": "line",
            "start": [
                -32.6134553277,
                -18.05449554341,
                15.0
            ],
            "end": [
                -32.6134553277,
                -18.05449554341,
                65.526211420521
            ],
            "length": 50.526211420520994,
            "solid_ids": [
                2,
                3
            ],
            "preferred_normal": [
                -0.6744354598645662,
                -0.7383338069445763,
                0.0
            ]
        }
    }
}