{
    "contact_edges": {
        "1": {
            "type": "line",
            "start": [
                -88.87462728312,
                -129.3207020034,
                5.0
            ],
            "end": [
                -96.24460790175527,
                -115.9275610384974,
                5.0
            ],
            "length": 15.287015379884041,
            "solid_ids": [
                1,
                2
            ],
            "preferred_normal": [
                -0.8094221472292272,
                -0.44540900099582714,
                0.3826834323650898
            ]
        },
        "2": {
            "type": "line",
            "start": [
                -88.87462728312,
                -129.3207020034,
                5.0
            ],
            "end": [
                145.83491406834597,
                -0.16468286628194803,
                5.0
            ],
            "length": 267.8989475170874,
            "solid_ids": [
                1,
                2
            ],
            "preferred_normal": [
                0.44540900099582714,
                -0.8094221472292272,
                0.3826834323650898
            ]
        },
        "3": {
            "type": "line",
            "start": [
                -96.24460790176,
                -115.9275610385,
                5.0
            ],
            "end": [
                138.46493344971066,
                13.228458098620612,
                5.0
            ],
            "length": 267.89894751709267,
            "solid_ids": [
                1,
                2
            ],
            "preferred_normal": [
                -0.44540900099582714,
                0.8094221472292272,
                0.3826834323650898
            ]
        },
        "4": {
            "type": "line",
            "start": [
                145.83491406833,
                -0.164682866253,
                5.0
            ],
            "end": [
                138.46493344969008,
                13.228458098658043,
                5.0
            ],
            "length": 15.287015379893694,
            "solid_ids": [
                1,
                2
            ],
            "preferred_normal": [
                0.8094221472292272,
                0.44540900099582714,
                0.3826834323650898
            ]
        },
        "5": {
            "type": "line",
            "start": [
                23.471683894668768,
                -38.63599016751957,
                5.0
            ],
            "end": [
                -15.5826685399174,
                32.33576328958195,
                5.0
            ],
            "length": 81.00760601857377,
            "solid_ids": [
                1,
                4
            ],
            "preferred_normal": [
                -0.8094221472292272,
                -0.44540900099582714,
                0.3826834323650898
            ]
        },
        "6": {
            "type": "line",
            "start": [
                23.471683894676687,
                -38.635990167535745,
                5.0
            ],
            "end": [
                29.20985504368956,
                -35.47838805870551,
                5.0
            ],
            "length": 6.549584659583603,
            "solid_ids": [
                1,
                4
            ],
            "preferred_normal": [
                0.44540900099582714,
                -0.8094221472292272,
                0.3826834323650898
            ]
        },
        "7": {
            "type": "line",
            "start": [
                -15.582668539916922,
                32.33576328955126,
                5.0
            ],
            "end": [
                -9.844497390905504,
                35.49336539838069,
                5.0
            ],
            "length": 6.54958465958194,
            "solid_ids": [
                1,
                4
            ],
            "preferred_normal": [
                -0.4454090009958272,
                0.8094221472292273,
                0.3826834323650899
            ]
        },
        "8": {
            "type": "line",
            "start": [
                29.209855043681,
                -35.47838805869,
                5.0
            ],
            "end": [
                -9.844497390906707,
                35.493365398414326,
                5.0
            ],
            "length": 81.00760601857696,
            "solid_ids": [
                1,
                4
            ],
            "preferred_normal": [
                0.8094221472292272,
                0.44540900099582714,
                0.3826834323650898
            ]
        },
        "9": {
            "type": "line",
            "start": [
                -20.40374082611,
                41.096885478623,
                15.0
            ],
            "end": [
                -20.40374082611,
                41.096885478623,
                61.537029770364
            ],
            "length": 46.537029770364,
            "solid_ids": [
                3,
                4
            ],
            "preferred_normal": [
                -0.6249276982137043,
                -0.7806826320633253,
                0.0
            ]
        },
        "10": {
            "type": "line",
            "start": [
                -20.403740826099448,
                41.09688547860388,
                15.0
            ],
            "end": [
                -14.665569677088467,
                44.25448758743307,
                15.0
            ],
            "length": 6.54958465958144,
            "solid_ids": [
                3,
                4
            ],
            "preferred_normal": [
                0.1844944490155229,
                -0.33527363106749786,
                -0.9238795325112868
            ]
        },
        "11": {
            "type": "line",
            "start": [
                -20.40374082611,
                41.096885478623,
                61.537029770364
            ],
            "end": [
                -14.665569677099008,
                44.254487587452196,
                61.537029770364
            ],
            "length": 6.549584659581454,
            "solid_ids": [
                3,
                4
            ],
            "preferred_normal": [
                0.18449444901552306,
                -0.33527363106749813,
                0.9238795325112867
            ]
        },
        "12": {
            "type": "line",
            "start": [
                -14.6655696771,
                44.254487587454,
                15.0
            ],
            "end": [
                -14.6655696771,
                44.254487587454,
                61.537029770364
            ],
            "length": 46.537029770364,
            "solid_ids": [
                3,
                4
            ],
            "preferred_normal": [
                0.9939165962447503,
                0.1101353699283291,
                0.0
            ]
        },
        "13": {
            "type": "line",
            "start": [
                -72.60053989963,
                12.374019159595,
                5.0
            ],
            "end": [
                -80.49845093194838,
                26.726544798079896,
                5.0
            ],
            "length": 16.38206308368341,
            "solid_ids": [
                1,
                3
            ],
            "preferred_normal": [
                -0.8094221472292272,
                -0.44540900099582714,
                0.3826834323650898
            ]
        },
        "14": {
            "type": "line",
            "start": [
                -72.60053989963,
                12.374019159595,
                5.0
            ],
            "end": [
                105.31821833789697,
                110.2791934079992,
                5.0
            ],
            "length": 203.07759028852482,