{
  "welds": [
    {
      "start": {
        "xyz": [
          -92.89333985169316,
          -72.95001247533392,
          5.0
        ],
        "pose": [
          0.2185686375150144,
          -0.7866984284727515,
          0.5773502691896256
        ]
      },
      "end": {
        "xyz": [
          -101.82834314711303,
          -67.90036773297307,
          5.0
        ],
        "pose": [
          -0.7866984284727515,
          -0.2185686375150144,
          0.5773502691896256
        ]
      }
    },
    {
      "start": {
        "xyz": [
          -101.82834314711303,
          -67.90036773297307,
          5.0
        ],
        "pose": [
          -0.7866984284727515,
          -0.2185686375150144,
          0.5773502691896256
        ]
      },
      "end": {
        "xyz": [
          -24.196723926120654,
          69.46350813535985,
          5.0
        ],
        "pose": [
          -0.2185686375150144,
          0.7866984284727515,
          0.5773502691896256
        ]
      }
    },
    {
      "start": {
        "xyz": [
          -24.196723926120654,
          69.46350813535985,
          5.0
        ],
        "pose": [
          -0.2185686375150144,
          0.7866984284727515,
          0.5773502691896256
        ]
      },
      "end": {
        "xyz": [
          -15.26172063066,
          64.413863392976,
          5.0
        ],
        "pose": [
          0.7866984284727515,
          0.2185686375150144,
          0.5773502691896256
        ]
      }
    },
    {
      "start": {
        "xyz": [
          -15.26172063066,
          64.413863392976,
          5.0
        ],
        "pose": [
          0.7866984284727515,
          0.2185686375150144,
          0.5773502691896256
        ]
      },
      "end": {
        "xyz": [
          -92.89333985169316,
          -72.95001247533392,
          5.0
        ],
        "pose": [
          0.2185686375150144,
          -0.7866984284727515,
          0.5773502691896256
        ]
      }
    }
  ]
}