{
    "contact_edges": {
        "1": {
            "type": "line",
            "start": [
                42.170435855988,
                36.983721448302,
                5.0
            ],
            "end": [
                42.10608120632843,
                28.052388985633005,
                5.0
            ],
            "length": 8.931564313134503,
            "solid_ids": [
                1,
                2
            ],
            "preferred_normal": [
                0.9238555499375541,
                -0.006656834296649933,
                0.38268343236508984
            ]
        },
        "2": {
            "type": "line",
            "start": [
                42.170435855988,
                36.983721448302,
                5.0
            ],
            "end": [
                -142.7390486921,
                38.31608536449948,
                5.0
            ],
            "length": 184.91428465493084,
            "solid_ids": [
                1,
                2
            ],
            "preferred_normal": [
                0.006656834296649933,
                0.9238555499375541,
                0.38268343236508984
            ]
        },
        "3": {
            "type": "line",
            "start": [
                42.106081206329,
                28.052388985633,
                5.0
            ],
            "end": [
                -142.8034033418,
                29.384752901830772,
                5.0
            ],
            "length": 184.91428465497182,
            "solid_ids": [
                1,
                2
            ],
            "preferred_normal": [
                -0.006656834296649933,
                -0.9238555499375541,
                0.38268343236508984
            ]
        },
        "4": {
            "type": "line",
            "start": [
                -142.7390486921,
                38.316085364499,
                5.0
            ],
            "end": [
                -142.80340334175958,
                29.38475290182971,
                5.0
            ],
            "length": 8.931564313134801,
            "solid_ids": [
                1,
                2
            ],
            "preferred_normal": [
                -0.9238555499375541,
                0.006656834296649933,
                0.38268343236508984
            ]
        },
        "5": {
            "type": "line",
            "start": [
                132.18346595197,
                -102.1426481335,
                5.0
            ],
            "end": [
                132.09489965636206,
                -114.43414587680002,
                5.0
            ],
            "length": 12.291816821050785,
            "solid_ids": [
                1,
                3
            ],
            "preferred_normal": [
                0.9238555499375541,
                -0.006656834296649933,
                0.38268343236508984
            ]
        },
        "6": {
            "type": "line",
            "start": [
                132.18346595197,
                -102.1426481335,
                5.0
            ],
            "end": [
                7.633925658100443,
                -101.24520734687891,
                5.0
            ],
            "length": 124.55277350336172,
            "solid_ids": [
                1,
                3
            ],
            "preferred_normal": [
                0.006656834296649933,
                0.9238555499375541,
                0.38268343236508984
            ]
        },
        "7": {
            "type": "line",
            "start": [
                132.09489965636,
                -114.4341458768,
                5.0
            ],
            "end": [
                7.545359362492439,
                -113.53670509017893,
                5.0
            ],
            "length": 124.55277350335975,
            "solid_ids": [
                1,
                3
            ],
            "preferred_normal": [
                -0.006656834296649933,
                -0.9238555499375541,
                0.38268343236508984
            ]
        },
        "8": {
            "type": "line",
            "start": [
                7.633925658101,
                -101.2452073468,
                5.0
            ],
            "end": [
                7.5453593624930715,
                -113.5367050901,
                5.0
            ],
            "length": 12.291816821050771,
            "solid_ids": [
                1,
                3
            ],
            "preferred_normal": [
                -0.9238555499375541,
                0.006656834296649933,
                0.38268343236508984
            ]
        },
        "9": {
            "type": "line",
            "start": [
                146.62420466512,
                -49.36050777283,
                5.0
            ],
            "end": [
                146.53841267635602,
                -61.266978841170044,
                5.0
            ],
            "length": 11.90678015109688,
            "solid_ids": [
                1,
                4
            ],
            "preferred_normal": [
                0.9238555499375541,
                -0.006656834296649933,
                0.38268343236508984
            ]
        },
        "10": {
            "type": "line",
            "start": [
                146.62420466512,
                -49.36050777283,
                5.0
            ],
            "end": [
                -87.46656066701001,
                -47.67376850358246,
                5.0
            ],
            "length": 234.09684214688755,
            "solid_ids": [
                1,
                4
            ],
            "preferred_normal": [
                0.006656834296649933,
                0.9238555499375541,
                0.38268343236508984
            ]
        },
        "11": {
            "type": "line",
            "start": [
                146.53841267635,
                -61.26697884117,
                5.0
            ],
            "end": [
                -87.55235265578003,
                -59.58023957192246,
                5.0
            ],
            "length": 234.09684214688755,
            "solid_ids": [
                1,
                4
            ],
            "preferred_normal": [
                -0.006656834296649933,
                -0.9238555499375541,
                0.38268343236508984
            ]
        },
        "12": {
            "type": "line",
            "start": [
                -87.46656066701,
                -47.67376850358,
                5.0
            ],
            "end": [
                -87.552352655774,
                -59.580239571920046,
                5.0
            ],
            "length": 11.90678015109688,
            "solid_ids": [
                1,
                4
            ],
            "preferred_normal": [
                -0.9238555499375541,
                0.006656834296649933,
                0.38268343236508984
            ]
        }
    }
}