{
    "contact_edges": {
        "1": {
            "type": "line",
            "start": [
                33.508242622181,
                -111.2272919457,
                5.0
            ],
            "end": [
                22.523474144924464,
                -120.29255514446906,
                5.0
            ],
            "length": 14.242336021941258,
            "solid_ids": [
                1,
                2
            ],
            "preferred_normal": [
                0.5880503811501121,
                -0.7125658845485667,
                0.38268343236508984
            ]
        },
        "2": {
            "type": "line",
            "start": [
                33.508242622181,
                -111.2272919457,
                5.0
            ],
            "end": [
                -100.7496388181132,
                51.45874502108616,
                5.0
            ],
            "length": 210.93109147964557,
            "solid_ids": [
                1,
                2
            ],
            "preferred_normal": [
                0.7125658845485667,
                0.5880503811501121,
                0.38268343236508984
            ]
        },
        "3": {
            "type": "line",
            "start": [
                22.52347414495,
                -120.2925551445,
                5.0
            ],
            "end": [
                -111.7344072953606,
                42.39348182230604,
                5.0
            ],
            "length": 210.93109147967135,
            "solid_ids": [
                1,
                2
            ],
            "preferred_normal": [
                -0.7125658845485667,
                -0.5880503811501121,
                0.38268343236508984
            ]
        },
        "4": {
            "type": "line",
            "start": [
                -100.7496388181,
                51.458745021097,
                5.0
            ],
            "end": [
                -111.73440729530913,
                42.39348182236706,
                5.0
            ],
            "length": 14.242336021879797,
            "solid_ids": [
                1,
                2
            ],
            "preferred_normal": [
                -0.5880503811501121,
                0.7125658845485667,
                0.38268343236508984
            ]
        }
    }
}