{
    "contact_edges": {
        "1": {
            "type": "line",
            "start": [
                82.13729548472,
                62.530194740248,
                5.0
            ],
            "end": [
                79.73060088358152,
                48.5969001158677,
                5.0
            ],
            "length": 14.139620857467648,
            "solid_ids": [
                1,
                2
            ],
            "preferred_normal": [
                0.9103982245122197,
                -0.1572528645153137,
                0.38268343236508984
            ]
        },
        "2": {
            "type": "line",
            "start": [
                82.13729548472,
                62.530194740248,
                5.0
            ],
            "end": [
                -69.77357346497304,
                88.76972229001753,
                5.0
            ],
            "length": 154.1603869711215,
            "solid_ids": [
                1,
                2
            ],
            "preferred_normal": [
                0.1572528645153137,
                0.9103982245122197,
                0.38268343236508984
            ]
        },
        "3": {
            "type": "line",
            "start": [
                79.730600883574,
                48.596900115869,
                5.0
            ],
            "end": [
                -72.18026806612296,
                74.8364276656392,
                5.0
            ],
            "length": 154.1603869711255,
            "solid_ids": [
                1,
                2
            ],
            "preferred_normal": [
                -0.1572528645153137,
                -0.9103982245122197,
                0.38268343236508984
            ]
        },
        "4": {
            "type": "line",
            "start": [
                -69.77357346496,
                88.769722290093,
                5.0
            ],
            "end": [
                -72.1802680660986,
                74.83642766571202,
                5.0
            ],
            "length": 14.139620857468335,
            "solid_ids": [
                1,
                2
            ],
            "preferred_normal": [
                -0.9103982245122197,
                0.1572528645153137,
                0.38268343236508984
            ]
        },
        "5": {
            "type": "line",
            "start": [
                130.30091735519,
                -4.467924060017,
                5.0
            ],
            "end": [
                127.62845045405234,
                -19.939878287130405,
                5.0
            ],
            "length": 15.70106515315342,
            "solid_ids": [
                1,
                3
            ],
            "preferred_normal": [
                0.9103982245122197,
                -0.1572528645153137,
                0.38268343236508984
            ]
        },
        "6": {
            "type": "line",
            "start": [
                130.30091735519,
                -4.467924060017,
                5.0
            ],
            "end": [
                -64.88044730963702,
                29.245705719958597,
                5.0
            ],
            "length": 198.0716384174308,
            "solid_ids": [
                1,
                3
            ],
            "preferred_normal": [
                0.1572528645153137,
                0.9103982245122197,
                0.38268343236508984
            ]
        },
        "7": {
            "type": "line",
            "start": [
                127.62845045405,
                -19.93987828713,
                5.0
            ],
            "end": [
                -67.55291421078674,
                13.773751492847275,
                5.0
            ],
            "length": 198.07163841744065,
            "solid_ids": [
                1,
                3
            ],
            "preferred_normal": [
                -0.1572528645153137,
                -0.9103982245122197,
                0.38268343236508984
            ]
        },
        "8": {
            "type": "line",
            "start": [
                -64.88044730962,
                29.245705720057,
                5.0
            ],
            "end": [
                -67.55291421075795,
                13.773751492941914,
                5.0
            ],
            "length": 15.701065153155128,
            "solid_ids": [
                1,
                3
            ],
            "preferred_normal": [
                -0.9103982245122197,
                0.1572528645153137,
                0.38268343236508984
            ]
        },
        "9": {
            "type": "line",
            "start": [
                86.788009969464,
                -100.8709896148,
                5.0
            ],
            "end": [
                85.3408827683334,
                -109.24897394350094,
                5.0
            ],
            "length": 8.502046727007018,
            "solid_ids": [
                1,
                4
            ],
            "preferred_normal": [
                0.9103982245122197,
                -0.1572528645153137,
                0.38268343236508984
            ]
        },
        "10": {
            "type": "line",
            "start": [
                86.788009969464,
                -100.8709896148,
                5.0
            ],
            "end": [
                -123.77904998471311,
                -64.49979241908567,
                5.0
            ],
            "length": 213.68516729804986,
            "solid_ids": [
                1,
                4
            ],
            "preferred_normal": [
                0.1572528645153137,
                0.9103982245122197,
                0.38268343236508984
            ]
        },
        "11": {
            "type": "line",
            "start": [
                85.340882768328,
                -109.2489739435,
                5.0
            ],
            "end": [
                -125.22617718590958,
                -72.87777674777523,
                5.0
            ],
            "length": 213.68516729811122,
            "solid_ids": [
                1,
                4
            ],
            "preferred_normal": [
                -0.1572528645153137,
                -0.9103982245122197,
                0.38268343236508984
            ]
        },
        "12": {
            "type": "line",
            "start": [
                -123.7790499847,
                -64.49979241901,
                5.0
            ],
            "end": [
                -125.22617718583412,
                -72.87777674773139,
                5.0
            ],
            "length": 8.502046727027754,
            "solid_ids": [
                1,
                4
            ],
            "preferred_normal": [
                -0.9103982245122197,
                0.1572528645153137,
                0.38268343236508984
            ]
        }
    }
}