{
    "contact_edges": {
        "1": {
            "type": "line",
            "start": [
                -25.66433569459,
                -21.48122148689,
                5.0
            ],
            "end": [
                -46.03097824944895,
                131.8305934612062,
                5.0
            ],
            "length": 154.65869756220206,
            "solid_ids": [
                1,
                2
            ],
            "preferred_normal": [
                -0.9158337045075482,
                -0.1216635371886527,
                0.38268343236508984
            ]
        },
        "2": {
            "type": "line",
            "start": [
                -25.66433569459,
                -21.48122148689,
                5.0
            ],
            "end": [
                -15.918353058851158,
                -20.18652058758126,
                5.0
            ],
            "length": 9.8316035291703,
            "solid_ids": [
                1,
                2
            ],
            "preferred_normal": [
                0.1216635371886527,
                -0.9158337045075482,
                0.38268343236508984
            ]
        },
        "3": {
            "type": "line",
            "start": [
                -46.03097824942,
                131.83059346121,
                5.0
            ],
            "end": [
                -36.28499561369098,
                133.12529436051742,
                5.0
            ],
            "length": 9.831603529160391,
            "solid_ids": [
                1,
                2
            ],
            "preferred_normal": [
                -0.1216635371886527,
                0.9158337045075482,
                0.38268343236508984
            ]
        },
        "4": {
            "type": "line",
            "start": [
                -15.91835305885,
                -20.18652058759,
                5.0
            ],
            "end": [
                -36.28499561370912,
                133.1252943605075,
                5.0
            ],
            "length": 154.65869756220337,
            "solid_ids": [
                1,
                2
            ],
            "preferred_normal": [
                0.9158337045075482,
                0.1216635371886527,
                0.38268343236508984
            ]
        },
        "5": {
            "type": "line",
            "start": [
                122.16400699581,
                -54.64269067997,
                5.0
            ],
            "end": [
                99.45696565062538,
                116.28669600488527,
                5.0
            ],
            "length": 172.43104407012302,
            "solid_ids": [
                1,
                3
            ],
            "preferred_normal": [
                -0.9158337045075482,
                -0.1216635371886527,
                0.38268343236508984
            ]
        },
        "6": {
            "type": "line",
            "start": [
                122.16400699581,
                -54.64269067997,
                5.0
            ],
            "end": [
                135.3992676586798,
                -52.884458131928525,
                5.0
            ],
            "length": 13.35153573590324,
            "solid_ids": [
                1,
                3
            ],
            "preferred_normal": [
                0.1216635371886527,
                -0.9158337045075482,
                0.38268343236508984
            ]
        },
        "7": {
            "type": "line",
            "start": [
                99.456965650661,
                116.28669600489,
                5.0
            ],
            "end": [
                112.69222631352,
                118.04492855293005,
                5.0
            ],
            "length": 13.351535735892332,
            "solid_ids": [
                1,
                3
            ],
            "preferred_normal": [
                -0.1216635371886527,
                0.9158337045075482,
                0.38268343236508984
            ]
        },
        "8": {
            "type": "line",
            "start": [
                135.39926765868,
                -52.88445813193,
                5.0
            ],
            "end": [
                112.6922263134952,
                118.0449285529267,
                5.0
            ],
            "length": 172.43104407012444,
            "solid_ids": [
                1,
                3
            ],
            "preferred_normal": [
                0.9158337045075482,
                0.1216635371886527,
                0.38268343236508984
            ]
        },
        "9": {
            "type": "line",
            "start": [
                50.792383485886,
                -133.6746350022,
                5.0
            ],
            "end": [
                27.39574936854736,
                42.445726051123245,
                5.0
            ],
            "length": 177.66762244588506,
            "solid_ids": [
                1,
                4
            ],
            "preferred_normal": [
                -0.9158337045075482,
                -0.1216635371886527,
                0.38268343236508984
            ]
        },
        "10": {
            "type": "line",
            "start": [
                50.792383485886,
                -133.6746350022,
                5.0
            ],
            "end": [
                61.54570858031072,
                -132.24611412435058,
                5.0
            ],
            "length": 10.84779574313769,
            "solid_ids": [
                1,
                4
            ],
            "preferred_normal": [
                0.1216635371886527,
                -0.9158337045075482,
                0.38268343236508984
            ]
        },
        "11": {
            "type": "line",
            "start": [
                27.395749368576,
                42.445726051127,
                5.0
            ],
            "end": [
                38.149074462993674,
                43.87424692897549,
                5.0
            ],
            "length": 10.84779574313058,
            "solid_ids": [
                1,
                4
            ],
            "preferred_normal": [
                -0.1216635371886527,
                0.9158337045075482,
                0.38268343236508984
            ]
        },
        "12": {
            "type": "line",
            "start": [
                61.545708580304,
                -132.2461141243,
                5.0
            ],
            "end": [
                38.149074462972415,
                43.87424692897018,
                5.0
            ],
            "length": 177.6676224458315,
            "solid_ids": [
                1,
                4
            ],
            "preferred_normal": [
                0.9158337045075482,
                0.1216635371886527,
                0.38268343236508984
            ]
        }
    }
}