{
    "contact_edges": {
        "1": {
            "type": "line",
            "start": [
                870.0,
                100.0,
                20.000000000000004
            ],
            "end": [
                870.0,
                90.0,
                20.0
            ],
            "length": 10.0,
            "solid_ids": [
                1,
                2
            ],
            "preferred_normal": [
                0.9442995384080838,
                -1.169152578381198e-16,
                0.3290871947710513
            ]
        },
        "2": {
            "type": "line",
            "start": [
                870.0,
                100.0,
                20.0
            ],
            "end": [
                130.0,
                100.0,
                20.0
            ],
            "length": 740.0,
            "solid_ids": [
                1,
                2
            ],
            "preferred_normal": [
                0.0,
                0.9238795325112867,
                0.3826834323650899
            ]
        },
        "3": {
            "type": "line",
            "start": [
                130.0,
                90.0,
                20.0
            ],
            "end": [
                870.0,
                90.0,
                20.0
            ],
            "length": 740.0,
            "solid_ids": [
                1,
                2
            ],
            "preferred_normal": [
                0.0,
                -0.9238795325112867,
                0.3826834323650899
            ]
        },
        "4": {
            "type": "line",
            "start": [
                130.0,
                90.0,
                20.0
            ],
            "end": [
                130.0,
                100.0,
                20.0
            ],
            "length": 10.0,
            "solid_ids": [
                1,
                2
            ],
            "preferred_normal": [
                -0.9442995384080836,
                0.0,
                0.329087194771052
            ]
        },
        "5": {
            "type": "line",
            "start": [
                130.0,
                900.0,
                20.0
            ],
            "end": [
                130.0,
                910.0,
                20.0
            ],
            "length": 10.0,
            "solid_ids": [
                1,
                3
            ],
            "preferred_normal": [
                -0.9569403357322088,
                0.0,
                0.2902846772544622
            ]
        },
        "6": {
            "type": "line",
            "start": [
                870.0,
                900.0,
                20.0
            ],
            "end": [
                130.0,
                900.0,
                20.0
            ],
            "length": 740.0,
            "solid_ids": [
                1,
                3
            ],
            "preferred_normal": [
                0.0,
                -0.9238795325112867,
                0.3826834323650899
            ]
        },
        "7": {
            "type": "line",
            "start": [
                130.0,
                910.0,
                20.0
            ],
            "end": [
                870.0,
                910.0,
                20.0
            ],
            "length": 740.0,
            "solid_ids": [
                1,
                3
            ],
            "preferred_normal": [
                0.0,
                0.9238795325112867,
                0.3826834323650899
            ]
        },
        "8": {
            "type": "line",
            "start": [
                870.0,
                910.0,
                20.0
            ],
            "end": [
                870.0,
                900.0,
                20.0
            ],
            "length": 10.0,
            "solid_ids": [
                1,
                3
            ],
            "preferred_normal": [
                0.8819212643483563,
                0.0,
                0.47139673682599553
            ]
        },
        "9": {
            "type": "line",
            "start": [
                495.0,
                870.0,
                20.0
            ],
            "end": [
                505.0,
                870.0,
                20.0
            ],
            "length": 10.0,
            "solid_ids": [
                1,
                4
            ],
            "preferred_normal": [
                0.0,
                0.9442995384080838,
                0.3290871947710513
            ]
        },
        "10": {
            "type": "line",
            "start": [
                495.0,
                870.0,
                20.0
            ],
            "end": [
                495.0,
                530.0,
                20.0
            ],
            "length": 340.0,
            "solid_ids": [
                1,
                4
            ],
            "preferred_normal": [
                -0.9238795325112867,
                0.0,
                0.3826834323650899
            ]
        },
        "11": {
            "type": "line",
            "start": [
                505.0,
                530.0,
                20.0
            ],
            "end": [
                505.0,
                870.0,
                20.0
            ],
            "length": 340.0,
            "solid_ids": [
                1,
                4
            ],
            "preferred_normal": [
                0.9238795325112867,
                0.0,
                0.3826834323650899
            ]
        },
        "12": {
            "type": "line",
            "start": [
                505.0,
                530.0,
                20.0
            ],
            "end": [
                495.0,
                530.0,
                20.0
            ],
            "length": 10.0,
            "solid_ids": [
                1,
                4
            ],
            "preferred_normal": [
                0.0,
                -0.9238795325112874,
                0.3826834323650882
            ]
        },
        "13": {
            "type": "line",
            "start": [
                505.0,
                900.0,
                50.0
            ],
            "end": [
                495.0,
                900.0,
                50.0
            ],
            "length": 10.0,
            "solid_ids": [
                3,
                4
            ],
            "preferred_normal": [
                0.0,
                -0.32908719477105636,
                -0.9442995384080821
            ]
        },
        "14": {
            "type": "line",
            "start": [
                505.0,
                900.0,
                170.0
            ],
            "end": [
                505.0,
                900.0,
                50.0
            ],
            "length": 120.0,
            "solid_ids": [
                3,
                4
            ],
            "preferred_normal": [
                0.9238795325112867,
                -0.3826834323650899,
                0.0
            ]
        },
        "15": {
            "type": "line",
            "start": [
                495.0,
                900.0,
                170.0
            ],
            "end": [
                495.0,
                900.0,
                50.0
            ],
            "length": 120.0,
            "solid_ids": [
                3,
                4
            ],
            "preferred_normal": [
                -0.9238795325112867,
                -0.3826834323650899,
                0.0
            ]
        },
        "16": {
            "type": "line",
            "start": [
                495.0,
                900.0,
                170.0
            ],
            "end": [
                505.0,
                900.0,
                170.0
            ],
            "length": 10.0,