{
    "contact_edges": {
        "1": {
            "type": "line",
            "start": [
                59.142552119606,
                -61.10218831701,
                5.0
            ],
            "end": [
                -136.4240208600248,
                52.42645819385131,
                5.0
            ],
            "length": 226.1305774228363,
            "solid_ids": [
                1,
                2
            ],
            "preferred_normal": [
                -0.46383286179368965,
                -0.7990071757584845,
                0.38268343236508984
            ]
        },
        "2": {
            "type": "line",
            "start": [
                59.142552119606,
                -61.10218831701,
                5.0
            ],
            "end": [
                66.8303963491384,
                -47.85896384654965,
                5.0
            ],
            "length": 15.312933855814643,
            "solid_ids": [
                1,
                2
            ],
            "preferred_normal": [
                0.7990071757584845,
                -0.46383286179368965,
                0.38268343236508984
            ]
        },
        "3": {
            "type": "line",
            "start": [
                -136.42402086,
                52.426458193894,
                5.0
            ],
            "end": [
                -128.73617663047725,
                65.66968266433778,
                5.0
            ],
            "length": 15.312933855795485,
            "solid_ids": [
                1,
                2
            ],
            "preferred_normal": [
                -0.7990071757584845,
                0.46383286179368965,
                0.38268343236508984
            ]
        },
        "4": {
            "type": "line",
            "start": [
                66.830396349139,
                -47.85896384655,
                5.0
            ],
            "end": [
                -128.7361766305152,
                65.66968266432488,
                5.0
            ],
            "length": 226.13057742286333,
            "solid_ids": [
                1,
                2
            ],
            "preferred_normal": [
                0.46383286179368965,
                0.7990071757584845,
                0.38268343236508984
            ]
        },
        "5": {
            "type": "line",
            "start": [
                23.583746915397747,
                -11.190942101750434,
                5.0
            ],
            "end": [
                55.73852127847293,
                44.19947450572927,
                5.0
            ],
            "length": 64.04707461149526,
            "solid_ids": [
                1,
                4
            ],
            "preferred_normal": [
                0.7990071757584845,
                -0.46383286179368965,
                0.38268343236508984
            ]
        },
        "6": {
            "type": "line",
            "start": [
                23.583746915391046,
                -11.190942101760248,
                5.0
            ],
            "end": [
                17.169376646957645,
                -7.467326333995061,
                5.0
            ],
            "length": 7.4168362747543455,
            "solid_ids": [
                1,
                4
            ],
            "preferred_normal": [
                -0.46383286179368965,
                -0.7990071757584845,
                0.38268343236508984
            ]
        },
        "7": {
            "type": "line",
            "start": [
                55.73852127847547,
                44.199474505712764,
                5.0
            ],
            "end": [
                49.3241510100389,
                47.923090273479794,
                5.0
            ],
            "length": 7.416836274758011,
            "solid_ids": [
                1,
                4
            ],
            "preferred_normal": [
                0.46383286179368965,
                0.7990071757584845,
                0.3826834323650898
            ]
        },
        "8": {
            "type": "line",
            "start": [
                17.16937664695597,
                -7.4673263339886615,
                5.0
            ],
            "end": [
                49.324151010035315,
                47.92309027349821,
                5.0
            ],
            "length": 64.04707461150355,
            "solid_ids": [
                1,
                4
            ],
            "preferred_normal": [
                -0.7990071757584845,
                0.46383286179368965,
                0.38268343236508984
            ]
        },
        "9": {
            "type": "line",
            "start": [
                60.759011996931,
                52.847865855909,
                15.0
            ],
            "end": [
                60.759011996931,
                52.847865855909,
                50.763905886929
            ],
            "length": 35.763905886929,
            "solid_ids": [
                3,
                4
            ],
            "preferred_normal": [
                0.6068813137292128,
                -0.7947924704262771,
                0.0
            ]
        },
        "10": {
            "type": "line",
            "start": [
                60.75901199692516,
                52.84786585589894,
                15.0
            ],
            "end": [
                54.344641728488575,
                56.571481623665974,
                15.0
            ],
            "length": 7.416836274758027,
            "solid_ids": [
                3,
                4
            ],
            "preferred_normal": [
                -0.19212586202927148,
                -0.3309596086325873,
                -0.9238795325112868
            ]
        },
        "11": {
            "type": "line",
            "start": [
                60.759011996931,
                52.847865855909,
                50.763905886929
            ],
            "end": [
                54.34464172849443,
                56.57148162367602,
                50.763905886929
            ],
            "length": 7.416836274758007,
            "solid_ids": [
                3,
                4
            ],
            "preferred_normal": [
                -0.1921258620292717,
                -0.33095960863258767,
                0.9238795325112867
            ]
        },
        "12": {
            "type": "line",
            "start": [
                54.344641728495,
                56.571481623677,
                15.0
            ],
            "end": [
                54.344641728495,
                56.571481623677,
                50.763905886929
            ],
            "length": 35.763905886929,
            "solid_ids": [
                3,
                4
            ],
            "preferred_normal": [
                -0.9911330377877562,
                0.13287325316110216,
                0.0
            ]
        },
        "13": {
            "type": "line",
            "start": [
                130.13312120536,
                12.575396991033,
                5.0
            ],
            "end": [
                -38.78843988475189,
                110.63630742616957,
                5.0
            ],
            "length": 195.32136584738566,
            "solid_ids": [
                1,
                3
            ],
            "preferred_normal": [
                -0.46383286179368965,
                -0.7990071757584845,
                0.38268343236508984
            ]
        },
        "14": {
            "type": "line",
            "start": [
                130.13312120536,
                12.575396991033,
                5.0
            ],
            "end": [
                136.6469272222056,
                23.796201245461564,
                5.0
            ],
            "length": 12.974440910547784,