{
    "contact_edges": {
        "1": {
            "type": "line",
            "start": [
                86.419293192037,
                -67.04976281064,
                5.0
            ],
            "end": [
                78.87690699398614,
                -80.49953240654064,
                5.0
            ],
            "length": 15.420242921023043,
            "solid_ids": [
                1,
                2
            ],
            "preferred_normal": [
                0.8058217312325454,
                -0.4518901725714523,
                0.38268343236508984
            ]
        },
        "2": {
            "type": "line",
            "start": [
                86.419293192037,
                -67.04976281064,
                5.0
            ],
            "end": [
                -127.09435742111762,
                52.68480959206861,
                5.0
            ],
            "length": 244.79470342843558,
            "solid_ids": [
                1,
                2
            ],
            "preferred_normal": [
                0.4518901725714523,
                0.8058217312325454,
                0.38268343236508984
            ]
        },
        "3": {
            "type": "line",
            "start": [
                78.876906993985,
                -80.49953240654,
                5.0
            ],
            "end": [
                -134.63674361913135,
                39.23503999614716,
                5.0
            ],
            "length": 244.7947034283917,
            "solid_ids": [
                1,
                2
            ],
            "preferred_normal": [
                -0.4518901725714523,
                -0.8058217312325454,
                0.38268343236508984
            ]
        },
        "4": {
            "type": "line",
            "start": [
                -127.0943574211,
                52.6848095921,
                5.0
            ],
            "end": [
                -134.63674361913715,
                39.23503999622383,
                5.0
            ],
            "length": 15.420242920994998,
            "solid_ids": [
                1,
                2
            ],
            "preferred_normal": [
                -0.8058217312325454,
                0.4518901725714523,
                0.38268343236508984
            ]
        },
        "5": {
            "type": "line",
            "start": [
                12.691168891666283,
                -54.84883512873128,
                5.0
            ],
            "end": [
                -16.489363795573546,
                -106.88428266792606,
                5.0
            ],
            "length": 59.65895815814557,
            "solid_ids": [
                1,
                3
            ],
            "preferred_normal": [
                0.8058217312325454,
                -0.4518901725714523,
                0.38268343236508984
            ]
        },
        "6": {
            "type": "line",
            "start": [
                12.691168891658435,
                -54.84883512873991,
                5.0
            ],
            "end": [
                4.372369522107127,
                -50.18380372415869,
                5.0
            ],
            "length": 9.537554243965074,
            "solid_ids": [
                1,
                3
            ],
            "preferred_normal": [
                0.4518901725714523,
                0.8058217312325454,
                0.3826834323650898
            ]
        },
        "7": {
            "type": "line",
            "start": [
                -16.48936379562,
                -106.8842826679,
                5.0
            ],
            "end": [
                -24.808163165135664,
                -102.21925126333876,
                5.0
            ],
            "length": 9.537554243924212,
            "solid_ids": [
                1,
                3
            ],
            "preferred_normal": [
                -0.4518901725714523,
                -0.8058217312325454,
                0.38268343236508984
            ]
        },
        "8": {
            "type": "line",
            "start": [
                4.372369522113521,
                -50.183803724150856,
                5.0
            ],
            "end": [
                -24.80816316515995,
                -102.21925126340562,
                5.0
            ],
            "length": 59.65895815821435,
            "solid_ids": [
                1,
                3
            ],
            "preferred_normal": [
                -0.8058217312325454,
                0.4518901725714523,
                0.38268343236508984
            ]
        },
        "9": {
            "type": "line",
            "start": [
                17.582392873467,
                -46.12668356161,
                15.0
            ],
            "end": [
                17.582392873467,
                -46.12668356161,
                62.804631618406
            ],
            "length": 47.804631618406,
            "solid_ids": [
                2,
                3
            ],
            "preferred_normal": [
                0.6186426930503315,
                -0.7856724625029398,
                0.0
            ]
        },
        "10": {
            "type": "line",
            "start": [
                17.582392873461202,
                -46.12668356162035,
                15.0
            ],
            "end": [
                9.263593503909116,
                -41.46165215703869,
                15.0
            ],
            "length": 9.53755424396597,
            "solid_ids": [
                2,
                3
            ],
            "preferred_normal": [
                -0.48912239818012393,
                -0.872215156712221,
                0.0
            ]
        },
        "11": {
            "type": "line",
            "start": [
                17.582392873467,
                -46.12668356161,
                62.804631618406
            ],
            "end": [
                9.263593503914924,
                -41.461652157028354,
                62.804631618406
            ],
            "length": 9.537554243965957,
            "solid_ids": [
                2,
                3
            ],
            "preferred_normal": [
                -0.187179038182214,
                -0.3337822899314875,
                0.9238795325112867
            ]
        },
        "12": {
            "type": "line",
            "start": [
                9.263593503914,
                -41.46165215703,
                15.0
            ],
            "end": [
                9.263593503914,
                -41.46165215703,
                62.804631618406
            ],
            "length": 47.804631618406,
            "solid_ids": [
                2,
                3
            ],
            "preferred_normal": [
                -0.9930007694147595,
                0.11810788263996486,
                0.0
            ]
        }
    }
}