{
    "contact_edges": {
        "1": {
            "type": "line",
            "start": [
                -9.256037983144,
                44.686369678423,
                5.0
            ],
            "end": [
                -134.95494743581108,
                -48.436573386595015,
                5.0
            ],
            "length": 156.4356045236518,
            "solid_ids": [
                1,
                2
            ],
            "preferred_normal": [
                0.5499667506445204,
                -0.7423543384252439,
                0.38268343236508984
            ]
        },
        "2": {
            "type": "line",
            "start": [
                -9.256037983144,
                44.686369678423,
                5.0
            ],
            "end": [
                -16.65863209495585,
                54.67851529097967,
                5.0
            ],
            "length": 12.435488471578708,
            "solid_ids": [
                1,
                2
            ],
            "preferred_normal": [
                0.742354338425244,
                0.5499667506445204,
                0.3826834323650899
            ]
        },
        "3": {
            "type": "line",
            "start": [
                -134.9549474358,
                -48.43657338661,
                5.0
            ],
            "end": [
                -142.35754154764467,
                -38.44442777400901,
                5.0
            ],
            "length": 12.435488471633866,
            "solid_ids": [
                1,
                2
            ],
            "preferred_normal": [
                -0.742354338425244,
                -0.5499667506445204,
                0.3826834323650899
            ]
        },
        "4": {
            "type": "line",
            "start": [
                -16.65863209495,
                54.678515290984,
                5.0
            ],
            "end": [
                -142.35754154767827,
                -38.44442777407934,
                5.0
            ],
            "length": 156.43560452372793,
            "solid_ids": [
                1,
                2
            ],
            "preferred_normal": [
                -0.5499667506445204,
                0.7423543384252439,
                0.38268343236508984
            ]
        },
        "5": {
            "type": "line",
            "start": [
                147.85119349216,
                9.046823946912,
                5.0
            ],
            "end": [
                -62.97755434044948,
                -147.14381896616825,
                5.0
            ],
            "length": 262.38193124959537,
            "solid_ids": [
                1,
                3
            ],
            "preferred_normal": [
                0.5499667506445204,
                -0.7423543384252439,
                0.38268343236508984
            ]
        },
        "6": {
            "type": "line",
            "start": [
                147.85119349216,
                9.046823946912,
                5.0
            ],
            "end": [
                138.12672674486814,
                22.173072161488612,
                5.0
            ],
            "length": 16.33596173201508,
            "solid_ids": [
                1,
                3
            ],
            "preferred_normal": [
                0.742354338425244,
                0.5499667506445204,
                0.3826834323650899
            ]
        },
        "7": {
            "type": "line",
            "start": [
                -62.9775543405,
                -147.1438189661,
                5.0
            ],
            "end": [
                -72.70202108779885,
                -134.01757075151397,
                5.0
            ],
            "length": 16.33596173202681,
            "solid_ids": [
                1,
                3
            ],
            "preferred_normal": [
                -0.742354338425244,
                -0.5499667506445204,
                0.3826834323650899
            ]
        },
        "8": {
            "type": "line",
            "start": [
                138.12672674487,
                22.17307216149,
                5.0
            ],
            "end": [
                -72.70202108772249,
                -134.01757075157767,
                5.0
            ],
            "length": 262.3819312495742,
            "solid_ids": [
                1,
                3
            ],
            "preferred_normal": [
                -0.5499667506445204,
                0.7423543384252439,
                0.38268343236508984
            ]
        }
    }
}