{
    "contact_edges": {
        "1": {
            "type": "line",
            "start": [
                87.997020952328,
                160.7996929025,
                5.0
            ],
            "end": [
                -165.61405874838115,
                95.36850485456695,
                5.0
            ],
            "length": 261.9156736744165,
            "solid_ids": [
                1,
                2
            ],
            "preferred_normal": [
                0.23080151934903917,
                -0.8945859652707776,
                0.3826834323650899
            ]
        },
        "2": {
            "type": "line",
            "start": [
                87.997020952328,
                160.7996929025,
                5.0
            ],
            "end": [
                85.28565610835314,
                171.308934535699,
                5.0
            ],
            "length": 10.853370859880627,
            "solid_ids": [
                1,
                2
            ],
            "preferred_normal": [
                0.8945859652707776,
                0.23080151934903917,
                0.3826834323650899
            ]
        },
        "3": {
            "type": "line",
            "start": [
                -165.6140587484,
                95.36850485464,
                5.0
            ],
            "end": [
                -168.32542359236803,
                105.87774648781244,
                5.0
            ],
            "length": 10.853370859853216,
            "solid_ids": [
                1,
                2
            ],
            "preferred_normal": [
                -0.8945859652707776,
                -0.23080151934903917,
                0.3826834323650899
            ]
        },
        "4": {
            "type": "line",
            "start": [
                85.285656108357,
                171.3089345357,
                5.0
            ],
            "end": [
                -168.325423592288,
                105.8777464877835,
                5.0
            ],
            "length": 261.9156736743502,
            "solid_ids": [
                1,
                2
            ],
            "preferred_normal": [
                -0.23080151934903917,
                0.8945859652707776,
                0.3826834323650899
            ]
        },
        "5": {
            "type": "line",
            "start": [
                -101.644276448,
                -120.2341852329,
                5.0
            ],
            "end": [
                -105.00713849200875,
                -121.10179740126607,
                5.0
            ],
            "length": 3.472980276611368,
            "solid_ids": [
                1,
                3
            ],
            "preferred_normal": [
                0.23080151934903917,
                -0.8945859652707776,
                0.3826834323650899
            ]
        },
        "6": {
            "type": "line",
            "start": [
                -101.644276448,
                -120.2341852329,
                5.0
            ],
            "end": [
                -155.2919757910315,
                87.70412919718689,
                5.0
            ],
            "length": 214.7473358457003,
            "solid_ids": [
                1,
                3
            ],
            "preferred_normal": [
                0.8945859652707776,
                0.23080151934903917,
                0.3826834323650899
            ]
        },
        "7": {
            "type": "line",
            "start": [
                -105.007138492,
                -121.1017974013,
                5.0
            ],
            "end": [
                -158.65483783504214,
                86.83651702882814,
                5.0
            ],
            "length": 214.74733584574287,
            "solid_ids": [
                1,
                3
            ],
            "preferred_normal": [
                -0.8945859652707776,
                -0.23080151934903917,
                0.3826834323650899
            ]
        },
        "8": {
            "type": "line",
            "start": [
                -155.29197579098636,
                87.70412919714215,
                5.0
            ],
            "end": [
                -158.65483783498448,
                86.83651702877881,
                5.0
            ],
            "length": 3.472980276600394,
            "solid_ids": [
                1,
                3
            ],
            "preferred_normal": [
                -0.23080151934903917,
                0.8945859652707776,
                0.38268343236508984
            ]
        },
        "9": {
            "type": "line",
            "start": [
                -157.7901534346,
                97.387057910197,
                15.0
            ],
            "end": [
                -157.7901534346,
                97.387057910197,
                53.38833215456
            ],
            "length": 38.38833215456,
            "solid_ids": [
                2,
                3
            ],
            "preferred_normal": [
                0.9901870848014659,
                -0.1397481201747435,
                0.0
            ]
        },
        "10": {
            "type": "line",
            "start": [
                -157.79015343458514,
                97.38705791013936,
                15.0
            ],
            "end": [
                -161.15301547858326,
                96.51944574177604,
                15.0
            ],
            "length": 3.4729802766003903,
            "solid_ids": [
                2,
                3
            ],
            "preferred_normal": [
                0.24981776435903408,
                -0.9682928713001321,
                0.0
            ]
        },
        "11": {
            "type": "line",
            "start": [
                -157.7901534346,
                97.387057910197,
                53.38833215456
            ],
            "end": [
                -161.15301547859812,
                96.51944574183368,
                53.38833215456
            ],
            "length": 3.4729802766003903,
            "solid_ids": [
                2,
                3
            ],
            "preferred_normal": [
                0.09560111953068838,
                -0.3705496395237828,
                0.9238795325112866
            ]
        },
        "12": {
            "type": "line",
            "start": [
                -161.1530154786,
                96.519445741841,
                15.0
            ],
            "end": [
                -161.1530154786,
                96.519445741841,
                53.38833215456
            ],
            "length": 38.38833215456,
            "solid_ids": [
                2,
                3
            ],
            "preferred_normal": [
                -0.7989848457400891,
                -0.6013511588728219,
                0.0
            ]
        }
    }
}