{
    "contact_edges": {
        "1": {
            "type": "line",
            "start": [
                148.6209878459,
                119.46770973084,
                5.0
            ],
            "end": [
                -100.28443913676547,
                -84.65568777672014,
                5.0
            ],
            "length": 321.90102980800236,
            "solid_ids": [
                1,
                2
            ],
            "preferred_normal": [
                0.58584910143463,
                -0.7143768059935249,
                0.38268343236508984
            ]
        },
        "2": {
            "type": "line",
            "start": [
                148.6209878459,
                119.46770973084,
                5.0
            ],
            "end": [
                143.43304571703774,
                125.79381916519817,
                5.0
            ],
            "length": 8.18134488381338,
            "solid_ids": [
                1,
                2
            ],
            "preferred_normal": [
                0.7143768059935249,
                0.58584910143463,
                0.38268343236508984
            ]
        },
        "3": {
            "type": "line",
            "start": [
                -100.2844391367,
                -84.6556877768,
                5.0
            ],
            "end": [
                -105.47238126557343,
                -78.3295783424282,
                5.0
            ],
            "length": 8.18134488383099,
            "solid_ids": [
                1,
                2
            ],
            "preferred_normal": [
                -0.7143768059935249,
                -0.58584910143463,
                0.38268343236508984
            ]
        },
        "4": {
            "type": "line",
            "start": [
                143.43304571704,
                125.7938191652,
                5.0
            ],
            "end": [
                -105.47238126565432,
                -78.32957834238378,
                5.0
            ],
            "length": 321.90102980803965,
            "solid_ids": [
                1,
                2
            ],
            "preferred_normal": [
                -0.58584910143463,
                0.7143768059935249,
                0.38268343236508984
            ]
        },
        "5": {
            "type": "line",
            "start": [
                73.153600677371,
                -114.3937579617,
                5.0
            ],
            "end": [
                69.56339053993037,
                -117.33803241928949,
                5.0
            ],
            "length": 4.643098201911669,
            "solid_ids": [
                1,
                3
            ],
            "preferred_normal": [
                0.58584910143463,
                -0.7143768059935249,
                0.38268343236508984
            ]
        },
        "6": {
            "type": "line",
            "start": [
                73.153600677371,
                -114.3937579617,
                5.0
            ],
            "end": [
                -4.827002549488928,
                -19.305220441994507,
                5.0
            ],
            "length": 122.97481224731102,
            "solid_ids": [
                1,
                3
            ],
            "preferred_normal": [
                0.7143768059935249,
                0.58584910143463,
                0.38268343236508984
            ]
        },
        "7": {
            "type": "line",
            "start": [
                69.563390539939,
                -117.3380324193,
                5.0
            ],
            "end": [
                -8.417212686930743,
                -22.249494899582555,
                5.0
            ],
            "length": 122.97481224732648,
            "solid_ids": [
                1,
                3
            ],
            "preferred_normal": [
                -0.7143768059935249,
                -0.58584910143463,
                0.38268343236508984
            ]
        },
        "8": {
            "type": "line",
            "start": [
                -4.827002549535601,
                -19.305220442000966,
                5.0
            ],
            "end": [
                -8.417212686966435,
                -22.249494899582416,
                5.0
            ],
            "length": 4.643098201898994,
            "solid_ids": [
                1,
                3
            ],
            "preferred_normal": [
                -0.58584910143463,
                0.7143768059935249,
                0.38268343236508984
            ]
        },
        "9": {
            "type": "line",
            "start": [
                -11.16818752893,
                -11.57286161325,
                15.0
            ],
            "end": [
                -11.16818752893,
                -11.57286161325,
                47.361609031622
            ],
            "length": 32.361609031622,
            "solid_ids": [
                2,
                3
            ],
            "preferred_normal": [
                0.9570434493118397,
                0.28994453974733864,
                0.0
            ]
        },
        "10": {
            "type": "line",
            "start": [
                -11.168187528946822,
                -11.572861613229502,
                15.0
            ],
            "end": [
                -14.758397666376448,
                -14.51713607080996,
                15.0
            ],
            "length": 4.64309820189743,
            "solid_ids": [
                2,
                3
            ],
            "preferred_normal": [
                0.634118497941151,
                -0.7732358828771841,
                0.0
            ]
        },
        "11": {
            "type": "line",
            "start": [
                -11.16818752893,
                -11.57286161325,
                47.361609031622
            ],
            "end": [
                -14.758397666359626,
                -14.517136070830457,
                47.361609031622
            ],
            "length": 4.64309820189743,
            "solid_ids": [
                2,
                3
            ],
            "preferred_normal": [
                0.24266664331831483,
                -0.29590456168729146,
                0.9238795325112867
            ]
        },
        "12": {
            "type": "line",
            "start": [
                -14.75839766636,
                -14.51713607083,
                15.0
            ],
            "end": [
                -14.75839766636,
                -14.51713607083,
                47.361609031622
            ],
            "length": 32.361609031622,
            "solid_ids": [
                2,
                3
            ],
            "preferred_normal": [
                -0.4717101626752101,
                -0.8817536631219213,
                0.0
            ]
        }
    }
}