{
    "contact_edges": {
        "1": {
            "type": "line",
            "start": [
                -119.7959597999,
                -30.94392941777,
                5.0
            ],
            "end": [
                -149.12719555362904,
                103.68006998851371,
                5.0
            ],
            "length": 137.78222892297796,
            "solid_ids": [
                1,
                2
            ],
            "preferred_normal": [
                -0.9027024646683942,
                -0.19667651327720886,
                0.3826834323650898
            ]
        },
        "2": {
            "type": "line",
            "start": [
                -119.7959597999,
                -30.94392941777,
                5.0
            ],
            "end": [
                -110.51588881059973,
                -28.922031753171257,
                5.0
            ],
            "length": 9.497778041866548,
            "solid_ids": [
                1,
                2
            ],
            "preferred_normal": [
                0.19667651327720886,
                -0.9027024646683942,
                0.3826834323650898
            ]
        },
        "3": {
            "type": "line",
            "start": [
                -149.1271955536,
                103.68006998852,
                5.0
            ],
            "end": [
                -139.8471245643018,
                105.70196765311829,
                5.0
            ],
            "length": 9.497778041864423,
            "solid_ids": [
                1,
                2
            ],
            "preferred_normal": [
                -0.19667651327720886,
                0.9027024646683942,
                0.3826834323650898
            ]
        },
        "4": {
            "type": "line",
            "start": [
                -110.5158888106,
                -28.92203175317,
                5.0
            ],
            "end": [
                -139.84712456432695,
                105.70196765310416,
                5.0
            ],
            "length": 137.7822289229682,
            "solid_ids": [
                1,
                2
            ],
            "preferred_normal": [
                0.9027024646683942,
                0.19667651327720886,
                0.3826834323650898
            ]
        },
        "5": {
            "type": "line",
            "start": [
                127.07782963524,
                -108.4460076545,
                5.0
            ],
            "end": [
                93.01163818904087,
                47.91040963161459,
                5.0
            ],
            "length": 160.02448133394677,
            "solid_ids": [
                1,
                3
            ],
            "preferred_normal": [
                -0.9027024646683942,
                -0.19667651327720886,
                0.3826834323650898
            ]
        },
        "6": {
            "type": "line",
            "start": [
                127.07782963524,
                -108.4460076545,
                5.0
            ],
            "end": [
                138.23804504274213,
                -106.01447307950976,
                5.0
            ],
            "length": 11.422029956676747,
            "solid_ids": [
                1,
                3
            ],
            "preferred_normal": [
                0.19667651327720886,
                -0.9027024646683942,
                0.3826834323650898
            ]
        },
        "7": {
            "type": "line",
            "start": [
                93.011638189043,
                47.910409631615,
                5.0
            ],
            "end": [
                104.17185359654994,
                50.341944206606286,
                5.0
            ],
            "length": 11.422029956681664,
            "solid_ids": [
                1,
                3
            ],
            "preferred_normal": [
                -0.19667651327720886,
                0.9027024646683942,
                0.3826834323650898
            ]
        },
        "8": {
            "type": "line",
            "start": [
                138.23804504274,
                -106.0144730795,
                5.0
            ],
            "end": [
                104.17185359654306,
                50.34194420660454,
                5.0
            ],
            "length": 160.0244813339365,
            "solid_ids": [
                1,
                3
            ],
            "preferred_normal": [
                0.9027024646683942,
                0.19667651327720886,
                0.3826834323650898
            ]
        }
    }
}