{
    "contact_edges": {
        "1": {
            "type": "line",
            "start": [
                -79.09971744366,
                70.177134506696,
                5.0
            ],
            "end": [
                -109.39543808346369,
                -55.344945802094664,
                5.0
            ],
            "length": 129.1263851198953,
            "solid_ids": [
                1,
                2
            ],
            "preferred_normal": [
                0.8980912829539274,
                -0.21676124671038938,
                0.38268343236508984
            ]
        },
        "2": {
            "type": "line",
            "start": [
                -79.09971744366,
                70.177134506696,
                5.0
            ],
            "end": [
                -87.71039083534967,
                72.25538683452133,
                5.0
            ],
            "length": 8.857924643869122,
            "solid_ids": [
                1,
                2
            ],
            "preferred_normal": [
                0.21676124671038935,
                0.8980912829539274,
                0.38268343236508984
            ]
        },
        "3": {
            "type": "line",
            "start": [
                -109.3954380834,
                -55.34494580211,
                5.0
            ],
            "end": [
                -118.00611147509822,
                -53.26669347428261,
                5.0
            ],
            "length": 8.857924643877922,
            "solid_ids": [
                1,
                2
            ],
            "preferred_normal": [
                -0.21676124671038935,
                -0.8980912829539274,
                0.38268343236508984
            ]
        },
        "4": {
            "type": "line",
            "start": [
                -87.71039083535,
                72.25538683452,
                5.0
            ],
            "end": [
                -118.00611147515515,
                -53.26669347427669,
                5.0
            ],
            "length": 129.1263851199015,
            "solid_ids": [
                1,
                2
            ],
            "preferred_normal": [
                -0.8980912829539274,
                0.21676124671038938,
                0.38268343236508984
            ]
        },
        "5": {
            "type": "line",
            "start": [
                102.1429997479,
                91.759598006023,
                5.0
            ],
            "end": [
                50.673174941383174,
                -121.4916251503856,
                5.0
            ],
            "length": 219.37462716394054,
            "solid_ids": [
                1,
                3
            ],
            "preferred_normal": [
                0.8980912829539274,
                -0.21676124671038938,
                0.38268343236508984
            ]
        },
        "6": {
            "type": "line",
            "start": [
                102.1429997479,
                91.759598006023,
                5.0
            ],
            "end": [
                91.87109261354156,
                94.23880188963435,
                5.0
            ],
            "length": 10.566859896553822,
            "solid_ids": [
                1,
                3
            ],
            "preferred_normal": [
                0.21676124671038935,
                0.8980912829539274,
                0.38268343236508984
            ]
        },
        "7": {
            "type": "line",
            "start": [
                50.673174941443,
                -121.4916251504,
                5.0
            ],
            "end": [
                40.401267807083784,
                -119.01242126678845,
                5.0
            ],
            "length": 10.566859896554623,
            "solid_ids": [
                1,
                3
            ],
            "preferred_normal": [
                -0.21676124671038935,
                -0.8980912829539274,
                0.38268343236508984
            ]
        },
        "8": {
            "type": "line",
            "start": [
                91.871092613541,
                94.238801889632,
                5.0
            ],
            "end": [
                40.401267807021945,
                -119.01242126678578,
                5.0
            ],
            "length": 219.37462716394998,
            "solid_ids": [
                1,
                3
            ],
            "preferred_normal": [
                -0.8980912829539274,
                0.21676124671038938,
                0.38268343236508984
            ]
        },
        "9": {
            "type": "line",
            "start": [
                11.833768938809,
                125.85425557643,
                5.0
            ],
            "end": [
                -37.956280623999056,
                -80.43727563046578,
                5.0
            ],
            "length": 212.2150910824971,
            "solid_ids": [
                1,
                4
            ],
            "preferred_normal": [
                0.8980912829539274,
                -0.21676124671038938,
                0.38268343236508984
            ]
        },
        "10": {
            "type": "line",
            "start": [
                11.833768938809,
                125.85425557643,
                5.0
            ],
            "end": [
                -3.9181324879965187,
                129.65609828010614,
                5.0
            ],
            "length": 16.204209530344055,
            "solid_ids": [
                1,
                4
            ],
            "preferred_normal": [
                0.21676124671038935,
                0.8980912829539274,
                0.38268343236508984
            ]
        },
        "11": {
            "type": "line",
            "start": [
                -37.95628062394,
                -80.43727563048,
                5.0
            ],
            "end": [
                -53.708182050738905,
                -76.63543292680546,
                5.0
            ],
            "length": 16.204209530337252,
            "solid_ids": [
                1,
                4
            ],
            "preferred_normal": [
                -0.21676124671038935,
                -0.8980912829539274,
                0.38268343236508984
            ]
        },
        "12": {
            "type": "line",
            "start": [
                -3.918132487998,
                129.6560982801,
                5.0
            ],
            "end": [
                -53.708182050805675,
                -76.63543292679418,
                5.0
            ],
            "length": 212.21509108249543,
            "solid_ids": [
                1,
                4
            ],
            "preferred_normal": [
                -0.8980912829539274,
                0.21676124671038938,
                0.38268343236508984
            ]
        }
    }
}