{
    "contact_edges": {
        "1": {
            "type": "line",
            "start": [
                33.163044647583,
                -94.21910139774,
                5.0
            ],
            "end": [
                15.918040036408337,
                133.81165011228987,
                5.0
            ],
            "length": 228.68190531449667,
            "solid_ids": [
                1,
                2
            ],
            "preferred_normal": [
                -0.9212488579433256,
                -0.06967016815963639,
                0.38268343236508984
            ]
        },
        "2": {
            "type": "line",
            "start": [
                33.163044647583,
                -94.21910139774,
                5.0
            ],
            "end": [
                47.68825837194286,
                -93.1206207060081,
                5.0
            ],
            "length": 14.566691236119471,
            "solid_ids": [
                1,
                2
            ],
            "preferred_normal": [
                0.06967016815963639,
                -0.9212488579433256,
                0.38268343236508984
            ]
        },
        "3": {
            "type": "line",
            "start": [
                15.918040036411,
                133.81165011229,
                5.0
            ],
            "end": [
                30.443253760770858,
                134.91013080402192,
                5.0
            ],
            "length": 14.566691236119471,
            "solid_ids": [
                1,
                2
            ],
            "preferred_normal": [
                -0.06967016815963639,
                0.9212488579433256,
                0.38268343236508984
            ]
        },
        "4": {
            "type": "line",
            "start": [
                47.688258371943,
                -93.12062070601,
                5.0
            ],
            "end": [
                30.44325376076834,
                134.91013080401987,
                5.0
            ],
            "length": 228.68190531449667,
            "solid_ids": [
                1,
                2
            ],
            "preferred_normal": [
                0.9212488579433256,
                0.06967016815963639,
                0.38268343236508984
            ]
        },
        "5": {
            "type": "line",
            "start": [
                56.725949050039965,
                -80.01841163168953,
                5.0
            ],
            "end": [
                132.37087127952003,
                -74.29770499883017,
                5.0
            ],
            "length": 75.86093028353481,
            "solid_ids": [
                1,
                3
            ],
            "preferred_normal": [
                0.06967016815963639,
                -0.9212488579433256,
                0.38268343236508984
            ]
        },
        "6": {
            "type": "line",
            "start": [
                56.72594905003891,
                -80.01841163169007,
                5.0
            ],
            "end": [
                56.18447769131206,
                -72.85853411147005,
                5.0
            ],
            "length": 7.180322927060698,
            "solid_ids": [
                1,
                3
            ],
            "preferred_normal": [
                -0.9212488579433256,
                -0.06967016815963639,
                0.38268343236508984
            ]
        },
        "7": {
            "type": "line",
            "start": [
                132.37087127952,
                -74.29770499883,
                5.0
            ],
            "end": [
                131.82939992079315,
                -67.13782747860976,
                5.0
            ],
            "length": 7.18032292706091,
            "solid_ids": [
                1,
                3
            ],
            "preferred_normal": [
                0.9212488579433256,
                0.06967016815963639,
                0.38268343236508984
            ]
        },
        "8": {
            "type": "line",
            "start": [
                56.18447769131296,
                -72.85853411146954,
                5.0
            ],
            "end": [
                131.82939992079002,
                -67.1378274786104,
                5.0
            ],
            "length": 75.8609302835318,
            "solid_ids": [
                1,
                3
            ],
            "preferred_normal": [
                -0.06967016815963639,
                0.9212488579433256,
                0.38268343236508984
            ]
        },
        "9": {
            "type": "line",
            "start": [
                46.754423266379,
                -80.77251609778,
                15.0
            ],
            "end": [
                46.754423266379,
                -80.77251609778,
                58.282396067078
            ],
            "length": 43.282396067078,
            "solid_ids": [
                2,
                3
            ],
            "preferred_normal": [
                0.4512639394404868,
                -0.89239052939879,
                0.0
            ]
        },
        "10": {
            "type": "line",
            "start": [
                46.75442326638468,
                -80.77251609777956,
                15.0
            ],
            "end": [
                46.21295190765783,
                -73.61263857755955,
                15.0
            ],
            "length": 7.180322927060684,
            "solid_ids": [
                2,
                3
            ],
            "preferred_normal": [
                0.38159377128084976,
                0.02885832854453553,
                -0.9238795325112871
            ]
        },
        "11": {
            "type": "line",
            "start": [
                46.754423266379,
                -80.77251609778,
                58.282396067078
            ],
            "end": [
                46.212951907652155,
                -73.61263857755999,
                58.282396067078
            ],
            "length": 7.180322927060684,
            "solid_ids": [
                2,
                3
            ],
            "preferred_normal": [
                0.3815937712808504,
                0.02885832854453558,
                0.9238795325112867
            ]
        },
        "12": {
            "type": "line",
            "start": [
                46.212951907652,
                -73.61263857756,
                15.0
            ],
            "end": [
                46.212951907652,
                -73.61263857756,
                58.282396067078
            ],
            "length": 43.282396067078,
            "solid_ids": [
                2,
                3
            ],
            "preferred_normal": [
                0.31192360312121403,
                0.9501071864878611,
                0.0
            ]
        }
    }
}