{
    "contact_edges": {
        "1": {
            "type": "line",
            "start": [
                -37.55356462169,
                -34.40006023577,
                5.0
            ],
            "end": [
                -48.08905014762006,
                -34.75996312511825,
                5.0
            ],
            "length": 10.541631057708429,
            "solid_ids": [
                1,
                2
            ],
            "preferred_normal": [
                0.03154226431756754,
                -0.9233409317012836,
                0.3826834323650899
            ]
        },
        "2": {
            "type": "line",
            "start": [
                -37.55356462169,
                -34.40006023577,
                5.0
            ],
            "end": [
                -41.21457241270627,
                72.76911159949113,
                5.0
            ],
            "length": 107.2316854754303,
            "solid_ids": [
                1,
                2
            ],
            "preferred_normal": [
                0.9233409317012836,
                0.03154226431756754,
                0.3826834323650899
            ]
        },
        "3": {
            "type": "line",
            "start": [
                -48.08905014762,
                -34.75996312512,
                5.0
            ],
            "end": [
                -51.75005793863634,
                72.40920871014313,
                5.0
            ],
            "length": 107.23168547543231,
            "solid_ids": [
                1,
                2
            ],
            "preferred_normal": [
                -0.9233409317012836,
                -0.03154226431756754,
                0.3826834323650899
            ]
        },
        "4": {
            "type": "line",
            "start": [
                -41.21457241271,
                72.769111599491,
                5.0
            ],
            "end": [
                -51.75005793863999,
                72.40920871014275,
                5.0
            ],
            "length": 10.541631057708365,
            "solid_ids": [
                1,
                2
            ],
            "preferred_normal": [
                -0.03154226431756754,
                0.9233409317012836,
                0.3826834323650899
            ]
        },
        "5": {
            "type": "line",
            "start": [
                32.395711208965,
                -131.1861636877,
                5.0
            ],
            "end": [
                16.705468423350364,
                -131.72215832213993,
                5.0
            ],
            "length": 15.699395176874821,
            "solid_ids": [
                1,
                3
            ],
            "preferred_normal": [
                0.03154226431756754,
                -0.9233409317012836,
                0.3826834323650899
            ]
        },
        "6": {
            "type": "line",
            "start": [
                32.395711208965,
                -131.1861636877,
                5.0
            ],
            "end": [
                24.11971893140582,
                111.07806767435002,
                5.0
            ],
            "length": 242.4055482979363,
            "solid_ids": [
                1,
                3
            ],
            "preferred_normal": [
                0.9233409317012836,
                0.03154226431756754,
                0.3826834323650899
            ]
        },
        "7": {
            "type": "line",
            "start": [
                16.705468423349,
                -131.7221583221,
                5.0
            ],
            "end": [
                8.42947614579119,
                110.54207303991006,
                5.0
            ],
            "length": 242.4055482978963,
            "solid_ids": [
                1,
                3
            ],
            "preferred_normal": [
                -0.9233409317012836,
                -0.03154226431756754,
                0.3826834323650899
            ]
        },
        "8": {
            "type": "line",
            "start": [
                24.119718931405,
                111.07806767435,
                5.0
            ],
            "end": [
                8.429476145789,
                110.54207303991001,
                5.0
            ],
            "length": 15.699395176876191,
            "solid_ids": [
                1,
                3
            ],
            "preferred_normal": [
                -0.03154226431756754,
                0.9233409317012836,
                0.3826834323650899
            ]
        },
        "9": {
            "type": "line",
            "start": [
                101.8219599981,
                -79.9621506573,
                5.0
            ],
            "end": [
                92.62516176231917,
                -80.27632262874488,
                5.0
            ],
            "length": 9.202162888001006,
            "solid_ids": [
                1,
                4
            ],
            "preferred_normal": [
                0.03154226431756754,
                -0.9233409317012836,
                0.3826834323650899
            ]
        },
        "10": {
            "type": "line",
            "start": [
                101.8219599981,
                -79.9621506573,
                5.0
            ],
            "end": [
                95.9412521941767,
                92.18459721309178,
                5.0
            ],
            "length": 172.2471640597527,
            "solid_ids": [
                1,
                4
            ],
            "preferred_normal": [
                0.9233409317012836,
                0.03154226431756754,
                0.3826834323650899
            ]
        },
        "11": {
            "type": "line",
            "start": [
                92.625161762319,
                -80.27632262874,
                5.0
            ],
            "end": [
                86.74445395839585,
                91.87042524164697,
                5.0
            ],
            "length": 172.2471640597479,
            "solid_ids": [
                1,
                4
            ],
            "preferred_normal": [
                -0.9233409317012836,
                -0.03154226431756754,
                0.3826834323650899
            ]
        },
        "12": {
            "type": "line",
            "start": [
                95.941252194183,
                92.184597213092,
                5.0
            ],
            "end": [
                86.744453958396,
                91.87042524164693,
                5.0
            ],
            "length": 9.202162888007175,
            "solid_ids": [
                1,
                4
            ],
            "preferred_normal": [
                -0.03154226431756754,
                0.9233409317012836,
                0.3826834323650899
            ]
        }
    }
}