{
    "contact_edges": {
        "1": {
            "type": "line",
            "start": [
                79.35516974298,
                -98.83390250511,
                5.0
            ],
            "end": [
                68.62584712194098,
                -105.81909184462148,
                5.0
            ],
            "length": 12.80278227633214,
            "solid_ids": [
                1,
                2
            ],
            "preferred_normal": [
                0.5040680472572673,
                -0.774253701526521,
                0.3826834323650898
            ]
        },
        "2": {
            "type": "line",
            "start": [
                79.35516974298,
                -98.83390250511,
                5.0
            ],
            "end": [
                -48.03049855448374,
                96.83179330203271,
                5.0
            ],
            "length": 233.47842085144563,
            "solid_ids": [
                1,
                2
            ],
            "preferred_normal": [
                0.774253701526521,
                0.5040680472572673,
                0.3826834323650898
            ]
        },
        "3": {
            "type": "line",
            "start": [
                68.625847121927,
                -105.8190918446,
                5.0
            ],
            "end": [
                -58.75982117551803,
                89.84660396251397,
                5.0
            ],
            "length": 233.47842085141133,
            "solid_ids": [
                1,
                2
            ],
            "preferred_normal": [
                -0.774253701526521,
                -0.5040680472572673,
                0.3826834323650898
            ]
        },
        "4": {
            "type": "line",
            "start": [
                -48.03049855458,
                96.83179330197,
                5.0
            ],
            "end": [
                -58.75982117563474,
                89.84660396244827,
                5.0
            ],
            "length": 12.802782276350909,
            "solid_ids": [
                1,
                2
            ],
            "preferred_normal": [
                -0.5040680472572673,
                0.774253701526521,
                0.3826834323650898
            ]
        },
        "5": {
            "type": "line",
            "start": [
                -64.78215116104,
                -127.577261975,
                5.0
            ],
            "end": [
                -78.963359378729,
                -136.80975762848618,
                5.0
            ],
            "length": 16.921750574485223,
            "solid_ids": [
                1,
                3
            ],
            "preferred_normal": [
                0.5040680472572673,
                -0.774253701526521,
                0.3826834323650898
            ]
        },
        "6": {
            "type": "line",
            "start": [
                -64.78215116104,
                -127.577261975,
                5.0
            ],
            "end": [
                -122.75036609708731,
                -38.537488021201725,
                5.0
            ],
            "length": 106.24686013532481,
            "solid_ids": [
                1,
                3
            ],
            "preferred_normal": [
                0.774253701526521,
                0.5040680472572673,
                0.3826834323650898
            ]
        },
        "7": {
            "type": "line",
            "start": [
                -78.96335937872,
                -136.8097576285,
                5.0
            ],
            "end": [
                -136.93157431477783,
                -47.76998367468555,
                5.0
            ],
            "length": 106.24686013534411,
            "solid_ids": [
                1,
                3
            ],
            "preferred_normal": [
                -0.774253701526521,
                -0.5040680472572673,
                0.3826834323650898
            ]
        },
        "8": {
            "type": "line",
            "start": [
                -122.7503660971,
                -38.53748802121,
                5.0
            ],
            "end": [
                -136.93157431479847,
                -47.76998367470237,
                5.0
            ],
            "length": 16.92175057449654,
            "solid_ids": [
                1,
                3
            ],
            "preferred_normal": [
                -0.5040680472572673,
                0.774253701526521,
                0.3826834323650898
            ]
        }
    }
}