{
    "contact_edges": {
        "1": {
            "type": "line",
            "start": [
                32.685970877888,
                -92.52469857721,
                5.0
            ],
            "end": [
                -46.868112801460285,
                34.06445065360255,
                5.0
            ],
            "length": 149.51142074450928,
            "solid_ids": [
                1,
                2
            ],
            "preferred_normal": [
                -0.7822353866345668,
                -0.4915904703001711,
                0.38268343236508984
            ]
        },
        "2": {
            "type": "line",
            "start": [
                32.685970877888,
                -92.52469857721,
                5.0
            ],
            "end": [
                41.96208175090444,
                -86.6951902418207,
                5.0
            ],
            "length": 10.955793004655899,
            "solid_ids": [
                1,
                2
            ],
            "preferred_normal": [
                0.4915904703001711,
                -0.7822353866345668,
                0.38268343236508984
            ]
        },
        "3": {
            "type": "line",
            "start": [
                -46.86811280145,
                34.064450653609,
                5.0
            ],
            "end": [
                -37.5920019284316,
                39.89395898899954,
                5.0
            ],
            "length": 10.955793004658224,
            "solid_ids": [
                1,
                2
            ],
            "preferred_normal": [
                -0.4915904703001711,
                0.7822353866345668,
                0.38268343236508984
            ]
        },
        "4": {
            "type": "line",
            "start": [
                41.962081750904,
                -86.69519024182,
                5.0
            ],
            "end": [
                -37.59200192844225,
                39.893958988989304,
                5.0
            ],
            "length": 149.51142074450544,
            "solid_ids": [
                1,
                2
            ],
            "preferred_normal": [
                0.7822353866345668,
                0.4915904703001711,
                0.38268343236508984
            ]
        },
        "5": {
            "type": "line",
            "start": [
                9.780474214151,
                -16.6930449233,
                5.0
            ],
            "end": [
                91.83742548708234,
                34.87508400168719,
                5.0
            ],
            "length": 96.91550532826174,
            "solid_ids": [
                1,
                3
            ],
            "preferred_normal": [
                0.4915904703001711,
                -0.7822353866345668,
                0.38268343236508984
            ]
        },
        "6": {
            "type": "line",
            "start": [
                9.780474214182133,
                -16.693044923280453,
                5.0
            ],
            "end": [
                6.048421838068077,
                -10.754476928690474,
                5.0
            ],
            "length": 7.013900823680573,
            "solid_ids": [
                1,
                3
            ],
            "preferred_normal": [
                -0.7822353866345668,
                -0.4915904703001711,
                0.38268343236508984
            ]
        },
        "7": {
            "type": "line",
            "start": [
                91.83742548709,
                34.875084001675,
                5.0
            ],
            "end": [
                88.1053731109755,
                40.81365199626569,
                5.0
            ],
            "length": 7.01390082368141,
            "solid_ids": [
                1,
                3
            ],
            "preferred_normal": [
                0.7822353866345668,
                0.4915904703001711,
                0.38268343236508984
            ]
        },
        "8": {
            "type": "line",
            "start": [
                6.048421838037001,
                -10.754476928710002,
                5.0
            ],
            "end": [
                88.1053731109688,
                40.81365199627747,
                5.0
            ],
            "length": 96.91550532826227,
            "solid_ids": [
                1,
                3
            ],
            "preferred_normal": [
                -0.4915904703001711,
                0.7822353866345668,
                0.38268343236508984
            ]
        },
        "9": {
            "type": "line",
            "start": [
                1.313619401291,
                -22.01398183121,
                15.0
            ],
            "end": [
                1.313619401291,
                -22.01398183121,
                52.056545211068
            ],
            "length": 37.056545211068,
            "solid_ids": [
                2,
                3
            ],
            "preferred_normal": [
                0.8156029764123705,
                -0.5786119467028678,
                0.0
            ]
        },
        "10": {
            "type": "line",
            "start": [
                1.3136194012815812,
                -22.013981831215933,
                15.0
            ],
            "end": [
                -2.418432974832474,
                -16.075413836625952,
                15.0
            ],
            "length": 7.013900823680574,
            "solid_ids": [
                2,
                3
            ],
            "preferred_normal": [
                0.3240125061121994,
                0.20362343993169912,
                -0.9238795325112867
            ]
        },
        "11": {
            "type": "line",
            "start": [
                1.313619401291,
                -22.01398183121,
                52.056545211068
            ],
            "end": [
                -2.418432974823048,
                -16.075413836620033,
                52.056545211068
            ],
            "length": 7.013900823680558,
            "solid_ids": [
                2,
                3
            ],
            "preferred_normal": [
                0.3240125061121994,
                0.20362343993169912,
                0.9238795325112867
            ]
        },
        "12": {
            "type": "line",
            "start": [
                -2.418432974823,
                -16.07541383662,
                15.0
            ],
            "end": [
                -2.418432974823,
                -16.07541383662,
                52.056545211068
            ],
            "length": 37.056545211068,
            "solid_ids": [
                2,
                3
            ],
            "preferred_normal": [
                -0.16757796418797172,
                0.985858826566266,
                0.0
            ]
        }
    }
}