{
  "welds": [
    {
      "start": {
        "xyz": [
          74.296522837056,
          72.9384799525,
          5.0
        ],
        "pose": [
          0.4483649639177654,
          -0.6823749158620117,
          0.5773502691896257
        ]
      },
      "end": {
        "xyz": [
          77.63718433506781,
          89.08061044422708,
          5.0
        ],
        "pose": [
          0.6823749158620117,
          0.4483649639177654,
          0.5773502691896257
        ]
      }
    },
    {
      "start": {
        "xyz": [
          77.63718433506781,
          89.08061044422708,
          5.0
        ],
        "pose": [
          0.6823749158620117,
          0.4483649639177654,
          0.5773502691896257
        ]
      },
      "end": {
        "xyz": [
          -81.05435354014728,
          121.92229208671151,
          5.0
        ],
        "pose": [
          -0.4483649639177654,
          0.6823749158620117,
          0.5773502691896257
        ]
      }
    },
    {
      "start": {
        "xyz": [
          -81.05435354014728,
          121.92229208671151,
          5.0
        ],
        "pose": [
          -0.4483649639177654,
          0.6823749158620117,
          0.5773502691896257
        ]
      },
      "end": {
        "xyz": [
          -84.39501503816803,
          105.78016159494123,
          5.0
        ],
        "pose": [
          -0.6823749158620117,
          -0.4483649639177654,
          0.5773502691896257
        ]
      }
    },
    {
      "start": {
        "xyz": [
          -84.39501503816803,
          105.78016159494123,
          5.0
        ],
        "pose": [
          -0.6823749158620117,
          -0.4483649639177654,
          0.5773502691896257
        ]
      },
      "end": {
        "xyz": [
          74.296522837056,
          72.9384799525,
          5.0
        ],
        "pose": [
          0.4483649639177654,
          -0.6823749158620117,
          0.5773502691896257
        ]
      }
    }
  ]
}