{
    "contact_edges": {
        "1": {
            "type": "line",
            "start": [
                75.459463743345,
                -8.544105487246,
                5.0
            ],
            "end": [
                73.98285580002725,
                -18.41166015904974,
                5.0
            ],
            "length": 9.97742482904807,
            "solid_ids": [
                1,
                2
            ],
            "preferred_normal": [
                0.9137058863800419,
                -0.13672945471892908,
                0.38268343236508984
            ]
        },
        "2": {
            "type": "line",
            "start": [
                75.459463743345,
                -8.544105487246,
                5.0
            ],
            "end": [
                -142.6721429007912,
                24.097706367090034,
                5.0
            ],
            "length": 220.56039013904112,
            "solid_ids": [
                1,
                2
            ],
            "preferred_normal": [
                0.13672945471892908,
                0.9137058863800419,
                0.38268343236508984
            ]
        },
        "3": {
            "type": "line",
            "start": [
                73.982855800029,
                -18.41166015905,
                5.0
            ],
            "end": [
                -144.14875084409022,
                14.230151695283492,
                5.0
            ],
            "length": 220.56039013902398,
            "solid_ids": [
                1,
                2
            ],
            "preferred_normal": [
                -0.13672945471892908,
                -0.9137058863800419,
                0.38268343236508984
            ]
        },
        "4": {
            "type": "line",
            "start": [
                -142.6721429008,
                24.097706367031,
                5.0
            ],
            "end": [
                -144.1487508441187,
                14.2301516952208,
                5.0
            ],
            "length": 9.9774248290546,
            "solid_ids": [
                1,
                2
            ],
            "preferred_normal": [
                -0.9137058863800419,
                0.13672945471892908,
                0.38268343236508984
            ]
        }
    }
}