{
    "contact_edges": {
        "1": {
            "type": "line",
            "start": [
                46.426636926594,
                -138.8366375174,
                5.0
            ],
            "end": [
                35.23316255947325,
                -129.58252243788036,
                5.0
            ],
            "length": 14.523515907395907,
            "solid_ids": [
                1,
                2
            ],
            "preferred_normal": [
                -0.5886789099820134,
                -0.7120467200511932,
                0.38268343236508984
            ]
        },
        "2": {
            "type": "line",
            "start": [
                46.426636926594,
                -138.8366375174,
                5.0
            ],
            "end": [
                139.8146809477109,
                -25.87751955058773,
                5.0
            ],
            "length": 146.56428315906396,
            "solid_ids": [
                1,
                2
            ],
            "preferred_normal": [
                0.7120467200511931,
                -0.5886789099820134,
                0.38268343236508984
            ]
        },
        "3": {
            "type": "line",
            "start": [
                35.233162559457,
                -129.5825224379,
                5.0
            ],
            "end": [
                128.62120658058743,
                -16.62340447107137,
                5.0
            ],
            "length": 146.5642831590852,
            "solid_ids": [
                1,
                2
            ],
            "preferred_normal": [
                -0.7120467200511931,
                0.5886789099820134,
                0.38268343236508984
            ]
        },
        "4": {
            "type": "line",
            "start": [
                139.81468094775,
                -25.87751955062,
                5.0
            ],
            "end": [
                128.62120658061272,
                -16.623404471086697,
                5.0
            ],
            "length": 14.52351590741735,
            "solid_ids": [
                1,
                2
            ],
            "preferred_normal": [
                0.5886789099820134,
                0.7120467200511932,
                0.38268343236508984
            ]
        },
        "5": {
            "type": "line",
            "start": [
                74.35998856851481,
                -66.56187939841902,
                5.0
            ],
            "end": [
                3.4617511084949872,
                -7.947330700533349,
                5.0
            ],
            "length": 91.99035489655515,
            "solid_ids": [
                1,
                4
            ],
            "preferred_normal": [
                -0.5886789099820134,
                -0.7120467200511932,
                0.38268343236508984
            ]
        },
        "6": {
            "type": "line",
            "start": [
                74.35998856850809,
                -66.5618793984151,
                5.0
            ],
            "end": [
                76.79258310132852,
                -63.619492761254655,
                5.0
            ],
            "length": 3.81774217092357,
            "solid_ids": [
                1,
                4
            ],
            "preferred_normal": [
                0.7120467200511931,
                -0.5886789099820136,
                0.38268343236508984
            ]
        },
        "7": {
            "type": "line",
            "start": [
                3.4617511084978134,
                -7.947330700541819,
                5.0
            ],
            "end": [
                5.8943456413187505,
                -5.004944063380764,
                5.0
            ],
            "length": 3.8177421709243617,
            "solid_ids": [
                1,
                4
            ],
            "preferred_normal": [
                -0.7120467200511931,
                0.5886789099820134,
                0.38268343236508984
            ]
        },
        "8": {
            "type": "line",
            "start": [
                76.79258310133581,
                -63.61949276125902,
                5.0
            ],
            "end": [
                5.894345641315505,
                -5.004944063372951,
                5.0
            ],
            "length": 91.99035489655577,
            "solid_ids": [
                1,
                4
            ],
            "preferred_normal": [
                0.5886789099820134,
                0.7120467200511932,
                0.38268343236508984
            ]
        },
        "9": {
            "type": "line",
            "start": [
                -4.24538705178,
                -1.575516094125,
                15.0
            ],
            "end": [
                -4.24538705178,
                -1.575516094125,
                60.674582902984
            ],
            "length": 45.674582902984,
            "solid_ids": [
                3,
                4
            ],
            "preferred_normal": [
                -0.2937395014935308,
                -0.9558855084487536,
                0.0
            ]
        },
        "10": {
            "type": "line",
            "start": [
                -4.245387051782876,
                -1.5755160941226378,
                15.0
            ],
            "end": [
                -1.8127925189619387,
                1.3668705430384176,
                15.0
            ],
            "length": 3.8177421709243617,
            "solid_ids": [
                3,
                4
            ],
            "preferred_normal": [
                0.29493940848848244,
                -0.2438387883975602,
                -0.9238795325112868
            ]
        },
        "11": {
            "type": "line",
            "start": [
                -4.24538705178,
                -1.575516094125,
                60.674582902984
            ],
            "end": [
                -1.8127925189590648,
                1.366870543036053,
                60.674582902984
            ],
            "length": 3.817742170924358,
            "solid_ids": [
                3,
                4
            ],
            "preferred_normal": [
                0.2949394084884827,
                -0.24383878839756046,
                0.9238795325112866
            ]
        },
        "12": {
            "type": "line",
            "start": [
                -1.812792518959,
                1.366870543036,
                15.0
            ],
            "end": [
                -1.812792518959,
                1.366870543036,
                60.674582902984
            ],
            "length": 45.674582902984,
            "solid_ids": [
                3,
                4
            ],
            "preferred_normal": [
                0.8836183184704962,
                0.4682079316536326,
                0.0
            ]
        },
        "13": {
            "type": "line",
            "start": [
                -78.98065343541,
                -91.97284543321,
                5.0
            ],
            "end": [
                -91.31203424157653,
                -81.77797533953789,
                5.0
            ],
            "length": 15.999947775337956,
            "solid_ids": [
                1,
                3
            ],
            "preferred_normal": [
                -0.5886789099820134,
                -0.7120467200511932,
                0.38268343236508984
            ]
        },
        "14": {
            "type": "line",
            "start": [
                -78.98065343541,
                -91.97284543321,
                5.0
            ],
            "end": [
                78.33151345589648,
                98.3067969316288,
                5.0
            ],
            "length": 246.88754555572305,