{
    "contact_edges": {
        "1": {
            "type": "line",
            "start": [
                -100.7634475185,
                -46.15273237934,
                5.0
            ],
            "end": [
                -109.93181833459437,
                -36.724561113494524,
                5.0
            ],
            "length": 13.151024174547214,
            "solid_ids": [
                1,
                2
            ],
            "preferred_normal": [
                -0.6623434301325485,
                -0.6440920517701825,
                0.3826834323650898
            ]
        },
        "2": {
            "type": "line",
            "start": [
                -100.7634475185,
                -46.15273237934,
                5.0
            ],
            "end": [
                17.03200511525133,
                68.396776718813,
                5.0
            ],
            "length": 164.30872982230187,
            "solid_ids": [
                1,
                2
            ],
            "preferred_normal": [
                0.6440920517701825,
                -0.6623434301325485,
                0.3826834323650898
            ]
        },
        "3": {
            "type": "line",
            "start": [
                -109.9318183346,
                -36.7245611135,
                5.0
            ],
            "end": [
                7.863634299155983,
                77.82494798465751,
                5.0
            ],
            "length": 164.30872982230835,
            "solid_ids": [
                1,
                2
            ],
            "preferred_normal": [
                -0.6440920517701825,
                0.6623434301325485,
                0.3826834323650898
            ]
        },
        "4": {
            "type": "line",
            "start": [
                17.032005115225,
                68.39677671884,
                5.0
            ],
            "end": [
                7.863634299136979,
                77.82494798467896,
                5.0
            ],
            "length": 13.151024174538113,
            "solid_ids": [
                1,
                2
            ],
            "preferred_normal": [
                0.6623434301325485,
                0.6440920517701825,
                0.3826834323650898
            ]
        },
        "5": {
            "type": "line",
            "start": [
                -13.907564630830986,
                70.60231898957704,
                5.0
            ],
            "end": [
                -56.49354739835983,
                114.39504368520019,
                5.0
            ],
            "length": 61.084929929917294,
            "solid_ids": [
                1,
                3
            ],
            "preferred_normal": [
                -0.6623434301325485,
                -0.6440920517701825,
                0.3826834323650898
            ]
        },
        "6": {
            "type": "line",
            "start": [
                -13.907564630828242,
                70.6023189895762,
                5.0
            ],
            "end": [
                -6.815436046942491,
                77.49901856142638,
                5.0
            ],
            "length": 9.892560479204953,
            "solid_ids": [
                1,
                3
            ],
            "preferred_normal": [
                0.6440920517701825,
                -0.6623434301325485,
                0.3826834323650898
            ]
        },
        "7": {
            "type": "line",
            "start": [
                -56.49354739836,
                114.3950436852,
                5.0
            ],
            "end": [
                -49.401418814477296,
                121.29174325704722,
                5.0
            ],
            "length": 9.892560479200709,
            "solid_ids": [
                1,
                3
            ],
            "preferred_normal": [
                -0.6440920517701825,
                0.6623434301325485,
                0.3826834323650898
            ]
        },
        "8": {
            "type": "line",
            "start": [
                -6.8154360469464335,
                77.49901856143155,
                5.0
            ],
            "end": [
                -49.401418814475235,
                121.29174325705466,
                5.0
            ],
            "length": 61.08492992991724,
            "solid_ids": [
                1,
                3
            ],
            "preferred_normal": [
                0.6623434301325485,
                0.6440920517701825,
                0.3826834323650898
            ]
        },
        "9": {
            "type": "line",
            "start": [
                -6.935962499769,
                63.433165362675,
                15.0
            ],
            "end": [
                -6.935962499769,
                63.433165362675,
                71.219268810885
            ],
            "length": 56.219268810885,
            "solid_ids": [
                2,
                3
            ],
            "preferred_normal": [
                -0.9291350933924719,
                -0.3697404200605643,
                0.0
            ]
        },
        "10": {
            "type": "line",
            "start": [
                -6.935962499762366,
                63.4331653626682,
                15.0
            ],
            "end": [
                0.15616608412493502,
                70.32986493451989,
                15.0
            ],
            "length": 9.89256047920712,
            "solid_ids": [
                2,
                3
            ],
            "preferred_normal": [
                -0.6971602131063704,
                0.7169153626903809,
                0.0
            ]
        },
        "11": {
            "type": "line",
            "start": [
                -6.935962499769,
                63.433165362675,
                71.219268810885
            ],
            "end": [
                0.1561660841182991,
                70.3298649345267,
                71.219268810885
            ],
            "length": 9.892560479207123,
            "solid_ids": [
                2,
                3
            ],
            "preferred_normal": [
                -0.2667916632599233,
                0.27435163170961824,
                0.9238795325112866
            ]
        },
        "12": {
            "type": "line",
            "start": [
                0.156166084118,
                70.329864934527,
                15.0
            ],
            "end": [
                0.156166084118,
                70.329864934527,
                71.219268810885
            ],
            "length": 56.219268810885,
            "solid_ids": [
                2,
                3
            ],
            "preferred_normal": [
                0.39555176687262533,
                0.9184436834798005,
                0.0
            ]
        }
    }
}