{
    "contact_edges": {
        "1": {
            "type": "line",
            "start": [
                122.44917382326,
                -128.7151416337,
                5.0
            ],
            "end": [
                118.64299939816416,
                -144.82430114459626,
                5.0
            ],
            "length": 16.552703220373193,
            "solid_ids": [
                1,
                2
            ],
            "preferred_normal": [
                0.8991233975462432,
                -0.21243941860722074,
                0.38268343236508984
            ]
        },
        "2": {
            "type": "line",
            "start": [
                122.44917382326,
                -128.7151416337,
                5.0
            ],
            "end": [
                -129.5275085718911,
                -69.17962063993218,
                5.0
            ],
            "length": 258.9145162613835,
            "solid_ids": [
                1,
                2
            ],
            "preferred_normal": [
                0.21243941860722074,
                0.8991233975462432,
                0.38268343236508984
            ]
        },
        "3": {
            "type": "line",
            "start": [
                118.64299939818,
                -144.8243011446,
                5.0
            ],
            "end": [
                -133.33368299700794,
                -85.2887801508235,
                5.0
            ],
            "length": 258.91451626142134,
            "solid_ids": [
                1,
                2
            ],
            "preferred_normal": [
                -0.21243941860722074,
                -0.8991233975462432,
                0.38268343236508984
            ]
        },
        "4": {
            "type": "line",
            "start": [
                -129.5275085719,
                -69.17962063997,
                5.0
            ],
            "end": [
                -133.33368299697898,
                -85.28878015079498,
                5.0
            ],
            "length": 16.552703220299946,
            "solid_ids": [
                1,
                2
            ],
            "preferred_normal": [
                -0.8991233975462432,
                0.21243941860722074,
                0.38268343236508984
            ]
        },
        "5": {
            "type": "line",
            "start": [
                50.096914311312,
                75.675729563985,
                5.0
            ],
            "end": [
                47.473737124307945,
                64.57345861912977,
                5.0
            ],
            "length": 11.407956814758515,
            "solid_ids": [
                1,
                3
            ],
            "preferred_normal": [
                0.8991233975462432,
                -0.21243941860722074,
                0.38268343236508984
            ]
        },
        "6": {
            "type": "line",
            "start": [
                50.096914311312,
                75.675729563985,
                5.0
            ],
            "end": [
                -98.18033588940204,
                110.70977818432135,
                5.0
            ],
            "length": 152.3598618068986,
            "solid_ids": [
                1,
                3
            ],
            "preferred_normal": [
                0.21243941860722074,
                0.8991233975462432,
                0.38268343236508984
            ]
        },
        "7": {
            "type": "line",
            "start": [
                47.473737124307,
                64.57345861913,
                5.0
            ],
            "end": [
                -100.80351307640389,
                99.6075072394656,
                5.0
            ],
            "length": 152.35986180689537,
            "solid_ids": [
                1,
                3
            ],
            "preferred_normal": [
                -0.21243941860722074,
                -0.8991233975462432,
                0.38268343236508984
            ]
        },
        "8": {
            "type": "line",
            "start": [
                -98.1803358894,
                110.70977818433,
                5.0
            ],
            "end": [
                -100.80351307640223,
                99.60750723948253,
                5.0
            ],
            "length": 11.407956814750545,
            "solid_ids": [
                1,
                3
            ],
            "preferred_normal": [
                -0.8991233975462432,
                0.21243941860722074,
                0.38268343236508984
            ]
        },
        "9": {
            "type": "line",
            "start": [
                122.79717047048,
                -35.58167109666,
                5.0
            ],
            "end": [
                119.72558642432982,
                -48.58176826096996,
                5.0
            ],
            "length": 13.358037087613736,
            "solid_ids": [
                1,
                4
            ],
            "preferred_normal": [
                0.8991233975462432,
                -0.21243941860722074,
                0.38268343236508984
            ]
        },
        "10": {
            "type": "line",
            "start": [
                122.79717047048,
                -35.58167109666,
                5.0
            ],
            "end": [
                -118.58800166930634,
                21.451352145450336,
                5.0
            ],
            "length": 248.03138323423786,
            "solid_ids": [
                1,
                4
            ],
            "preferred_normal": [
                0.21243941860722074,
                0.8991233975462432,
                0.38268343236508984
            ]
        },
        "11": {
            "type": "line",
            "start": [
                119.72558642433,
                -48.58176826097,
                5.0
            ],
            "end": [
                -121.65958571541053,
                8.451254981129514,
                5.0
            ],
            "length": 248.0313832341908,
            "solid_ids": [
                1,
                4
            ],
            "preferred_normal": [
                -0.21243941860722074,
                -0.8991233975462432,
                0.38268343236508984
            ]
        },
        "12": {
            "type": "line",
            "start": [
                -118.5880016693,
                21.451352145477,
                5.0
            ],
            "end": [
                -121.65958571544597,
                8.451254981184862,
                5.0
            ],
            "length": 13.358037087595427,
            "solid_ids": [
                1,
                4
            ],
            "preferred_normal": [
                -0.8991233975462432,
                0.21243941860722074,
                0.38268343236508984
            ]
        }
    }
}