{
    "contact_edges": {
        "1": {
            "type": "line",
            "start": [
                38.581540027976,
                -18.55422633188,
                5.0
            ],
            "end": [
                28.270533233965935,
                -23.536745177109868,
                5.0
            ],
            "length": 11.451740267277827,
            "solid_ids": [
                1,
                2
            ],
            "preferred_normal": [
                0.40196922686178554,
                -0.8318498249380185,
                0.38268343236508984
            ]
        },
        "2": {
            "type": "line",
            "start": [
                38.581540027976,
                -18.55422633188,
                5.0
            ],
            "end": [
                -33.130236635321445,
                129.84874801786964,
                5.0
            ],
            "length": 164.8211810055343,
            "solid_ids": [
                1,
                2
            ],
            "preferred_normal": [
                0.8318498249380185,
                0.40196922686178554,
                0.38268343236508984
            ]
        },
        "3": {
            "type": "line",
            "start": [
                28.270533233966,
                -23.53674517711,
                5.0
            ],
            "end": [
                -43.44124342933144,
                124.86622917263963,
                5.0
            ],
            "length": 164.8211810055343,
            "solid_ids": [
                1,
                2
            ],
            "preferred_normal": [
                -0.8318498249380185,
                -0.40196922686178554,
                0.38268343236508984
            ]
        },
        "4": {
            "type": "line",
            "start": [
                -33.1302366353,
                129.84874801788,
                5.0
            ],
            "end": [
                -43.44124342931007,
                124.86622917265014,
                5.0
            ],
            "length": 11.451740267277836,
            "solid_ids": [
                1,
                2
            ],
            "preferred_normal": [
                -0.40196922686178554,
                0.8318498249380185,
                0.38268343236508984
            ]
        },
        "5": {
            "type": "line",
            "start": [
                -7.40890050712319,
                27.315743074027328,
                5.0
            ],
            "end": [
                -120.66041285638829,
                -27.410027726434212,
                5.0
            ],
            "length": 125.78082142799192,
            "solid_ids": [
                1,
                3
            ],
            "preferred_normal": [
                0.40196922686178554,
                -0.8318498249380185,
                0.38268343236508984
            ]
        },
        "6": {
            "type": "line",
            "start": [
                -7.408900507142947,
                27.315743074019824,
                5.0
            ],
            "end": [
                -9.901853838851018,
                32.47475190847734,
                5.0
            ],
            "length": 5.729763386745131,
            "solid_ids": [
                1,
                3
            ],
            "preferred_normal": [
                0.8318498249380185,
                0.40196922686178554,
                0.3826834323650898
            ]
        },
        "7": {
            "type": "line",
            "start": [
                -120.6604128564,
                -27.41002772641,
                5.0
            ],
            "end": [
                -123.15336618810751,
                -22.251018891953635,
                5.0
            ],
            "length": 5.729763386743855,
            "solid_ids": [
                1,
                3
            ],
            "preferred_normal": [
                -0.8318498249380185,
                -0.40196922686178554,
                0.38268343236508984
            ]
        },
        "8": {
            "type": "line",
            "start": [
                -9.901853838830379,
                32.474751908485715,
                5.0
            ],
            "end": [
                -123.15336618808902,
                -22.251018891972702,
                5.0
            ],
            "length": 125.78082142798476,
            "solid_ids": [
                1,
                3
            ],
            "preferred_normal": [
                -0.40196922686178554,
                0.8318498249380185,
                0.38268343236508984
            ]
        },
        "9": {
            "type": "line",
            "start": [
                1.594977116152,
                31.666626633155,
                15.0
            ],
            "end": [
                1.594977116152,
                31.666626633155,
                68.223737226992
            ],
            "length": 53.223737226992,
            "solid_ids": [
                2,
                3
            ],
            "preferred_normal": [
                0.0574057475147734,
                -0.9983509303607976,
                0.0
            ]
        },
        "10": {
            "type": "line",
            "start": [
                1.5949771161346082,
                31.666626633146596,
                15.0
            ],
            "end": [
                -0.897976215573636,
                36.82563546760447,
                15.0
            ],
            "length": 5.729763386745533,
            "solid_ids": [
                2,
                3
            ],
            "preferred_normal": [
                -0.3445634793470117,
                -0.1665011054227788,
                -0.923879532511287
            ]
        },
        "11": {
            "type": "line",
            "start": [
                1.594977116152,
                31.666626633155,
                68.223737226992
            ],
            "end": [
                -0.8979762155562457,
                36.82563546761288,
                68.223737226992
            ],
            "length": 5.7297633867455335,
            "solid_ids": [
                2,
                3
            ],
            "preferred_normal": [
                -0.3445634793470122,
                -0.16650110542277904,
                0.9238795325112867
            ]
        },
        "12": {
            "type": "line",
            "start": [
                -0.897976215556,
                36.825635467613,
                15.0
            ],
            "end": [
                -0.897976215556,
                36.825635467613,
                68.223737226992
            ],
            "length": 53.223737226992,
            "solid_ids": [
                2,
                3
            ],
            "preferred_normal": [
                -0.7465327062087977,
                0.6653487195152394,
                0.0
            ]
        }
    }
}