{
    "contact_edges": {
        "1": {
            "type": "line",
            "start": [
                -9.170984122725,
                -140.5656922809,
                5.0
            ],
            "end": [
                -22.729716137721184,
                -131.0003796951875,
                5.0
            ],
            "length": 16.59320399190201,
            "solid_ids": [
                1,
                2
            ],
            "preferred_normal": [
                -0.5325792730762082,
                -0.7549256310941438,
                0.38268343236508984
            ]
        },
        "2": {
            "type": "line",
            "start": [
                -9.170984122725,
                -140.5656922809,
                5.0
            ],
            "end": [
                127.86379867855831,
                53.679700129075805,
                5.0
            ],
            "length": 237.71790881189492,
            "solid_ids": [
                1,
                2
            ],
            "preferred_normal": [
                0.7549256310941438,
                -0.5325792730762082,
                0.38268343236508984
            ]
        },
        "3": {
            "type": "line",
            "start": [
                -22.72971613773,
                -131.0003796952,
                5.0
            ],
            "end": [
                114.3050666635653,
                63.24501271479282,
                5.0
            ],
            "length": 237.7179088119157,
            "solid_ids": [
                1,
                2
            ],
            "preferred_normal": [
                -0.7549256310941438,
                0.5325792730762082,
                0.38268343236508984
            ]
        },
        "4": {
            "type": "line",
            "start": [
                127.86379867866,
                53.679700129004,
                5.0
            ],
            "end": [
                114.30506666364683,
                63.2450127147285,
                5.0
            ],
            "length": 16.593203991922806,
            "solid_ids": [
                1,
                2
            ],
            "preferred_normal": [
                0.5325792730762082,
                0.7549256310941438,
                0.38268343236508984
            ]
        },
        "5": {
            "type": "line",
            "start": [
                -12.8808087767,
                24.735940877952,
                15.0
            ],
            "end": [
                -12.8808087767,
                24.735940877952,
                69.059353263324
            ],
            "length": 54.059353263324,
            "solid_ids": [
                3,
                5
            ],
            "preferred_normal": [
                -0.2198788380939457,
                -0.9755271890411136,
                0.0
            ]
        },
        "6": {
            "type": "line",
            "start": [
                -12.880808776726846,
                24.73594087797095,
                15.0
            ],
            "end": [
                -7.500586426589504,
                32.36235061345282,
                15.0
            ],
            "length": 9.333215843982716,
            "solid_ids": [
                3,
                5
            ],
            "preferred_normal": [
                0.8171256148971145,
                -0.5764596512150808,
                0.0
            ]
        },
        "7": {
            "type": "line",
            "start": [
                -12.8808087767,
                24.735940877952,
                69.059353263324
            ],
            "end": [
                -7.500586426562654,
                32.362350613433875,
                69.059353263324
            ],
            "length": 9.333215843982725,
            "solid_ids": [
                3,
                5
            ],
            "preferred_normal": [
                0.3127004349822624,
                -0.22060155794696967,
                0.9238795325112866
            ]
        },
        "8": {
            "type": "line",
            "start": [
                -7.50058642656,
                32.362350613432,
                15.0
            ],
            "end": [
                -7.50058642656,
                32.362350613432,
                69.059353263324
            ],
            "length": 54.059353263324,
            "solid_ids": [
                3,
                5
            ],
            "preferred_normal": [
                0.8452797080584706,
                0.5343240731471741,
                0.0
            ]
        },
        "9": {
            "type": "line",
            "start": [
                45.72990424143067,
                -16.61230542342047,
                5.0
            ],
            "end": [
                -4.709552627745321,
                18.971344365779128,
                5.0
            ],
            "length": 61.72791055574349,
            "solid_ids": [
                1,
                5
            ],
            "preferred_normal": [
                -0.5325792730762082,
                -0.7549256310941438,
                0.38268343236508984
            ]
        },
        "10": {
            "type": "line",
            "start": [
                45.72990424140189,
                -16.612305423399437,
                5.0
            ],
            "end": [
                51.110126591539085,
                -8.985895687917768,
                5.0
            ],
            "length": 9.333215843982469,
            "solid_ids": [
                1,
                5
            ],
            "preferred_normal": [
                0.7549256310941438,
                -0.5325792730762082,
                0.3826834323650898
            ]
        },
        "11": {
            "type": "line",
            "start": [
                -4.7095526277593915,
                18.971344365817338,
                5.0
            ],
            "end": [
                0.670669722378286,
                26.59775410129968,
                5.0
            ],
            "length": 9.333215843983298,
            "solid_ids": [
                1,
                5
            ],
            "preferred_normal": [
                -0.7549256310941439,
                0.5325792730762082,
                0.3826834323650899
            ]
        },
        "12": {
            "type": "line",
            "start": [
                51.11012659157213,
                -8.985895687940802,
                5.0
            ],
            "end": [
                0.6706697223956756,
                26.597754101259127,
                5.0
            ],
            "length": 61.727910555744074,
            "solid_ids": [
                1,
                5
            ],
            "preferred_normal": [
                0.5325792730762082,
                0.7549256310941438,
                0.38268343236508984
            ]
        },
        "13": {
            "type": "line",
            "start": [
                6.9232132000789575,
                -71.62039005244715,
                5.0
            ],
            "end": [
                -43.51624366909198,
                -36.03674026325112,
                5.0
            ],
            "length": 61.72791055573731,
            "solid_ids": [
                1,
                4
            ],
            "preferred_normal": [
                -0.5325792730762082,
                -0.7549256310941438,
                0.38268343236508984
            ]
        },
        "14": {
            "type": "line",
            "start": [
                6.923213200046086,
                -71.62039005241324,
                5.0
            ],
            "end": [
                8.782407083170057,
                -68.9850018829925,
                5.0
            ],
            "length": 3.2251934358373555,