{
    "contact_edges": {
        "1": {
            "type": "line",
            "start": [
                58.806894064794,
                106.4230383787,
                5.0
            ],
            "end": [
                -27.65817770506097,
                0.7179005231874775,
                5.0
            ],
            "length": 136.56421495113233,
            "solid_ids": [
                1,
                2
            ],
            "preferred_normal": [
                0.7151127649431288,
                -0.5849505312491535,
                0.3826834323650898
            ]
        },
        "2": {
            "type": "line",
            "start": [
                58.806894064794,
                106.4230383787,
                5.0
            ],
            "end": [
                46.01408140213048,
                116.88734964545671,
                5.0
            ],
            "length": 16.527488197229957,
            "solid_ids": [
                1,
                2
            ],
            "preferred_normal": [
                0.5849505312491535,
                0.7151127649431288,
                0.3826834323650898
            ]
        },
        "3": {
            "type": "line",
            "start": [
                -27.65817770502,
                0.717900523154,
                5.0
            ],
            "end": [
                -40.450990367686074,
                11.182211789912797,
                5.0
            ],
            "length": 16.527488197233254,
            "solid_ids": [
                1,
                2
            ],
            "preferred_normal": [
                -0.5849505312491535,
                -0.7151127649431288,
                0.3826834323650898
            ]
        },
        "4": {
            "type": "line",
            "start": [
                46.014081402125,
                116.88734964545,
                5.0
            ],
            "end": [
                -40.45099036772841,
                11.182211789939393,
                5.0
            ],
            "length": 136.56421495112988,
            "solid_ids": [
                1,
                2
            ],
            "preferred_normal": [
                -0.7151127649431288,
                0.5849505312491535,
                0.3826834323650898
            ]
        }
    }
}