{
    "contact_edges": {
        "1": {
            "type": "line",
            "start": [
                94.675042624876,
                -76.692278781,
                5.0
            ],
            "end": [
                -125.16311967720092,
                -95.08065878457971,
                5.0
            ],
            "length": 220.6058705554101,
            "solid_ids": [
                1,
                2
            ],
            "preferred_normal": [
                0.07700904730493123,
                -0.9206644324760572,
                0.38268343236508984
            ]
        },
        "2": {
            "type": "line",
            "start": [
                94.675042624876,
                -76.692278781,
                5.0
            ],
            "end": [
                93.45199172199148,
                -62.07036739784996,
                5.0
            ],
            "length": 14.67297331857928,
            "solid_ids": [
                1,
                2
            ],
            "preferred_normal": [
                0.9206644324760572,
                0.07700904730493123,
                0.38268343236508984
            ]
        },
        "3": {
            "type": "line",
            "start": [
                -125.1631196772,
                -95.08065878459,
                5.0
            ],
            "end": [
                -126.38617058008464,
                -80.4587474014387,
                5.0
            ],
            "length": 14.672973318580542,
            "solid_ids": [
                1,
                2
            ],
            "preferred_normal": [
                -0.9206644324760572,
                -0.07700904730493123,
                0.38268343236508984
            ]
        },
        "4": {
            "type": "line",
            "start": [
                93.451991721991,
                -62.07036739785,
                5.0
            ],
            "end": [
                -126.38617058010082,
                -80.45874740143095,
                5.0
            ],
            "length": 220.60587055542507,
            "solid_ids": [
                1,
                2
            ],
            "preferred_normal": [
                -0.07700904730493123,
                0.9206644324760572,
                0.38268343236508984
            ]
        }
    }
}