{
    "contact_edges": {
        "1": {
            "type": "line",
            "start": [
                -63.29127026105,
                -78.17013785295,
                5.0
            ],
            "end": [
                -75.3523953917244,
                -65.55412640034464,
                5.0
            ],
            "length": 17.453781377972373,
            "solid_ids": [
                1,
                2
            ],
            "preferred_normal": [
                -0.667802266487661,
                -0.6384305157706802,
                0.38268343236508984
            ]
        },
        "2": {
            "type": "line",
            "start": [
                -63.29127026105,
                -78.17013785295,
                5.0
            ],
            "end": [
                41.33498486337794,
                21.85437145811193,
                5.0
            ],
            "length": 144.74652232188723,
            "solid_ids": [
                1,
                2
            ],
            "preferred_normal": [
                0.6384305157706802,
                -0.667802266487661,
                0.38268343236508984
            ]
        },
        "3": {
            "type": "line",
            "start": [
                -75.35239539173,
                -65.55412640035,
                5.0
            ],
            "end": [
                29.273859732700426,
                34.470382910714314,
                5.0
            ],
            "length": 144.7465223218907,
            "solid_ids": [
                1,
                2
            ],
            "preferred_normal": [
                -0.6384305157706802,
                0.667802266487661,
                0.38268343236508984
            ]
        },
        "4": {
            "type": "line",
            "start": [
                41.334984863353,
                21.854371458138,
                5.0
            ],
            "end": [
                29.273859732676105,
                34.470382910745975,
                5.0
            ],
            "length": 17.453781377975986,
            "solid_ids": [
                1,
                2
            ],
            "preferred_normal": [
                0.667802266487661,
                0.6384305157706802,
                0.38268343236508984
            ]
        },
        "5": {
            "type": "line",
            "start": [
                -44.447277425500005,
                -22.17367206223,
                5.0
            ],
            "end": [
                -82.01104006293336,
                17.118255888301935,
                5.0
            ],
            "length": 54.35891707485743,
            "solid_ids": [
                1,
                4
            ],
            "preferred_normal": [
                -0.667802266487661,
                -0.6384305157706802,
                0.38268343236508984
            ]
        },
        "6": {
            "type": "line",
            "start": [
                -44.44727742548356,
                -22.173672062247167,
                5.0
            ],
            "end": [
                -40.344654940271404,
                -18.251494015409435,
                5.0
            ],
            "length": 5.6758252164125205,
            "solid_ids": [
                1,
                4
            ],
            "preferred_normal": [
                0.6384305157706802,
                -0.667802266487661,
                0.3826834323650898
            ]
        },
        "7": {
            "type": "line",
            "start": [
                -82.01104006292124,
                17.11825588825593,
                5.0
            ],
            "end": [
                -77.90841757770136,
                21.04043393510105,
                5.0
            ],
            "length": 5.675825216423208,
            "solid_ids": [
                1,
                4
            ],
            "preferred_normal": [
                -0.6384305157706802,
                0.667802266487661,
                0.38268343236508984
            ]
        },
        "8": {
            "type": "line",
            "start": [
                -40.34465494029,
                -18.251494015389998,
                5.0
            ],
            "end": [
                -77.90841757772107,
                21.04043393513955,
                5.0
            ],
            "length": 54.358917074854126,
            "solid_ids": [
                1,
                4
            ],
            "preferred_normal": [
                0.667802266487661,
                0.6384305157706802,
                0.38268343236508984
            ]
        },
        "9": {
            "type": "line",
            "start": [
                -88.92136216994,
                24.346495534123,
                15.0
            ],
            "end": [
                -88.92136216994,
                24.346495534123,
                50.881323259381
            ],
            "length": 35.881323259381,
            "solid_ids": [
                3,
                4
            ],
            "preferred_normal": [
                -0.40335568822259504,
                -0.9150432715333612,
                0.0
            ]
        },
        "10": {
            "type": "line",
            "start": [
                -88.92136216991751,
                24.346495534099496,
                15.0
            ],
            "end": [
                -84.81873968469813,
                28.268673580944146,
                15.0
            ],
            "length": 5.675825216422524,
            "solid_ids": [
                3,
                4
            ],
            "preferred_normal": [
                0.264446578265066,
                -0.2766127557626811,
                -0.9238795325112867
            ]
        },
        "11": {
            "type": "line",
            "start": [
                -88.92136216994,
                24.346495534123,
                50.881323259381
            ],
            "end": [
                -84.81873968472061,
                28.268673580967643,
                50.881323259381
            ],
            "length": 5.67582521642252,
            "solid_ids": [
                3,
                4
            ],
            "preferred_normal": [
                0.264446578265066,
                -0.2766127557626811,
                0.9238795325112867
            ]
        },
        "12": {
            "type": "line",
            "start": [
                -84.81873968472,
                28.268673580967,
                15.0
            ],
            "end": [
                -84.81873968472,
                28.268673580967,
                50.881323259381
            ],
            "length": 35.881323259381,
            "solid_ids": [
                3,
                4
            ],
            "preferred_normal": [
                0.9322488447527268,
                0.36181776000799926,
                0.0
            ]
        },
        "13": {
            "type": "line",
            "start": [
                -97.00292235135,
                16.620384237751,
                5.0
            ],
            "end": [
                -105.65526531629489,
                25.670788470768898,
                5.0
            ],
            "length": 12.520896755586623,
            "solid_ids": [
                1,
                3
            ],
            "preferred_normal": [
                -0.667802266487661,
                -0.6384305157706802,
                0.38268343236508984
            ]
        },
        "14": {
            "type": "line",
            "start": [
                -97.00292235135,
                16.620384237751,
                5.0
            ],
            "end": [
                22.82329468930503,
                131.17632000968862,
                5.0
            ],
            "length": 165.77510280756414,