{
  "welds": [
    {
      "start": {
        "xyz": [
          94.894715404293,
          -89.83477214041,
          5.0
        ],
        "pose": [
          0.3287686616323997,
          -0.7473806485286513,
          0.5773502691896258
        ]
      },
      "end": {
        "xyz": [
          100.91763073423267,
          -74.35132594115103,
          5.0
        ],
        "pose": [
          0.7473806485286513,
          0.3287686616323997,
          0.5773502691896258
        ]
      }
    },
    {
      "start": {
        "xyz": [
          100.91763073423267,
          -74.35132594115103,
          5.0
        ],
        "pose": [
          0.7473806485286513,
          0.3287686616323997,
          0.5773502691896258
        ]
      },
      "end": {
        "xyz": [
          -21.793942181689925,
          -26.617675165650027,
          5.0
        ],
        "pose": [
          -0.3287686616323997,
          0.7473806485286513,
          0.5773502691896258
        ]
      }
    },
    {
      "start": {
        "xyz": [
          -21.793942181689925,
          -26.617675165650027,
          5.0
        ],
        "pose": [
          -0.3287686616323997,
          0.7473806485286513,
          0.5773502691896258
        ]
      },
      "end": {
        "xyz": [
          -27.816857511637586,
          -42.101121364929405,
          5.0
        ],
        "pose": [
          -0.7473806485286513,
          -0.3287686616323997,
          0.5773502691896258
        ]
      }
    },
    {
      "start": {
        "xyz": [
          -27.816857511637586,
          -42.101121364929405,
          5.0
        ],
        "pose": [
          -0.7473806485286513,
          -0.3287686616323997,
          0.5773502691896258
        ]
      },
      "end": {
        "xyz": [
          94.894715404293,
          -89.83477214041,
          5.0
        ],
        "pose": [
          0.3287686616323997,
          -0.7473806485286513,
          0.5773502691896258
        ]
      }
    }
  ]
}