{
    "contact_edges": {
        "1": {
            "type": "line",
            "start": [
                142.18574618259,
                -38.95797805148,
                5.0
            ],
            "end": [
                -82.6598623517997,
                -25.499125095684736,
                5.0
            ],
            "length": 225.24805970326526,
            "solid_ids": [
                1,
                2
            ],
            "preferred_normal": [
                -0.055202956213336145,
                -0.9222288350613324,
                0.38268343236508984
            ]
        },
        "2": {
            "type": "line",
            "start": [
                142.18574618259,
                -38.95797805148,
                5.0
            ],
            "end": [
                142.862083371389,
                -27.658987915439937,
                5.0
            ],
            "length": 11.319214199196121,
            "solid_ids": [
                1,
                2
            ],
            "preferred_normal": [
                0.9222288350613324,
                -0.055202956213336145,
                0.38268343236508984
            ]
        },
        "3": {
            "type": "line",
            "start": [
                -82.6598623518,
                -25.49912509569,
                5.0
            ],
            "end": [
                -81.98352516300042,
                -14.200134959639973,
                5.0
            ],
            "length": 11.319214199206106,
            "solid_ids": [
                1,
                2
            ],
            "preferred_normal": [
                -0.9222288350613324,
                0.055202956213336145,
                0.38268343236508984
            ]
        },
        "4": {
            "type": "line",
            "start": [
                142.86208337139,
                -27.65898791544,
                5.0
            ],
            "end": [
                -81.9835251630003,
                -14.200134959644702,
                5.0
            ],
            "length": 225.24805970326582,
            "solid_ids": [
                1,
                2
            ],
            "preferred_normal": [
                0.055202956213336145,
                0.9222288350613324,
                0.38268343236508984
            ]
        }
    }
}