{
    "contact_edges": {
        "1": {
            "type": "line",
            "start": [
                76.1105333773,
                -94.92986170937,
                5.0
            ],
            "end": [
                61.12748025611533,
                -100.2643136430599,
                5.0
            ],
            "length": 15.904347149917523,
            "solid_ids": [
                1,
                2
            ],
            "preferred_normal": [
                0.30987697339886733,
                -0.870361793710197,
                0.38268343236508984
            ]
        },
        "2": {
            "type": "line",
            "start": [
                76.1105333773,
                -94.92986170937,
                5.0
            ],
            "end": [
                -10.161890487287096,
                147.38637353362884,
                5.0
            ],
            "length": 257.2160356233867,
            "solid_ids": [
                1,
                2
            ],
            "preferred_normal": [
                0.870361793710197,
                0.3098769733988673,
                0.38268343236508984
            ]
        },
        "3": {
            "type": "line",
            "start": [
                61.127480256094,
                -100.264313643,
                5.0
            ],
            "end": [
                -25.144943608471433,
                142.05192159993803,
                5.0
            ],
            "length": 257.21603562332217,
            "solid_ids": [
                1,
                2
            ],
            "preferred_normal": [
                -0.870361793710197,
                -0.3098769733988673,
                0.38268343236508984
            ]
        },
        "4": {
            "type": "line",
            "start": [
                -10.16189048734,
                147.38637353361,
                5.0
            ],
            "end": [
                -25.144943608550346,
                142.05192159991097,
                5.0
            ],
            "length": 15.90434714994477,
            "solid_ids": [
                1,
                2
            ],
            "preferred_normal": [
                -0.30987697339886733,
                0.870361793710197,
                0.38268343236508984
            ]
        },
        "5": {
            "type": "line",
            "start": [
                138.42286096241,
                12.259306032268,
                5.0
            ],
            "end": [
                58.671781538258855,
                -16.1346598975799,
                5.0
            ],
            "length": 84.65489927076062,
            "solid_ids": [
                1,
                3
            ],
            "preferred_normal": [
                0.30987697339886733,
                -0.870361793710197,
                0.38268343236508984
            ]
        },
        "6": {
            "type": "line",
            "start": [
                138.42286096241,
                12.259306032268,
                5.0
            ],
            "end": [
                137.12031413521711,
                15.917812763091971,
                5.0
            ],
            "length": 3.8834649137741093,
            "solid_ids": [
                1,
                3
            ],
            "preferred_normal": [
                0.870361793710197,
                0.3098769733988673,
                0.38268343236508984
            ]
        },
        "7": {
            "type": "line",
            "start": [
                58.671781538299385,
                -16.134659897588115,
                5.0
            ],
            "end": [
                57.369234711104475,
                -12.47615316675844,
                5.0
            ],
            "length": 3.8834649137801622,
            "solid_ids": [
                1,
                3
            ],
            "preferred_normal": [
                -0.870361793710197,
                -0.3098769733988673,
                0.38268343236508984
            ]
        },
        "8": {
            "type": "line",
            "start": [
                137.12031413522,
                15.917812763093,
                5.0
            ],
            "end": [
                57.36923471106687,
                -12.47615316675561,
                5.0
            ],
            "length": 84.65489927076275,
            "solid_ids": [
                1,
                3
            ],
            "preferred_normal": [
                -0.30987697339886733,
                0.870361793710197,
                0.38268343236508984
            ]
        },
        "9": {
            "type": "line",
            "start": [
                49.251053368823,
                -19.48874408817,
                15.0
            ],
            "end": [
                49.251053368823,
                -19.48874408817,
                45.255862576433
            ],
            "length": 30.255862576433003,
            "solid_ids": [
                2,
                3
            ],
            "preferred_normal": [
                0.6703926325250048,
                -0.7420065486612594,
                0.0
            ]
        },
        "10": {
            "type": "line",
            "start": [
                49.2510533688469,
                -19.48874408816149,
                15.0
            ],
            "end": [
                47.94850654165515,
                -15.83023735734068,
                15.0
            ],
            "length": 3.8834649137707493,
            "solid_ids": [
                2,
                3
            ],
            "preferred_normal": [
                0.3605156591261376,
                0.12835524504893767,
                -0.9238795325112867
            ]
        },
        "11": {
            "type": "line",
            "start": [
                49.251053368823,
                -19.48874408817,
                45.255862576433
            ],
            "end": [
                47.948506541631254,
                -15.8302373573492,
                45.255862576433
            ],
            "length": 3.8834649137707427,
            "solid_ids": [
                2,
                3
            ],
            "preferred_normal": [
                0.3605156591261376,
                0.12835524504893767,
                0.9238795325112867
            ]
        },
        "12": {
            "type": "line",
            "start": [
                47.948506541629,
                -15.83023735735,
                15.0
            ],
            "end": [
                47.948506541629,
                -15.83023735735,
                45.255862576433
            ],
            "length": 30.255862576433003,
            "solid_ids": [
                2,
                3
            ],
            "preferred_normal": [
                0.0506386857272703,
                0.9987170387591345,
                0.0
            ]
        }
    }
}