{
    "contact_edges": {
        "1": {
            "type": "line",
            "start": [
                54.860212126395,
                -116.6427336902,
                5.0
            ],
            "end": [
                -75.98807304025702,
                -41.1393368536201,
                5.0
            ],
            "length": 151.06964177132198,
            "solid_ids": [
                1,
                2
            ],
            "preferred_normal": [
                -0.46174758975059416,
                -0.8002140675799138,
                0.3826834323650898
            ]
        },
        "2": {
            "type": "line",
            "start": [
                54.860212126395,
                -116.6427336902,
                5.0
            ],
            "end": [
                63.41419671751512,
                -101.81857660608102,
                5.0
            ],
            "length": 17.115089413723652,
            "solid_ids": [
                1,
                2
            ],
            "preferred_normal": [
                0.8002140675799138,
                -0.46174758975059416,
                0.3826834323650898
            ]
        },
        "3": {
            "type": "line",
            "start": [
                -75.98807304028,
                -41.13933685366,
                5.0
            ],
            "end": [
                -67.43408844913033,
                -26.315179769489806,
                5.0
            ],
            "length": 17.115089413782776,
            "solid_ids": [
                1,
                2
            ],
            "preferred_normal": [
                -0.8002140675799138,
                0.46174758975059416,
                0.3826834323650898
            ]
        },
        "4": {
            "type": "line",
            "start": [
                63.414196717548,
                -101.8185766061,
                5.0
            ],
            "end": [
                -67.43408844913658,
                -26.3151797695013,
                5.0
            ],
            "length": 151.06964177135958,
            "solid_ids": [
                1,
                2
            ],
            "preferred_normal": [
                0.46174758975059416,
                0.8002140675799138,
                0.3826834323650898
            ]
        }
    }
}