{
    "contact_edges": {
        "1": {
            "type": "line",
            "start": [
                3.721191175,
                -90.6690213377,
                5.0
            ],
            "end": [
                -110.48190747811368,
                32.50277759079834,
                5.0
            ],
            "length": 167.96916322127475,
            "solid_ids": [
                1,
                2
            ],
            "preferred_normal": [
                -0.6774809246547584,
                -0.6281504495916622,
                0.3826834323650899
            ]
        },
        "2": {
            "type": "line",
            "start": [
                3.721191175,
                -90.6690213377,
                5.0
            ],
            "end": [
                14.16043420040973,
                -80.98990719415511,
                5.0
            ],
            "length": 14.235977154636647,
            "solid_ids": [
                1,
                2
            ],
            "preferred_normal": [
                0.6281504495916621,
                -0.6774809246547584,
                0.3826834323650899
            ]
        },
        "3": {
            "type": "line",
            "start": [
                -110.4819074781,
                32.502777590811,
                5.0
            ],
            "end": [
                -100.04266445269495,
                42.18189173435156,
                5.0
            ],
            "length": 14.235977154630266,
            "solid_ids": [
                1,
                2
            ],
            "preferred_normal": [
                -0.6281504495916621,
                0.6774809246547584,
                0.3826834323650899
            ]
        },
        "4": {
            "type": "line",
            "start": [
                14.160434200405,
                -80.98990719415,
                5.0
            ],
            "end": [
                -100.04266445270899,
                42.18189173434867,
                5.0
            ],
            "length": 167.9691632212752,
            "solid_ids": [
                1,
                2
            ],
            "preferred_normal": [
                0.6774809246547584,
                0.6281504495916622,
                0.3826834323650899
            ]
        },
        "5": {
            "type": "line",
            "start": [
                60.234403607593,
                2.174925554283,
                15.0
            ],
            "end": [
                60.234403607593,
                2.174925554283,
                65.084708200311
            ],
            "length": 50.084708200311,
            "solid_ids": [
                3,
                5
            ],
            "preferred_normal": [
                0.3475286623505962,
                -0.9376693600863821,
                0.0
            ]
        },
        "6": {
            "type": "line",
            "start": [
                60.2344036076125,
                2.174925554301099,
                15.0
            ],
            "end": [
                56.635992616943405,
                6.055930187555923,
                15.0
            ],
            "length": 5.292519118634674,
            "solid_ids": [
                3,
                5
            ],
            "preferred_normal": [
                -0.7333000686931895,
                -0.6799051472481757,
                0.0
            ]
        },
        "7": {
            "type": "line",
            "start": [
                60.234403607593,
                2.174925554283,
                65.084708200311
            ],
            "end": [
                56.6359926169239,
                6.055930187537836,
                65.084708200311
            ],
            "length": 5.292519118634687,
            "solid_ids": [
                3,
                5
            ],
            "preferred_normal": [
                -0.28062178724106596,
                -0.26018843543162373,
                0.9238795325112866
            ]
        },
        "8": {
            "type": "line",
            "start": [
                56.635992616923,
                6.055930187537,
                15.0
            ],
            "end": [
                56.635992616923,
                6.055930187537,
                65.084708200311
            ],
            "length": 50.084708200311,
            "solid_ids": [
                3,
                5
            ],
            "preferred_normal": [
                -0.9087722368327281,
                0.41729248922313456,
                0.0
            ]
        },
        "9": {
            "type": "line",
            "start": [
                1.3282310537849975,
                -52.44201999628,
                5.0
            ],
            "end": [
                52.9014029206724,
                -4.62412591821114,
                5.0
            ],
            "length": 70.33024278696128,
            "solid_ids": [
                1,
                5
            ],
            "preferred_normal": [
                0.6281504495916621,
                -0.6774809246547584,
                0.3826834323650899
            ]
        },
        "10": {
            "type": "line",
            "start": [
                1.3282310538076174,
                -52.44201999625904,
                5.0
            ],
            "end": [
                -2.270179936859494,
                -48.561015363006355,
                5.0
            ],
            "length": 5.292519118631758,
            "solid_ids": [
                1,
                5
            ],
            "preferred_normal": [
                -0.6774809246547584,
                -0.6281504495916622,
                0.3826834323650899
            ]
        },
        "11": {
            "type": "line",
            "start": [
                52.901402920679516,
                -4.624125918185684,
                5.0
            ],
            "end": [
                49.302991930010414,
                -0.7431212849308493,
                5.0
            ],
            "length": 5.292519118634687,
            "solid_ids": [
                1,
                5
            ],
            "preferred_normal": [
                0.6774809246547583,
                0.6281504495916622,
                0.3826834323650898
            ]
        },
        "12": {
            "type": "line",
            "start": [
                -2.270179936885002,
                -48.56101536303,
                5.0
            ],
            "end": [
                49.302991930004396,
                -0.7431212849592944,
                5.0
            ],
            "length": 70.33024278696399,
            "solid_ids": [
                1,
                5
            ],
            "preferred_normal": [
                -0.6281504495916621,
                0.6774809246547584,
                0.3826834323650899
            ]
        },
        "13": {
            "type": "line",
            "start": [
                -50.908458020178,
                3.896967642296849,
                5.0
            ],
            "end": [
                0.6647138467113111,
                51.71486172036748,
                5.0
            ],
            "length": 70.33024278696388,
            "solid_ids": [
                1,
                4
            ],
            "preferred_normal": [
                0.6281504495916621,
                -0.6774809246547584,
                0.3826834323650899
            ]
        },
        "14": {
            "type": "line",
            "start": [
                -50.90845802016295,
                3.8969676423148187,
                5.0
            ],
            "end": [
                -53.659686784352665,
                6.86425837387709,
                5.0
            ],
            "length": 4.0464890953171,