{
    "contact_edges": {
        "1": {
            "type": "line",
            "start": [
                3.358298892915,
                -35.36401430719,
                5.0
            ],
            "end": [
                -10.625886400943347,
                -42.423442693633376,
                5.0
            ],
            "length": 15.6650236985549,
            "solid_ids": [
                1,
                2
            ],
            "preferred_normal": [
                0.4163454536022104,
                -0.8247483578995738,
                0.3826834323650899
            ]
        },
        "2": {
            "type": "line",
            "start": [
                3.358298892915,
                -35.36401430719,
                5.0
            ],
            "end": [
                -46.766472053839394,
                63.92930610919143,
                5.0
            ],
            "length": 111.22794676597596,
            "solid_ids": [
                1,
                2
            ],
            "preferred_normal": [
                0.8247483578995737,
                0.4163454536022104,
                0.3826834323650898
            ]
        },
        "3": {
            "type": "line",
            "start": [
                -10.62588640094,
                -42.42344269364,
                5.0
            ],
            "end": [
                -60.75065734769542,
                56.86987772274345,
                5.0
            ],
            "length": 111.22794676597823,
            "solid_ids": [
                1,
                2
            ],
            "preferred_normal": [
                -0.8247483578995737,
                -0.4163454536022104,
                0.3826834323650898
            ]
        },
        "4": {
            "type": "line",
            "start": [
                -46.76647205387,
                63.929306109176,
                5.0
            ],
            "end": [
                -60.75065734773233,
                56.86987772273061,
                5.0
            ],
            "length": 15.665023698559363,
            "solid_ids": [
                1,
                2
            ],
            "preferred_normal": [
                -0.4163454536022104,
                0.8247483578995738,
                0.3826834323650899
            ]
        }
    }
}