{
    "contact_edges": {
        "1": {
            "type": "line",
            "start": [
                142.28385111061,
                -65.11192161006,
                5.0
            ],
            "end": [
                140.46519615164638,
                -82.42405121376066,
                5.0
            ],
            "length": 17.407393178620744,
            "solid_ids": [
                1,
                2
            ],
            "preferred_normal": [
                0.9188235160153414,
                -0.09652324595909163,
                0.38268343236508984
            ]
        },
        "2": {
            "type": "line",
            "start": [
                142.28385111061,
                -65.11192161006,
                5.0
            ],
            "end": [
                -69.79084727999059,
                -42.83328167795542,
                5.0
            ],
            "length": 213.24168329547715,
            "solid_ids": [
                1,
                2
            ],
            "preferred_normal": [
                0.09652324595909163,
                0.9188235160153414,
                0.38268343236508984
            ]
        },
        "3": {
            "type": "line",
            "start": [
                140.46519615164,
                -82.42405121376,
                5.0
            ],
            "end": [
                -71.60950223896059,
                -60.14541128165542,
                5.0
            ],
            "length": 213.24168329547715,
            "solid_ids": [
                1,
                2
            ],
            "preferred_normal": [
                -0.09652324595909163,
                -0.9188235160153414,
                0.38268343236508984
            ]
        },
        "4": {
            "type": "line",
            "start": [
                -69.79084727999,
                -42.83328167795,
                5.0
            ],
            "end": [
                -71.60950223895361,
                -60.145411281650674,
                5.0
            ],
            "length": 17.40739317862075,
            "solid_ids": [
                1,
                2
            ],
            "preferred_normal": [
                -0.9188235160153414,
                0.09652324595909163,
                0.38268343236508984
            ]
        },
        "5": {
            "type": "line",
            "start": [
                28.403190278313,
                57.088669673039,
                5.0
            ],
            "end": [
                27.16064033190315,
                45.26059552115188,
                5.0
            ],
            "length": 11.893160577065434,
            "solid_ids": [
                1,
                3
            ],
            "preferred_normal": [
                0.9188235160153414,
                -0.09652324595909163,
                0.38268343236508984
            ]
        },
        "6": {
            "type": "line",
            "start": [
                28.403190278313,
                57.088669673039,
                5.0
            ],
            "end": [
                -113.05160120630131,
                71.94862416111447,
                5.0
            ],
            "length": 142.23317574090578,
            "solid_ids": [
                1,
                3
            ],
            "preferred_normal": [
                0.09652324595909163,
                0.9188235160153414,
                0.38268343236508984
            ]
        },
        "7": {
            "type": "line",
            "start": [
                27.160640331902,
                45.260595521152,
                5.0
            ],
            "end": [
                -114.29415115270143,
                60.120550009226314,
                5.0
            ],
            "length": 142.23317574089486,
            "solid_ids": [
                1,
                3
            ],
            "preferred_normal": [
                -0.09652324595909163,
                -0.9188235160153414,
                0.38268343236508984
            ]
        },
        "8": {
            "type": "line",
            "start": [
                -113.0516012063,
                71.948624161127,
                5.0
            ],
            "end": [
                -114.29415115270974,
                60.12055000924102,
                5.0
            ],
            "length": 11.893160577064284,
            "solid_ids": [
                1,
                3
            ],
            "preferred_normal": [
                -0.9188235160153414,
                0.09652324595909163,
                0.38268343236508984
            ]
        },
        "9": {
            "type": "line",
            "start": [
                89.987638619343,
                -134.757984493,
                5.0
            ],
            "end": [
                88.58470589000986,
                -148.11277349010032,
                5.0
            ],
            "length": 13.428276486582549,
            "solid_ids": [
                1,
                4
            ],
            "preferred_normal": [
                0.9188235160153414,
                -0.09652324595909163,
                0.38268343236508984
            ]
        },
        "10": {
            "type": "line",
            "start": [
                89.987638619343,
                -134.757984493,
                5.0
            ],
            "end": [
                -51.55001306510754,
                -119.88932546557656,
                5.0
            ],
            "length": 142.3164918961349,
            "solid_ids": [
                1,
                4
            ],
            "preferred_normal": [
                0.09652324595909163,
                0.9188235160153414,
                0.38268343236508984
            ]
        },
        "11": {
            "type": "line",
            "start": [
                88.584705890007,
                -148.1127734901,
                5.0
            ],
            "end": [
                -52.95294579443758,
                -133.24411446267717,
                5.0
            ],
            "length": 142.3164918961289,
            "solid_ids": [
                1,
                4
            ],
            "preferred_normal": [
                -0.09652324595909163,
                -0.9188235160153414,
                0.38268343236508984
            ]
        },
        "12": {
            "type": "line",
            "start": [
                -51.55001306511,
                -119.8893254656,
                5.0
            ],
            "end": [
                -52.95294579444308,
                -133.24411446269968,
                5.0
            ],
            "length": 13.42827648658192,
            "solid_ids": [
                1,
                4
            ],
            "preferred_normal": [
                -0.9188235160153414,
                0.09652324595909163,
                0.38268343236508984
            ]
        }
    }
}