{
    "contact_edges": {
        "1": {
            "type": "line",
            "start": [
                54.395629260443,
                -118.2289663846,
                5.0
            ],
            "end": [
                -18.708769776022084,
                48.92207706876324,
                5.0
            ],
            "length": 182.43827582508786,
            "solid_ids": [
                1,
                2
            ],
            "preferred_normal": [
                -0.8464639735607007,
                -0.37020552677817103,
                0.38268343236508984
            ]
        },
        "2": {
            "type": "line",
            "start": [
                54.395629260443,
                -118.2289663846,
                5.0
            ],
            "end": [
                64.15134154879885,
                -113.96225366011798,
                5.0
            ],
            "length": 10.647946268010285,
            "solid_ids": [
                1,
                2
            ],
            "preferred_normal": [
                0.37020552677817103,
                -0.8464639735607007,
                0.38268343236508984
            ]
        },
        "3": {
            "type": "line",
            "start": [
                -18.70876977597,
                48.922077068786,
                5.0
            ],
            "end": [
                -8.953057487631238,
                53.18878979326055,
                5.0
            ],
            "length": 10.647946267991633,
            "solid_ids": [
                1,
                2
            ],
            "preferred_normal": [
                -0.37020552677817103,
                0.8464639735607007,
                0.38268343236508984
            ]
        },
        "4": {
            "type": "line",
            "start": [
                64.151341548791,
                -113.9622536601,
                5.0
            ],
            "end": [
                -8.953057487665992,
                53.188789793244716,
                5.0
            ],
            "length": 182.43827582506768,
            "solid_ids": [
                1,
                2
            ],
            "preferred_normal": [
                0.8464639735607007,
                0.37020552677817103,
                0.38268343236508984
            ]
        }
    }
}