{
    "contact_edges": {
        "1": {
            "type": "line",
            "start": [
                125.88622799061,
                -118.9435197525,
                5.0
            ],
            "end": [
                112.40197169235132,
                -118.37801878666848,
                5.0
            ],
            "length": 13.496109041478771,
            "solid_ids": [
                1,
                2
            ],
            "preferred_normal": [
                -0.038711510579930795,
                -0.9230681499986302,
                0.38268343236508984
            ]
        },
        "2": {
            "type": "line",
            "start": [
                125.88622799061,
                -118.9435197525,
                5.0
            ],
            "end": [
                133.30626290038978,
                57.985713813665996,
                5.0
            ],
            "length": 177.08475543753974,
            "solid_ids": [
                1,
                2
            ],
            "preferred_normal": [
                0.9230681499986302,
                -0.038711510579930795,
                0.38268343236508984
            ]
        },
        "3": {
            "type": "line",
            "start": [
                112.40197169235,
                -118.3780187867,
                5.0
            ],
            "end": [
                119.82200660213113,
                58.55121477949794,
                5.0
            ],
            "length": 177.08475543757172,
            "solid_ids": [
                1,
                2
            ],
            "preferred_normal": [
                -0.9230681499986302,
                0.038711510579930795,
                0.38268343236508984
            ]
        },
        "4": {
            "type": "line",
            "start": [
                133.30626290039,
                57.985713813666,
                5.0
            ],
            "end": [
                119.82200660212999,
                58.55121477949758,
                5.0
            ],
            "length": 13.496109041480121,
            "solid_ids": [
                1,
                2
            ],
            "preferred_normal": [
                0.038711510579930795,
                0.9230681499986302,
                0.38268343236508984
            ]
        },
        "5": {
            "type": "line",
            "start": [
                105.21657268136012,
                -51.05482953390741,
                5.0
            ],
            "end": [
                17.73831737977485,
                -47.38617797700315,
                5.0
            ],
            "length": 87.55514921953653,
            "solid_ids": [
                1,
                3
            ],
            "preferred_normal": [
                -0.038711510579930795,
                -0.9230681499986302,
                0.38268343236508984
            ]
        },
        "6": {
            "type": "line",
            "start": [
                105.21657268135752,
                -51.0548295339099,
                5.0
            ],
            "end": [
                105.40560067438966,
                -46.54749522398001,
                5.0
            ],
            "length": 4.511296284176086,
            "solid_ids": [
                1,
                3
            ],
            "preferred_normal": [
                0.9230681499986302,
                -0.038711510579930795,
                0.38268343236508984
            ]
        },
        "7": {
            "type": "line",
            "start": [
                17.738317379775,
                -47.386177977,
                5.0
            ],
            "end": [
                17.92734537280715,
                -42.87884366707001,
                5.0
            ],
            "length": 4.511296284176186,
            "solid_ids": [
                1,
                3
            ],
            "preferred_normal": [
                -0.9230681499986302,
                0.038711510579930795,
                0.38268343236508984
            ]
        },
        "8": {
            "type": "line",
            "start": [
                105.40560067439012,
                -46.54749522397741,
                5.0
            ],
            "end": [
                17.927345372806847,
                -42.878843667073234,
                5.0
            ],
            "length": 87.55514921953451,
            "solid_ids": [
                1,
                3
            ],
            "preferred_normal": [
                0.038711510579930795,
                0.9230681499986302,
                0.38268343236508984
            ]
        },
        "9": {
            "type": "line",
            "start": [
                115.20779034033,
                -51.47383990504,
                15.0
            ],
            "end": [
                115.20779034033,
                -51.47383990504,
                57.18454672083
            ],
            "length": 42.18454672083,
            "solid_ids": [
                2,
                3
            ],
            "preferred_normal": [
                -0.42105885730400594,
                -0.9070333172964733,
                0.0
            ]
        },
        "10": {
            "type": "line",
            "start": [
                115.20779034032626,
                -51.47383990503983,
                15.0
            ],
            "end": [
                115.39681833335841,
                -46.966505595109936,
                15.0
            ],
            "length": 4.511296284176087,
            "solid_ids": [
                2,
                3
            ],
            "preferred_normal": [
                -0.999121765896847,
                0.04190103711325358,
                0.0
            ]
        },
        "11": {
            "type": "line",
            "start": [
                115.20779034033,
                -51.47383990504,
                57.18454672083
            ],
            "end": [
                115.39681833336215,
                -46.96650559511009,
                57.18454672083
            ],
            "length": 4.5112962841761,
            "solid_ids": [
                2,
                3
            ],
            "preferred_normal": [
                -0.38234734672407517,
                0.016034832702156897,
                0.9238795325112866
            ]
        },
        "12": {
            "type": "line",
            "start": [
                115.39681833336,
                -46.96650559511,
                15.0
            ],
            "end": [
                115.39681833336,
                -46.96650559511,
                57.18454672083
            ],
            "length": 42.18454672083,
            "solid_ids": [
                2,
                3
            ],
            "preferred_normal": [
                -0.3436358361441444,
                0.9391029827007871,
                0.0
            ]
        }
    }
}