{
    "contact_edges": {
        "1": {
            "type": "line",
            "start": [
                -132.5049913,
                -138.6656851228,
                5.0
            ],
            "end": [
                -146.304517016075,
                10.345401667396326,
                5.0
            ],
            "length": 149.6486915959643,
            "solid_ids": [
                1,
                2
            ],
            "preferred_normal": [
                -0.9199431798202101,
                -0.08519352378880864,
                0.38268343236508984
            ]
        },
        "2": {
            "type": "line",
            "start": [
                -132.5049913,
                -138.6656851228,
                5.0
            ],
            "end": [
                -119.33883532099843,
                -137.44640196791704,
                5.0
            ],
            "length": 13.222492755724248,
            "solid_ids": [
                1,
                2
            ],
            "preferred_normal": [
                0.08519352378880864,
                -0.9199431798202101,
                0.38268343236508984
            ]
        },
        "3": {
            "type": "line",
            "start": [
                -146.3045170161,
                10.345401667394,
                5.0
            ],
            "end": [
                -133.13836103700066,
                11.564684822286,
                5.0
            ],
            "length": 13.22249275582242,
            "solid_ids": [
                1,
                2
            ],
            "preferred_normal": [
                -0.08519352378880864,
                0.9199431798202101,
                0.38268343236508984
            ]
        },
        "4": {
            "type": "line",
            "start": [
                -119.338835321,
                -137.4464019679,
                5.0
            ],
            "end": [
                -133.1383610370728,
                11.564684822272282,
                5.0
            ],
            "length": 149.64869159594014,
            "solid_ids": [
                1,
                2
            ],
            "preferred_normal": [
                0.9199431798202101,
                0.08519352378880864,
                0.38268343236508984
            ]
        },
        "5": {
            "type": "line",
            "start": [
                -16.39974884988,
                -95.65247126245,
                5.0
            ],
            "end": [
                -31.40247214016285,
                66.35107496765168,
                5.0
            ],
            "length": 162.69674458099487,
            "solid_ids": [
                1,
                3
            ],
            "preferred_normal": [
                -0.9199431798202101,
                -0.08519352378880864,
                0.38268343236508984
            ]
        },
        "6": {
            "type": "line",
            "start": [
                -16.39974884988,
                -95.65247126245,
                5.0
            ],
            "end": [
                -5.542367403572435,
                -94.6469976584053,
                5.0
            ],
            "length": 10.903839188059152,
            "solid_ids": [
                1,
                3
            ],
            "preferred_normal": [
                0.08519352378880864,
                -0.9199431798202101,
                0.38268343236508984
            ]
        },
        "7": {
            "type": "line",
            "start": [
                -31.40247214017,
                66.351074967651,
                5.0
            ],
            "end": [
                -20.5450906938599,
                67.35654857169594,
                5.0
            ],
            "length": 10.903839188061694,
            "solid_ids": [
                1,
                3
            ],
            "preferred_normal": [
                -0.08519352378880864,
                0.9199431798202101,
                0.38268343236508984
            ]
        },
        "8": {
            "type": "line",
            "start": [
                -5.542367403572,
                -94.64699765841,
                5.0
            ],
            "end": [
                -20.545090693855382,
                67.35654857169746,
                5.0
            ],
            "length": 162.6967445810007,
            "solid_ids": [
                1,
                3
            ],
            "preferred_normal": [
                0.9199431798202101,
                0.08519352378880864,
                0.38268343236508984
            ]
        }
    }
}