{
    "contact_edges": {
        "1": {
            "type": "line",
            "start": [
                13.266413580373,
                -132.3017033543,
                5.0
            ],
            "end": [
                3.763414490473479,
                -134.91017111881996,
                5.0
            ],
            "length": 9.854496221581844,
            "solid_ids": [
                1,
                2
            ],
            "preferred_normal": [
                0.24454928234460555,
                -0.8909259447889101,
                0.38268343236508984
            ]
        },
        "2": {
            "type": "line",
            "start": [
                13.266413580373,
                -132.3017033543,
                5.0
            ],
            "end": [
                -34.60418499289629,
                42.0973292357925,
                5.0
            ],
            "length": 180.8497077026204,
            "solid_ids": [
                1,
                2
            ],
            "preferred_normal": [
                0.8909259447889101,
                0.24454928234460555,
                0.38268343236508984
            ]
        },
        "3": {
            "type": "line",
            "start": [
                3.763414490468,
                -134.9101711188,
                5.0
            ],
            "end": [
                -44.107184082796024,
                39.48886147127331,
                5.0
            ],
            "length": 180.8497077026005,
            "solid_ids": [
                1,
                2
            ],
            "preferred_normal": [
                -0.8909259447889101,
                -0.24454928234460555,
                0.38268343236508984
            ]
        },
        "4": {
            "type": "line",
            "start": [
                -34.60418499292,
                42.097329235786,
                5.0
            ],
            "end": [
                -44.10718408282979,
                39.48886147126321,
                5.0
            ],
            "length": 9.8544962215925,
            "solid_ids": [
                1,
                2
            ],
            "preferred_normal": [
                -0.24454928234460555,
                0.8909259447889101,
                0.38268343236508984
            ]
        },
        "5": {
            "type": "line",
            "start": [
                -18.76833621355028,
                -90.60284028262897,
                5.0
            ],
            "end": [
                -114.61994810980582,
                -116.91304377137884,
                5.0
            ],
            "length": 99.3969733479336,
            "solid_ids": [
                1,
                3
            ],
            "preferred_normal": [
                0.24454928234460555,
                -0.8909259447889101,
                0.38268343236508984
            ]
        },
        "6": {
            "type": "line",
            "start": [
                -18.768336213517372,
                -90.60284028262103,
                5.0
            ],
            "end": [
                -19.739044936188513,
                -87.06641777682135,
                5.0
            ],
            "length": 3.6672277763722705,
            "solid_ids": [
                1,
                3
            ],
            "preferred_normal": [
                0.8909259447889101,
                0.24454928234460555,
                0.3826834323650898
            ]
        },
        "7": {
            "type": "line",
            "start": [
                -114.6199481098,
                -116.9130437714,
                5.0
            ],
            "end": [
                -115.59065683247326,
                -113.37662126559265,
                5.0
            ],
            "length": 3.6672277763802295,
            "solid_ids": [
                1,
                3
            ],
            "preferred_normal": [
                -0.8909259447889101,
                -0.24454928234460555,
                0.38268343236508984
            ]
        },
        "8": {
            "type": "line",
            "start": [
                -19.739044936219997,
                -87.06641777683001,
                5.0
            ],
            "end": [
                -115.59065683250341,
                -113.37662126558752,
                5.0
            ],
            "length": 99.3969733479625,
            "solid_ids": [
                1,
                3
            ],
            "preferred_normal": [
                -0.24454928234460555,
                0.8909259447889101,
                0.38268343236508984
            ]
        },
        "9": {
            "type": "line",
            "start": [
                -9.125023276774,
                -87.95585792466,
                15.0
            ],
            "end": [
                -9.125023276774,
                -87.95585792466,
                52.851415602228
            ],
            "length": 37.851415602228,
            "solid_ids": [
                2,
                3
            ],
            "preferred_normal": [
                -0.12448432705702431,
                -0.992221574204653,
                0.0
            ]
        },
        "10": {
            "type": "line",
            "start": [
                -9.125023276758306,
                -87.95585792465567,
                15.0
            ],
            "end": [
                -10.095731999429164,
                -84.41943541885703,
                15.0
            ],
            "length": 3.6672277763711953,
            "solid_ids": [
                2,
                3
            ],
            "preferred_normal": [
                -0.9643312936776484,
                -0.2646982357969035,
                0.0
            ]
        },
        "11": {
            "type": "line",
            "start": [
                -9.125023276774,
                -87.95585792466,
                52.851415602228
            ],
            "end": [
                -10.09573199944486,
                -84.41943541886134,
                52.851415602228
            ],
            "length": 3.6672277763712096,
            "solid_ids": [
                2,
                3
            ],
            "preferred_normal": [
                -0.36903360940162994,
                -0.10129562941574291,
                0.9238795325112867
            ]
        },
        "12": {
            "type": "line",
            "start": [
                -10.09573199944,
                -84.41943541886,
                15.0
            ],
            "end": [
                -10.09573199944,
                -84.41943541886,
                52.851415602228
            ],
            "length": 37.851415602228,
            "solid_ids": [
                2,
                3
            ],
            "preferred_normal": [
                -0.6135828917462354,
                0.7896303153731672,
                0.0
            ]
        }
    }
}