{
    "contact_edges": {
        "1": {
            "type": "line",
            "start": [
                65.175608941954,
                -137.4495146245,
                5.0
            ],
            "end": [
                47.84227498535252,
                -135.3136242815308,
                5.0
            ],
            "length": 17.46443510704721,
            "solid_ids": [
                1,
                2
            ],
            "preferred_normal": [
                -0.11298993408389715,
                -0.916944199713914,
                0.3826834323650898
            ]
        },
        "2": {
            "type": "line",
            "start": [
                65.175608941954,
                -137.4495146245,
                5.0
            ],
            "end": [
                82.68203112320548,
                4.619886574746065,
                5.0
            ],
            "length": 143.14394704178224,
            "solid_ids": [
                1,
                2
            ],
            "preferred_normal": [
                0.916944199713914,
                -0.11298993408389715,
                0.3826834323650898
            ]
        },
        "3": {
            "type": "line",
            "start": [
                47.842274985344,
                -135.3136242816,
                5.0
            ],
            "end": [
                65.34869716660423,
                6.755776917716993,
                5.0
            ],
            "length": 143.1439470418537,
            "solid_ids": [
                1,
                2
            ],
            "preferred_normal": [
                -0.916944199713914,
                0.11298993408389715,
                0.3826834323650898
            ]
        },
        "4": {
            "type": "line",
            "start": [
                82.68203112323,
                4.619886574743,
                5.0
            ],
            "end": [
                65.34869716661979,
                6.755776917713285,
                5.0
            ],
            "length": 17.464435107056012,
            "solid_ids": [
                1,
                2
            ],
            "preferred_normal": [
                0.11298993408389715,
                0.916944199713914,
                0.3826834323650898
            ]
        },
        "5": {
            "type": "line",
            "start": [
                -94.49613771306,
                -6.900807408257,
                15.0
            ],
            "end": [
                -94.49613771306,
                -6.900807408257,
                67.545090460523
            ],
            "length": 52.545090460523,
            "solid_ids": [
                3,
                5
            ],
            "preferred_normal": [
                0.26682078937695003,
                -0.9637461628231063,
                0.0
            ]
        },
        "6": {
            "type": "line",
            "start": [
                -94.49613771308528,
                -6.900807408253846,
                15.0
            ],
            "end": [
                -93.67263057697244,
                -0.21782190158918432,
                15.0
            ],
            "length": 6.733532452251098,
            "solid_ids": [
                3,
                5
            ],
            "preferred_normal": [
                0.3798107234608458,
                -0.046801963109192074,
                -0.9238795325112873
            ]
        },
        "7": {
            "type": "line",
            "start": [
                -94.49613771306,
                -6.900807408257,
                67.545090460523
            ],
            "end": [
                -93.67263057694716,
                -0.21782190159234713,
                67.545090460523
            ],
            "length": 6.73353245225109,
            "solid_ids": [
                3,
                5
            ],
            "preferred_normal": [
                0.37981072346084715,
                -0.046801963109192254,
                0.9238795325112867
            ]
        },
        "8": {
            "type": "line",
            "start": [
                -93.67263057695,
                -0.217821901592,
                15.0
            ],
            "end": [
                -93.67263057695,
                -0.217821901592,
                67.545090460523
            ],
            "length": 52.545090460523,
            "solid_ids": [
                3,
                5
            ],
            "preferred_normal": [
                0.49280065754474434,
                0.8701422366047218,
                0.0
            ]
        },
        "9": {
            "type": "line",
            "start": [
                51.375286991603936,
                -24.875731800880484,
                5.0
            ],
            "end": [
                -84.57120521432098,
                -8.12380164190572,
                5.0
            ],
            "length": 136.9747272570629,
            "solid_ids": [
                1,
                5
            ],
            "preferred_normal": [
                -0.11298993408389715,
                -0.916944199713914,
                0.3826834323650898
            ]
        },
        "10": {
            "type": "line",
            "start": [
                51.37528699158086,
                -24.87573180087712,
                5.0
            ],
            "end": [
                52.19879412769313,
                -18.192746294217027,
                5.0
            ],
            "length": 6.733532452246494,
            "solid_ids": [
                1,
                5
            ],
            "preferred_normal": [
                0.916944199713914,
                -0.11298993408389715,
                0.3826834323650898
            ]
        },
        "11": {
            "type": "line",
            "start": [
                -84.57120521429114,
                -8.123801641901508,
                5.0
            ],
            "end": [
                -83.7476980781783,
                -1.4408161352368472,
                5.0
            ],
            "length": 6.733532452251097,
            "solid_ids": [
                1,
                5
            ],
            "preferred_normal": [
                -0.916944199713914,
                0.11298993408389715,
                0.38268343236508984
            ]
        },
        "12": {
            "type": "line",
            "start": [
                52.19879412771695,
                -18.192746294220363,
                5.0
            ],
            "end": [
                -83.74769807821153,
                -1.44081613524516,
                5.0
            ],
            "length": 136.9747272570665,
            "solid_ids": [
                1,
                5
            ],
            "preferred_normal": [
                0.11298993408389715,
                0.916944199713914,
                0.3826834323650898
            ]
        },
        "13": {
            "type": "line",
            "start": [
                39.65775087388981,
                -119.96674026266096,
                5.0
            ],
            "end": [
                -96.28874133203827,
                -103.2148101036858,
                5.0
            ],
            "length": 136.9747272570661,
            "solid_ids": [
                1,
                4
            ],
            "preferred_normal": [
                -0.11298993408389715,
                -0.916944199713914,
                0.3826834323650898
            ]
        },
        "14": {
            "type": "line",
            "start": [
                39.65775087385943,
                -119.96674026269683,
                5.0
            ],
            "end": [
                40.74106760684033,
                -111.17532886119717,
                5.0
            ],
            "length": 8.857905484615118,