{
    "contact_edges": {
        "1": {
            "type": "line",
            "start": [
                115.05322685234,
                56.063284307684,
                5.0
            ],
            "end": [
                -94.6347097838351,
                -88.12616736336257,
                5.0
            ],
            "length": 254.47913223668,
            "solid_ids": [
                1,
                2
            ],
            "preferred_normal": [
                0.5234758623705499,
                -0.7612663214070899,
                0.38268343236508984
            ]
        },
        "2": {
            "type": "line",
            "start": [
                115.05322685234,
                56.063284307684,
                5.0
            ],
            "end": [
                105.98446214053017,
                69.25156221719911,
                5.0
            ],
            "length": 16.00541057320216,
            "solid_ids": [
                1,
                2
            ],
            "preferred_normal": [
                0.7612663214070899,
                0.5234758623705499,
                0.38268343236508984
            ]
        },
        "3": {
            "type": "line",
            "start": [
                -94.63470978383,
                -88.12616736337,
                5.0
            ],
            "end": [
                -103.70347449562466,
                -74.93788945387695,
                5.0
            ],
            "length": 16.005410573175386,
            "solid_ids": [
                1,
                2
            ],
            "preferred_normal": [
                -0.7612663214070899,
                -0.5234758623705499,
                0.38268343236508984
            ]
        },
        "4": {
            "type": "line",
            "start": [
                105.98446214053,
                69.251562217199,
                5.0
            ],
            "end": [
                -103.70347449562028,
                -74.9378894538305,
                5.0
            ],
            "length": 254.47913223664986,
            "solid_ids": [
                1,
                2
            ],
            "preferred_normal": [
                -0.5234758623705499,
                0.7612663214070899,
                0.38268343236508984
            ]
        },
        "5": {
            "type": "line",
            "start": [
                55.60913090907664,
                46.74764453197444,
                5.0
            ],
            "end": [
                31.793455607975293,
                81.38166079051489,
                5.0
            ],
            "length": 42.032148080300786,
            "solid_ids": [
                1,
                4
            ],
            "preferred_normal": [
                0.7612663214070899,
                0.5234758623705499,
                0.38268343236508984
            ]
        },
        "6": {
            "type": "line",
            "start": [
                55.60913090907257,
                46.747644531978985,
                5.0
            ],
            "end": [
                52.33402829487718,
                44.495558609999556,
                5.0
            ],
            "length": 3.974693464090962,
            "solid_ids": [
                1,
                4
            ],
            "preferred_normal": [
                0.5234758623705499,
                -0.7612663214070899,
                0.38268343236508984
            ]
        },
        "7": {
            "type": "line",
            "start": [
                31.793455607974074,
                81.38166079051389,
                5.0
            ],
            "end": [
                28.51835299377868,
                79.12957486853446,
                5.0
            ],
            "length": 3.974693464090965,
            "solid_ids": [
                1,
                4
            ],
            "preferred_normal": [
                -0.5234758623705499,
                0.7612663214070899,
                0.3826834323650898
            ]
        },
        "8": {
            "type": "line",
            "start": [
                52.33402829488095,
                44.495558609993964,
                5.0
            ],
            "end": [
                28.51835299377961,
                79.12957486853442,
                5.0
            ],
            "length": 42.032148080300786,
            "solid_ids": [
                1,
                4
            ],
            "preferred_normal": [
                -0.7612663214070899,
                -0.5234758623705499,
                0.38268343236508984
            ]
        },
        "9": {
            "type": "line",
            "start": [
                26.127393703262,
                89.621548076877,
                15.0
            ],
            "end": [
                26.127393703262,
                89.621548076877,
                74.201088277771
            ],
            "length": 59.20108827777101,
            "solid_ids": [
                3,
                4
            ],
            "preferred_normal": [
                0.9780971231759235,
                0.20814902746585762,
                0.0
            ]
        },
        "10": {
            "type": "line",
            "start": [
                26.12739370326348,
                89.62154807687486,
                15.0
            ],
            "end": [
                22.8522910890674,
                87.36946215489495,
                15.0
            ],
            "length": 3.974693464091804,
            "solid_ids": [
                3,
                4
            ],
            "preferred_normal": [
                0.566606190471218,
                -0.8239887286363169,
                0.0
            ]
        },
        "11": {
            "type": "line",
            "start": [
                26.127393703262,
                89.621548076877,
                74.201088277771
            ],
            "end": [
                22.852291089065925,
                87.3694621548971,
                74.201088277771
            ],
            "length": 3.974693464091793,
            "solid_ids": [
                3,
                4
            ],
            "preferred_normal": [
                0.21683080176883357,
                -0.3153268349046923,
                0.9238795325112867
            ]
        },
        "12": {
            "type": "line",
            "start": [
                22.852291089066,
                87.369462154897,
                15.0
            ],
            "end": [
                22.852291089066,
                87.369462154897,
                74.201088277771
            ],
            "length": 59.20108827777101,
            "solid_ids": [
                3,
                4
            ],
            "preferred_normal": [
                -0.5444355196382565,
                -0.8388026972752423,
                0.0
            ]
        },
        "13": {
            "type": "line",
            "start": [
                77.790803985132,
                125.14728655998,
                5.0
            ],
            "end": [
                -129.3861204943305,
                -17.315497035525674,
                5.0
            ],
            "length": 251.43174570158953,
            "solid_ids": [
                1,
                3
            ],
            "preferred_normal": [
                0.5234758623705499,
                -0.7612663214070899,
                0.38268343236508984
            ]
        },
        "14": {
            "type": "line",
            "start": [
                77.790803985132,
                125.14728655998,
                5.0
            ],
            "end": [
                71.96554362540589,
                133.6186886704906,
                5.0
            ],
            "length": 10.28096843573405,