{
    "contact_edges": {
        "1": {
            "type": "line",
            "start": [
                -116.0845450034,
                -74.05641960794,
                5.0
            ],
            "end": [
                -125.24605197059694,
                -70.41919942546225,
                5.0
            ],
            "length": 9.857108123877996,
            "solid_ids": [
                1,
                2
            ],
            "preferred_normal": [
                -0.34090660664338174,
                -0.8586827564008539,
                0.38268343236508984
            ]
        },
        "2": {
            "type": "line",
            "start": [
                -116.0845450034,
                -74.05641960794,
                5.0
            ],
            "end": [
                -53.385912963133705,
                83.87021816830664,
                5.0
            ],
            "length": 169.91745460378849,
            "solid_ids": [
                1,
                2
            ],
            "preferred_normal": [
                0.858682756400854,
                -0.3409066066433818,
                0.3826834323650899
            ]
        },
        "3": {
            "type": "line",
            "start": [
                -125.2460519706,
                -70.41919942547,
                5.0
            ],
            "end": [
                -62.54741993033067,
                87.50743835078433,
                5.0
            ],
            "length": 169.91745460379676,
            "solid_ids": [
                1,
                2
            ],
            "preferred_normal": [
                -0.858682756400854,
                0.3409066066433818,
                0.3826834323650899
            ]
        },
        "4": {
            "type": "line",
            "start": [
                -53.38591296319,
                83.870218168329,
                5.0
            ],
            "end": [
                -62.54741993035998,
                87.50743835079605,
                5.0
            ],
            "length": 9.857108123848985,
            "solid_ids": [
                1,
                2
            ],
            "preferred_normal": [
                0.34090660664338174,
                0.8586827564008539,
                0.38268343236508984
            ]
        }
    }
}