{
    "contact_edges": {
        "1": {
            "type": "line",
            "start": [
                133.23144873363,
                41.06579645833,
                5.0
            ],
            "end": [
                55.46964061579072,
                -75.89478172118982,
                5.0
            ],
            "length": 140.45168439660387,
            "solid_ids": [
                1,
                2
            ],
            "preferred_normal": [
                0.7693569838978549,
                -0.5115107251278995,
                0.3826834323650899
            ]
        },
        "2": {
            "type": "line",
            "start": [
                133.23144873363,
                41.06579645833,
                5.0
            ],
            "end": [
                121.68579533391697,
                48.741980162599454,
                5.0
            ],
            "length": 13.864555841713683,
            "solid_ids": [
                1,
                2
            ],
            "preferred_normal": [
                0.5115107251278995,
                0.7693569838978549,
                0.3826834323650898
            ]
        },
        "3": {
            "type": "line",
            "start": [
                55.469640615776,
                -75.89478172118,
                5.0
            ],
            "end": [
                43.92398721605605,
                -68.21859801690594,
                5.0
            ],
            "length": 13.864555841721993,
            "solid_ids": [
                1,
                2
            ],
            "preferred_normal": [
                -0.5115107251278995,
                -0.7693569838978549,
                0.3826834323650898
            ]
        },
        "4": {
            "type": "line",
            "start": [
                121.68579533392,
                48.741980162604,
                5.0
            ],
            "end": [
                43.92398721608163,
                -68.21859801691444,
                5.0
            ],
            "length": 140.45168439660225,
            "solid_ids": [
                1,
                2
            ],
            "preferred_normal": [
                -0.7693569838978549,
                0.5115107251278995,
                0.3826834323650899
            ]
        }
    }
}