{
    "contact_edges": {
        "1": {
            "type": "line",
            "start": [
                92.218102024098,
                46.741013882676,
                5.0
            ],
            "end": [
                -84.00582873529962,
                -96.56578869331283,
                5.0
            ],
            "length": 227.13809331956276,
            "solid_ids": [
                1,
                2
            ],
            "preferred_normal": [
                0.5828974780699575,
                -0.7167872213237042,
                0.38268343236508984
            ]
        },
        "2": {
            "type": "line",
            "start": [
                92.218102024098,
                46.741013882676,
                5.0
            ],
            "end": [
                84.53658400666941,
                56.186952769719525,
                5.0
            ],
            "length": 12.175035133823684,
            "solid_ids": [
                1,
                2
            ],
            "preferred_normal": [
                0.7167872213237042,
                0.5828974780699575,
                0.38268343236508984
            ]
        },
        "3": {
            "type": "line",
            "start": [
                -84.00582873531,
                -96.5657886933,
                5.0
            ],
            "end": [
                -91.68734675273743,
                -87.11984980625792,
                5.0
            ],
            "length": 12.175035133821824,
            "solid_ids": [
                1,
                2
            ],
            "preferred_normal": [
                -0.7167872213237042,
                -0.5828974780699575,
                0.38268343236508984
            ]
        },
        "4": {
            "type": "line",
            "start": [
                84.53658400667,
                56.18695276972,
                5.0
            ],
            "end": [
                -91.68734675273078,
                -87.11984980627139,
                5.0
            ],
            "length": 227.13809331956685,
            "solid_ids": [
                1,
                2
            ],
            "preferred_normal": [
                -0.5828974780699575,
                0.7167872213237042,
                0.38268343236508984
            ]
        },
        "5": {
            "type": "line",
            "start": [
                39.69629424539491,
                32.61162108139712,
                5.0
            ],
            "end": [
                -54.51116214195985,
                148.45823808076202,
                5.0
            ],
            "length": 149.31672213510745,
            "solid_ids": [
                1,
                3
            ],
            "preferred_normal": [
                0.7167872213237042,
                0.5828974780699575,
                0.38268343236508984
            ]
        },
        "6": {
            "type": "line",
            "start": [
                39.69629424540733,
                32.61162108138406,
                5.0
            ],
            "end": [
                33.10217665711569,
                27.249228452210616,
                5.0
            ],
            "length": 8.499272997005733,
            "solid_ids": [
                1,
                3
            ],
            "preferred_normal": [
                0.5828974780699575,
                -0.7167872213237042,
                0.38268343236508984
            ]
        },
        "7": {
            "type": "line",
            "start": [
                -54.51116214195,
                148.45823808077,
                5.0
            ],
            "end": [
                -61.10527973023896,
                143.09584545159873,
                5.0
            ],
            "length": 8.499272997002281,
            "solid_ids": [
                1,
                3
            ],
            "preferred_normal": [
                -0.5828974780699575,
                0.7167872213237042,
                0.38268343236508984
            ]
        },
        "8": {
            "type": "line",
            "start": [
                33.10217665710291,
                27.249228452224113,
                5.0
            ],
            "end": [
                -61.10527973025253,
                143.09584545158984,
                5.0
            ],
            "length": 149.31672213510853,
            "solid_ids": [
                1,
                3
            ],
            "preferred_normal": [
                -0.7167872213237042,
                -0.5828974780699575,
                0.38268343236508984
            ]
        },
        "9": {
            "type": "line",
            "start": [
                46.005531083725,
                24.853172105097,
                15.0
            ],
            "end": [
                46.005531083725,
                24.853172105097,
                53.672364209615
            ],
            "length": 38.672364209615,
            "solid_ids": [
                2,
                3
            ],
            "preferred_normal": [
                0.47534318043405405,
                0.8798004664779613,
                0.0
            ]
        },
        "10": {
            "type": "line",
            "start": [
                46.00553108373623,
                24.85317210508316,
                15.0
            ],
            "end": [
                39.41141349544462,
                19.490779475909733,
                15.0
            ],
            "length": 8.4992729970057,
            "solid_ids": [
                2,
                3
            ],
            "preferred_normal": [
                -0.24144404088965027,
                0.2969029884080038,
                -0.9238795325112867
            ]
        },
        "11": {
            "type": "line",
            "start": [
                46.005531083725,
                24.853172105097,
                53.672364209615
            ],
            "end": [
                39.411413495433365,
                19.490779475923553,
                53.672364209615
            ],
            "length": 8.499272997005734,
            "solid_ids": [
                2,
                3
            ],
            "preferred_normal": [
                -0.24144404088965027,
                0.2969029884080038,
                0.9238795325112867
            ]
        },
        "12": {
            "type": "line",
            "start": [
                39.411413495433,
                19.490779475924,
                15.0
            ],
            "end": [
                39.411413495433,
                19.490779475924,
                53.672364209615
            ],
            "length": 38.672364209615,
            "solid_ids": [
                2,
                3
            ],
            "preferred_normal": [
                -0.9582312622133545,
                -0.2859944896619538,
                0.0
            ]
        }
    }
}