{
    "contact_edges": {
        "1": {
            "type": "line",
            "start": [
                -90.66239071178,
                -105.141198445,
                5.0
            ],
            "end": [
                -98.00292344427787,
                -89.39038544276434,
                5.0
            ],
            "length": 17.37732807506,
            "solid_ids": [
                1,
                2
            ],
            "preferred_normal": [
                -0.8374045589933385,
                -0.3902652881956655,
                0.38268343236508984
            ]
        },
        "2": {
            "type": "line",
            "start": [
                -90.66239071178,
                -105.141198445,
                5.0
            ],
            "end": [
                103.02969990326471,
                -14.872643356201273,
                5.0
            ],
            "length": 213.69379496056078,
            "solid_ids": [
                1,
                2
            ],
            "preferred_normal": [
                0.3902652881956655,
                -0.8374045589933385,
                0.38268343236508984
            ]
        },
        "3": {
            "type": "line",
            "start": [
                -98.00292344429,
                -89.39038544277,
                5.0
            ],
            "end": [
                95.68916717077512,
                0.8781696460382399,
                5.0
            ],
            "length": 213.6937949605833,
            "solid_ids": [
                1,
                2
            ],
            "preferred_normal": [
                -0.3902652881956655,
                0.8374045589933385,
                0.38268343236508984
            ]
        },
        "4": {
            "type": "line",
            "start": [
                103.02969990332,
                -14.87264335632,
                5.0
            ],
            "end": [
                95.68916717080373,
                0.8781696459551496,
                5.0
            ],
            "length": 17.377328075103566,
            "solid_ids": [
                1,
                2
            ],
            "preferred_normal": [
                0.8374045589933385,
                0.3902652881956655,
                0.38268343236508984
            ]
        }
    }
}