{
    "contact_edges": {
        "1": {
            "type": "line",
            "start": [
                -7.718945846744,
                -108.5903443425,
                5.0
            ],
            "end": [
                -14.745443005634097,
                -112.42560762902913,
                5.0
            ],
            "length": 8.005055077942238,
            "solid_ids": [
                1,
                2
            ],
            "preferred_normal": [
                0.4426354619320211,
                -0.8109421917951365,
                0.3826834323650898
            ]
        },
        "2": {
            "type": "line",
            "start": [
                -7.718945846744,
                -108.5903443425,
                5.0
            ],
            "end": [
                -120.12038649300223,
                97.33773525769783,
                5.0
            ],
            "length": 234.60702851189205,
            "solid_ids": [
                1,
                2
            ],
            "preferred_normal": [
                0.8109421917951365,
                0.4426354619320211,
                0.3826834323650898
            ]
        },
        "3": {
            "type": "line",
            "start": [
                -14.74544300565,
                -112.425607629,
                5.0
            ],
            "end": [
                -127.14688365191087,
                93.50247197120268,
                5.0
            ],
            "length": 234.60702851189757,
            "solid_ids": [
                1,
                2
            ],
            "preferred_normal": [
                -0.8109421917951365,
                -0.4426354619320211,
                0.3826834323650898
            ]
        },
        "4": {
            "type": "line",
            "start": [
                -120.120386493,
                97.337735257699,
                5.0
            ],
            "end": [
                -127.14688365198144,
                93.50247197112,
                5.0
            ],
            "length": 8.005055078046308,
            "solid_ids": [
                1,
                2
            ],
            "preferred_normal": [
                -0.4426354619320211,
                0.8109421917951365,
                0.3826834323650898
            ]
        },
        "5": {
            "type": "line",
            "start": [
                110.55724427917,
                -14.8949388759,
                5.0
            ],
            "end": [
                -11.194538665966357,
                -81.35054721670012,
                5.0
            ],
            "length": 138.70776665445027,
            "solid_ids": [
                1,
                3
            ],
            "preferred_normal": [
                0.4426354619320211,
                -0.8109421917951365,
                0.3826834323650898
            ]
        },
        "6": {
            "type": "line",
            "start": [
                110.55724427917,
                -14.8949388759,
                5.0
            ],
            "end": [
                108.08992966297917,
                -10.37462883574045,
                5.0
            ],
            "length": 5.149839247436384,
            "solid_ids": [
                1,
                3
            ],
            "preferred_normal": [
                0.8109421917951365,
                0.4426354619320211,
                0.3826834323650898
            ]
        },
        "7": {
            "type": "line",
            "start": [
                -11.194538665910223,
                -81.35054721670828,
                5.0
            ],
            "end": [
                -13.661853282096862,
                -76.83023717655642,
                5.0
            ],
            "length": 5.149839247427622,
            "solid_ids": [
                1,
                3
            ],
            "preferred_normal": [
                -0.8109421917951366,
                -0.44263546193202113,
                0.3826834323650899
            ]
        },
        "8": {
            "type": "line",
            "start": [
                108.08992966298,
                -10.37462883574,
                5.0
            ],
            "end": [
                -13.661853282160559,
                -76.83023717654241,
                5.0
            ],
            "length": 138.70776665445504,
            "solid_ids": [
                1,
                3
            ],
            "preferred_normal": [
                -0.4426354619320211,
                0.8109421917951365,
                0.3826834323650898
            ]
        },
        "9": {
            "type": "line",
            "start": [
                -19.97211369882,
                -86.14159893242,
                15.0
            ],
            "end": [
                -19.97211369882,
                -86.14159893242,
                94.409729311906
            ],
            "length": 79.409729311906,
            "solid_ids": [
                2,
                3
            ],
            "preferred_normal": [
                0.7785387160741304,
                -0.6275965802756135,
                0.0
            ]
        },
        "10": {
            "type": "line",
            "start": [
                -19.972113698783676,
                -86.14159893240013,
                15.0
            ],
            "end": [
                -22.439428314970304,
                -81.6212888922483,
                15.0
            ],
            "length": 5.1498392474275905,
            "solid_ids": [
                2,
                3
            ],
            "preferred_normal": [
                0.33590325414210925,
                0.18334561151952303,
                -0.9238795325112867
            ]
        },
        "11": {
            "type": "line",
            "start": [
                -19.97211369882,
                -86.14159893242,
                94.409729311906
            ],
            "end": [
                -22.43942831500663,
                -81.62128889226815,
                94.409729311906
            ],
            "length": 5.149839247427605,
            "solid_ids": [
                2,
                3
            ],
            "preferred_normal": [
                0.33590325414210925,
                0.18334561151952303,
                0.9238795325112867
            ]
        },
        "12": {
            "type": "line",
            "start": [
                -22.43942831501,
                -81.62128889227,
                15.0
            ],
            "end": [
                -22.43942831501,
                -81.62128889227,
                94.409729311906
            ],
            "length": 79.409729311906,
            "solid_ids": [
                2,
                3
            ],
            "preferred_normal": [
                -0.10673220778991194,
                0.9942878033146596,
                0.0
            ]
        }
    }
}