{
    "contact_edges": {
        "1": {
            "type": "line",
            "start": [
                -6.507054521283,
                -61.83247616403,
                5.0
            ],
            "end": [
                -6.591779461775176,
                -70.32788809988,
                5.0
            ],
            "length": 8.495834407244768,
            "solid_ids": [
                1,
                2
            ],
            "preferred_normal": [
                0.9238335908584734,
                -0.009213413852229633,
                0.38268343236508984
            ]
        },
        "2": {
            "type": "line",
            "start": [
                -6.507054521283,
                -61.83247616403,
                5.0
            ],
            "end": [
                -122.25571295230009,
                -60.67811210591609,
                5.0
            ],
            "length": 115.75441453767078,
            "solid_ids": [
                1,
                2
            ],
            "preferred_normal": [
                0.009213413852229633,
                0.9238335908584734,
                0.38268343236508984
            ]
        },
        "3": {
            "type": "line",
            "start": [
                -6.591779461775,
                -70.32788809988,
                5.0
            ],
            "end": [
                -122.34043789269998,
                -69.17352404176701,
                5.0
            ],
            "length": 115.75441453757867,
            "solid_ids": [
                1,
                2
            ],
            "preferred_normal": [
                -0.009213413852229633,
                -0.9238335908584734,
                0.38268343236508984
            ]
        },
        "4": {
            "type": "line",
            "start": [
                -122.2557129523,
                -60.67811210591,
                5.0
            ],
            "end": [
                -122.34043789279227,
                -69.17352404176907,
                5.0
            ],
            "length": 8.495834407253835,
            "solid_ids": [
                1,
                2
            ],
            "preferred_normal": [
                -0.9238335908584734,
                0.009213413852229633,
                0.38268343236508984
            ]
        },
        "5": {
            "type": "line",
            "start": [
                132.73301381252,
                -130.971735085,
                5.0
            ],
            "end": [
                132.60387550024336,
                -143.92049790640002,
                5.0
            ],
            "length": 12.949406755082212,
            "solid_ids": [
                1,
                3
            ],
            "preferred_normal": [
                0.9238335908584734,
                -0.009213413852229633,
                0.38268343236508984
            ]
        },
        "6": {
            "type": "line",
            "start": [
                132.73301381252,
                -130.971735085,
                5.0
            ],
            "end": [
                -96.68324867355987,
                -128.68376137238383,
                5.0
            ],
            "length": 229.42767120988592,
            "solid_ids": [
                1,
                3
            ],
            "preferred_normal": [
                0.009213413852229633,
                0.9238335908584734,
                0.38268343236508984
            ]
        },
        "7": {
            "type": "line",
            "start": [
                132.60387550024,
                -143.9204979064,
                5.0
            ],
            "end": [
                -96.8123869858399,
                -141.6325241937838,
                5.0
            ],
            "length": 229.42767120988597,
            "solid_ids": [
                1,
                3
            ],
            "preferred_normal": [
                -0.009213413852229633,
                -0.9238335908584734,
                0.38268343236508984
            ]
        },
        "8": {
            "type": "line",
            "start": [
                -96.68324867356,
                -128.6837613724,
                5.0
            ],
            "end": [
                -96.81238698583664,
                -141.63252419380004,
                5.0
            ],
            "length": 12.94940675508224,
            "solid_ids": [
                1,
                3
            ],
            "preferred_normal": [
                -0.9238335908584734,
                0.009213413852229633,
                0.38268343236508984
            ]
        },
        "9": {
            "type": "line",
            "start": [
                51.633988709781,
                39.808011463414,
                5.0
            ],
            "end": [
                51.54518848119377,
                30.903968362719,
                5.0
            ],
            "length": 8.90448589305589,
            "solid_ids": [
                1,
                4
            ],
            "preferred_normal": [
                0.9238335908584734,
                -0.009213413852229633,
                0.38268343236508984
            ]
        },
        "10": {
            "type": "line",
            "start": [
                51.633988709781,
                39.808011463414,
                5.0
            ],
            "end": [
                -102.45439458690002,
                41.34473848782764,
                5.0
            ],
            "length": 154.096046013298,
            "solid_ids": [
                1,
                4
            ],
            "preferred_normal": [
                0.009213413852229633,
                0.9238335908584734,
                0.38268343236508984
            ]
        },
        "11": {
            "type": "line",
            "start": [
                51.545188481194,
                30.903968362719,
                5.0
            ],
            "end": [
                -102.54319481550004,
                32.44069538713277,
                5.0
            ],
            "length": 154.09604601331102,
            "solid_ids": [
                1,
                4
            ],
            "preferred_normal": [
                -0.009213413852229633,
                -0.9238335908584734,
                0.38268343236508984
            ]
        },
        "12": {
            "type": "line",
            "start": [
                -102.4543945869,
                41.344738487827,
                5.0
            ],
            "end": [
                -102.54319481548721,
                32.44069538713287,
                5.0
            ],
            "length": 8.904485893055023,
            "solid_ids": [
                1,
                4
            ],
            "preferred_normal": [
                -0.9238335908584734,
                0.009213413852229633,
                0.38268343236508984
            ]
        }
    }
}