{
    "contact_edges": {
        "1": {
            "type": "line",
            "start": [
                -12.4352355534,
                -32.13097310394,
                5.0
            ],
            "end": [
                -20.206473195802918,
                -23.296403628892566,
                5.0
            ],
            "length": 11.766127328230812,
            "solid_ids": [
                1,
                2
            ],
            "preferred_normal": [
                -0.6936928089297314,
                -0.6101997029108198,
                0.38268343236508984
            ]
        },
        "2": {
            "type": "line",
            "start": [
                -12.4352355534,
                -32.13097310394,
                5.0
            ],
            "end": [
                75.42447299548652,
                45.153910585538284,
                5.0
            ],
            "length": 117.01402323307865,
            "solid_ids": [
                1,
                2
            ],
            "preferred_normal": [
                0.6101997029108198,
                -0.6936928089297314,
                0.38268343236508984
            ]
        },
        "3": {
            "type": "line",
            "start": [
                -20.2064731958,
                -23.29640362889,
                5.0
            ],
            "end": [
                67.65323535308283,
                53.98848006058505,
                5.0
            ],
            "length": 117.01402323307374,
            "solid_ids": [
                1,
                2
            ],
            "preferred_normal": [
                -0.6101997029108198,
                0.6936928089297314,
                0.38268343236508984
            ]
        },
        "4": {
            "type": "line",
            "start": [
                75.424472995485,
                45.15391058554,
                5.0
            ],
            "end": [
                67.65323535308276,
                53.98848006058667,
                5.0
            ],
            "length": 11.766127328229793,
            "solid_ids": [
                1,
                2
            ],
            "preferred_normal": [
                0.6936928089297314,
                0.6101997029108198,
                0.38268343236508984
            ]
        }
    }
}