{
    "contact_edges": {
        "1": {
            "type": "line",
            "start": [
                146.73300328889,
                -181.7404106014,
                5.0
            ],
            "end": [
                130.87786112331946,
                -179.62860641100406,
                5.0
            ],
            "length": 15.995163332364765,
            "solid_ids": [
                1,
                2
            ],
            "preferred_normal": [
                -0.1219776646000598,
                -0.9157919195603272,
                0.3826834323650898
            ]
        },
        "2": {
            "type": "line",
            "start": [
                146.73300328889,
                -181.7404106014,
                5.0
            ],
            "end": [
                188.31942091636307,
                130.48482630219567,
                5.0
            ],
            "length": 314.9825847417489,
            "solid_ids": [
                1,
                2
            ],
            "preferred_normal": [
                0.9157919195603272,
                -0.1219776646000598,
                0.3826834323650898
            ]
        },
        "3": {
            "type": "line",
            "start": [
                130.87786112332,
                -179.628606411,
                5.0
            ],
            "end": [
                172.46427875079291,
                132.59663049259433,
                5.0
            ],
            "length": 314.9825847417476,
            "solid_ids": [
                1,
                2
            ],
            "preferred_normal": [
                -0.9157919195603272,
                0.1219776646000598,
                0.3826834323650898
            ]
        },
        "4": {
            "type": "line",
            "start": [
                188.31942091648,
                130.48482630218,
                5.0
            ],
            "end": [
                172.46427875089964,
                132.59663049257725,
                5.0
            ],
            "length": 15.995163332374684,
            "solid_ids": [
                1,
                2
            ],
            "preferred_normal": [
                0.1219776646000598,
                0.9157919195603272,
                0.3826834323650898
            ]
        },
        "5": {
            "type": "line",
            "start": [
                141.03737351771,
                -27.610655064579998,
                5.0
            ],
            "end": [
                -49.41511137490858,
                -2.2435942418190904,
                5.0
            ],
            "length": 192.13442371568598,
            "solid_ids": [
                1,
                4
            ],
            "preferred_normal": [
                -0.1219776646000598,
                -0.9157919195603272,
                0.3826834323650898
            ]
        },
        "6": {
            "type": "line",
            "start": [
                141.0373735176344,
                -27.610655064569894,
                5.0
            ],
            "end": [
                141.66010691894502,
                -22.93525634439863,
                5.0
            ],
            "length": 4.716688465617269,
            "solid_ids": [
                1,
                4
            ],
            "preferred_normal": [
                0.9157919195603272,
                -0.1219776646000598,
                0.3826834323650898
            ]
        },
        "7": {
            "type": "line",
            "start": [
                -49.41511137498217,
                -2.2435942417440304,
                5.0
            ],
            "end": [
                -48.79237797367249,
                2.4318044784200175,
                5.0
            ],
            "length": 4.716688465609992,
            "solid_ids": [
                1,
                4
            ],
            "preferred_normal": [
                -0.9157919195603273,
                0.12197766460005982,
                0.3826834323650899
            ]
        },
        "8": {
            "type": "line",
            "start": [
                141.66010691902983,
                -22.935256344411307,
                5.0
            ],
            "end": [
                -48.79237797359779,
                2.431804478350802,
                5.0
            ],
            "length": 192.1344237156951,
            "solid_ids": [
                1,
                4
            ],
            "preferred_normal": [
                0.1219776646000598,
                0.9157919195603272,
                0.3826834323650898
            ]
        },
        "9": {
            "type": "line",
            "start": [
                -59.32757168313,
                -0.923317514022,
                15.0
            ],
            "end": [
                -59.32757168313,
                -0.923317514022,
                52.547337702076
            ],
            "length": 37.547337702076,
            "solid_ids": [
                3,
                4
            ],
            "preferred_normal": [
                0.2573557687935184,
                -0.9663167225442687,
                0.0
            ]
        },
        "10": {
            "type": "line",
            "start": [
                -59.327571683207836,
                -0.9233175140115846,
                15.0
            ],
            "end": [
                -58.70483828189816,
                3.7520812061524635,
                15.0
            ],
            "length": 4.716688465609991,
            "solid_ids": [
                3,
                4
            ],
            "preferred_normal": [
                0.3793334333935776,
                -0.05052480298394128,
                -0.923879532511287
            ]
        },
        "11": {
            "type": "line",
            "start": [
                -59.32757168313,
                -0.923317514022,
                52.547337702076
            ],
            "end": [
                -58.70483828182033,
                3.7520812061420443,
                52.547337702076
            ],
            "length": 4.7166884656099874,
            "solid_ids": [
                3,
                4
            ],
            "preferred_normal": [
                0.37933343339357817,
                -0.05052480298394135,
                0.9238795325112867
            ]
        },
        "12": {
            "type": "line",
            "start": [
                -58.70483828182,
                3.752081206142,
                15.0
            ],
            "end": [
                -58.70483828182,
                3.752081206142,
                52.547337702076
            ],
            "length": 37.547337702076,
            "solid_ids": [
                3,
                4
            ],
            "preferred_normal": [
                0.501311097993638,
                0.8652671165763859,
                0.0
            ]
        },
        "13": {
            "type": "line",
            "start": [
                -66.86103641183,
                -57.48355866507,
                5.0
            ],
            "end": [
                -77.35791533252953,
                -56.08544109164651,
                5.0
            ],
            "length": 10.589579775654071,
            "solid_ids": [
                1,
                3
            ],
            "preferred_normal": [
                -0.1219776646000598,
                -0.9157919195603272,
                0.3826834323650898
            ]
        },
        "14": {
            "type": "line",
            "start": [
                -66.86103641183,
                -57.48355866507,
                5.0
            ],
            "end": [
                -37.55350269446062,
                162.55346736432946,
                5.0
            ],
            "length": 221.98023415713698,