{
    "contact_edges": {
        "1": {
            "type": "line",
            "start": [
                107.58972202793,
                -75.70452545547,
                5.0
            ],
            "end": [
                103.69963416104288,
                -92.64190196893067,
                5.0
            ],
            "length": 17.378363178701015,
            "solid_ids": [
                1,
                2
            ],
            "preferred_normal": [
                0.9004355205559318,
                -0.20680731107589476,
                0.38268343236508984
            ]
        },
        "2": {
            "type": "line",
            "start": [
                107.58972202793,
                -75.70452545547,
                5.0
            ],
            "end": [
                -136.73951473032875,
                -19.588266914265034,
                5.0
            ],
            "length": 250.69066677388813,
            "solid_ids": [
                1,
                2
            ],
            "preferred_normal": [
                0.20680731107589476,
                0.9004355205559318,
                0.38268343236508984
            ]
        },
        "3": {
            "type": "line",
            "start": [
                103.69963416104,
                -92.64190196893,
                5.0
            ],
            "end": [
                -140.62960259722823,
                -36.52564342772285,
                5.0
            ],
            "length": 250.69066677389785,
            "solid_ids": [
                1,
                2
            ],
            "preferred_normal": [
                -0.20680731107589476,
                -0.9004355205559318,
                0.38268343236508984
            ]
        },
        "4": {
            "type": "line",
            "start": [
                -136.7395147303,
                -19.58826691414,
                5.0
            ],
            "end": [
                -140.6296025971876,
                -36.52564342760285,
                5.0
            ],
            "length": 17.37836317870326,
            "solid_ids": [
                1,
                2
            ],
            "preferred_normal": [
                -0.9004355205559318,
                0.20680731107589476,
                0.38268343236508984
            ]
        },
        "5": {
            "type": "line",
            "start": [
                133.22638472356,
                91.492194610741,
                5.0
            ],
            "end": [
                97.70356446445497,
                -63.1735615717554,
                5.0
            ],
            "length": 158.69268065876292,
            "solid_ids": [
                1,
                3
            ],
            "preferred_normal": [
                0.9004355205559318,
                -0.20680731107589476,
                0.38268343236508984
            ]
        },
        "6": {
            "type": "line",
            "start": [
                133.22638472356,
                91.492194610741,
                5.0
            ],
            "end": [
                123.63716677125845,
                93.69459593183925,
                5.0
            ],
            "length": 9.83888573548435,
            "solid_ids": [
                1,
                3
            ],
            "preferred_normal": [
                0.20680731107589476,
                0.9004355205559318,
                0.38268343236508984
            ]
        },
        "7": {
            "type": "line",
            "start": [
                97.70356446437373,
                -63.17356157180209,
                5.0
            ],
            "end": [
                88.11434651206662,
                -60.97116025070255,
                5.0
            ],
            "length": 9.838885735490068,
            "solid_ids": [
                1,
                3
            ],
            "preferred_normal": [
                -0.20680731107589476,
                -0.9004355205559318,
                0.38268343236508984
            ]
        },
        "8": {
            "type": "line",
            "start": [
                123.63716677126,
                93.694595931846,
                5.0
            ],
            "end": [
                88.11434651215353,
                -60.97116025065671,
                5.0
            ],
            "length": 158.6926806587694,
            "solid_ids": [
                1,
                3
            ],
            "preferred_normal": [
                -0.9004355205559318,
                0.20680731107589476,
                0.38268343236508984
            ]
        },
        "9": {
            "type": "line",
            "start": [
                95.465098259664,
                -72.9198054149,
                15.0
            ],
            "end": [
                95.465098259664,
                -72.9198054149,
                87.43365232172
            ],
            "length": 72.43365232172,
            "solid_ids": [
                2,
                3
            ],
            "preferred_normal": [
                0.9860979136014788,
                0.16616529358085022,
                0.0
            ]
        },
        "10": {
            "type": "line",
            "start": [
                95.4650982596625,
                -72.9198054149064,
                15.0
            ],
            "end": [
                85.87588030735539,
                -70.71740409380686,
                15.0
            ],
            "length": 9.83888573549007,
            "solid_ids": [
                2,
                3
            ],
            "preferred_normal": [
                0.08566239304554722,
                0.3729726046567449,
                -0.9238795325112867
            ]
        },
        "11": {
            "type": "line",
            "start": [
                95.465098259664,
                -72.9198054149,
                87.43365232172
            ],
            "end": [
                85.87588030735688,
                -70.71740409380047,
                87.43365232172
            ],
            "length": 9.83888573549008,
            "solid_ids": [
                2,
                3
            ],
            "preferred_normal": [
                0.08566239304554722,
                0.3729726046567449,
                0.9238795325112867
            ]
        },
        "12": {
            "type": "line",
            "start": [
                85.875880307357,
                -70.7174040938,
                15.0
            ],
            "end": [
                85.875880307357,
                -70.7174040938,
                87.43365232172
            ],
            "length": 72.43365232172,
            "solid_ids": [
                2,
                3
            ],
            "preferred_normal": [
                -0.8147731275103846,
                0.5797799157326395,
                0.0
            ]
        }
    }
}