{
    "contact_edges": {
        "1": {
            "type": "line",
            "start": [
                -85.48862515343,
                -91.56310234737,
                5.0
            ],
            "end": [
                -88.68715657159491,
                -81.83692125939832,
                5.0
            ],
            "length": 10.238613274706985,
            "solid_ids": [
                1,
                2
            ],
            "preferred_normal": [
                -0.8776403010428732,
                -0.28861894008995453,
                0.38268343236508984
            ]
        },
        "2": {
            "type": "line",
            "start": [
                -85.48862515343,
                -91.56310234737,
                5.0
            ],
            "end": [
                136.79127028899643,
                -18.464604307037803,
                5.0
            ],
            "length": 233.99090224546867,
            "solid_ids": [
                1,
                2
            ],
            "preferred_normal": [
                0.28861894008995453,
                -0.8776403010428732,
                0.3826834323650899
            ]
        },
        "3": {
            "type": "line",
            "start": [
                -88.6871565716,
                -81.8369212594,
                5.0
            ],
            "end": [
                133.59273887083754,
                -8.738423219064147,
                5.0
            ],
            "length": 233.99090224548036,
            "solid_ids": [
                1,
                2
            ],
            "preferred_normal": [
                -0.28861894008995453,
                0.8776403010428732,
                0.3826834323650899
            ]
        },
        "4": {
            "type": "line",
            "start": [
                136.79127028903,
                -18.46460430714,
                5.0
            ],
            "end": [
                133.59273887086397,
                -8.738423219164977,
                5.0
            ],
            "length": 10.238613274710506,
            "solid_ids": [
                1,
                2
            ],
            "preferred_normal": [
                0.8776403010428732,
                0.28861894008995453,
                0.38268343236508984
            ]
        }
    }
}