{
    "contact_edges": {
        "1": {
            "type": "line",
            "start": [
                -159.4028994925,
                -161.6182622127,
                5.0
            ],
            "end": [
                -159.7566017892221,
                -151.8194262551008,
                5.0
            ],
            "length": 9.805217562025083,
            "solid_ids": [
                1,
                2
            ],
            "preferred_normal": [
                -0.9232782369585486,
                -0.03332698234145867,
                0.38268343236508984
            ]
        },
        "2": {
            "type": "line",
            "start": [
                -159.4028994925,
                -161.6182622127,
                5.0
            ],
            "end": [
                186.31093947112208,
                -149.13925150375832,
                5.0
            ],
            "length": 345.93898907067285,
            "solid_ids": [
                1,
                2
            ],
            "preferred_normal": [
                0.03332698234145867,
                -0.9232782369585486,
                0.38268343236508984
            ]
        },
        "3": {
            "type": "line",
            "start": [
                -159.7566017892,
                -151.8194262551,
                5.0
            ],
            "end": [
                185.95723717440217,
                -139.34041554615905,
                5.0
            ],
            "length": 345.9389890706529,
            "solid_ids": [
                1,
                2
            ],
            "preferred_normal": [
                -0.03332698234145867,
                0.9232782369585486,
                0.38268343236508984
            ]
        },
        "4": {
            "type": "line",
            "start": [
                186.31093947112,
                -149.1392515037,
                5.0
            ],
            "end": [
                185.9572371743979,
                -139.34041554610008,
                5.0
            ],
            "length": 9.805217562025824,
            "solid_ids": [
                1,
                2
            ],
            "preferred_normal": [
                0.9232782369585486,
                0.03332698234145867,
                0.38268343236508984
            ]
        },
        "5": {
            "type": "line",
            "start": [
                44.495274869429934,
                -134.4401646528001,
                5.0
            ],
            "end": [
                38.2877969519042,
                37.52947871099913,
                5.0
            ],
            "length": 172.08164056856518,
            "solid_ids": [
                1,
                4
            ],
            "preferred_normal": [
                -0.9232782369585486,
                -0.03332698234145867,
                0.38268343236508984
            ]
        },
        "6": {
            "type": "line",
            "start": [
                44.49527486943244,
                -134.44016465281229,
                5.0
            ],
            "end": [
                52.88499199277161,
                -134.13732641486092,
                5.0
            ],
            "length": 8.395181022945003,
            "solid_ids": [
                1,
                4
            ],
            "preferred_normal": [
                0.03332698234145867,
                -0.9232782369585486,
                0.38268343236508984
            ]
        },
        "7": {
            "type": "line",
            "start": [
                38.28779695190123,
                37.529478710993594,
                5.0
            ],
            "end": [
                46.67751407524218,
                37.832316948945014,
                5.0
            ],
            "length": 8.395181022946788,
            "solid_ids": [
                1,
                4
            ],
            "preferred_normal": [
                -0.03332698234145868,
                0.9232782369585486,
                0.3826834323650899
            ]
        },
        "8": {
            "type": "line",
            "start": [
                52.88499199277454,
                -134.13732641489995,
                5.0
            ],
            "end": [
                46.67751407524697,
                37.83231694895019,
                5.0
            ],
            "length": 172.08164056861614,
            "solid_ids": [
                1,
                4
            ],
            "preferred_normal": [
                0.9232782369585486,
                0.03332698234145867,
                0.38268343236508984
            ]
        },
        "9": {
            "type": "line",
            "start": [
                37.927068294444,
                47.522970334835,
                15.0
            ],
            "end": [
                37.927068294444,
                47.522970334835,
                70.992111014352
            ],
            "length": 55.992111014352005,
            "solid_ids": [
                3,
                4
            ],
            "preferred_normal": [
                -0.9094737488797477,
                -0.4157613499336099,
                0.0
            ]
        },
        "10": {
            "type": "line",
            "start": [
                37.92706829444411,
                47.522970334832145,
                15.0
            ],
            "end": [
                46.31678541778512,
                47.825808572783565,
                15.0
            ],
            "length": 8.395181022946845,
            "solid_ids": [
                3,
                4
            ],
            "preferred_normal": [
                0.03607286574567722,
                -0.9993491623836458,
                0.0
            ]
        },
        "11": {
            "type": "line",
            "start": [
                37.927068294444,
                47.522970334835,
                70.992111014352
            ],
            "end": [
                46.316785417784985,
                47.82580857278642,
                70.992111014352
            ],
            "length": 8.395181022946824,
            "solid_ids": [
                3,
                4
            ],
            "preferred_normal": [
                0.013804488078800832,
                -0.3824343675921511,
                0.9238795325112867
            ]
        },
        "12": {
            "type": "line",
            "start": [
                46.316785417785,
                47.825808572786,
                15.0
            ],
            "end": [
                46.316785417785,
                47.825808572786,
                70.992111014352
            ],
            "length": 55.992111014352005,
            "solid_ids": [
                3,
                4
            ],
            "preferred_normal": [
                0.9370827250373494,
                -0.3491073852506925,
                0.0
            ]
        },
        "13": {
            "type": "line",
            "start": [
                -91.44466556096,
                42.853121835115,
                5.0
            ],
            "end": [
                -91.99627735932116,
                58.13476850382232,
                5.0
            ],
            "length": 15.29159901656151,
            "solid_ids": [
                1,
                3
            ],
            "preferred_normal": [
                -0.9232782369585486,
                -0.03332698234145867,
                0.38268343236508984
            ]
        },
        "14": {
            "type": "line",
            "start": [
                -91.44466556096,
                42.853121835115,
                5.0
            ],
            "end": [
                101.06467357504013,
                49.80200797704991,
                5.0
            ],
            "length": 192.63471305347093,