{
    "contact_edges": {
        "1": {
            "type": "line",
            "start": [
                -78.14594908503,
                73.212734026739,
                5.0
            ],
            "end": [
                -118.58723009282987,
                -29.87514645207828,
                5.0
            ],
            "length": 110.73666200119432,
            "solid_ids": [
                1,
                2
            ],
            "preferred_normal": [
                0.8600655022753163,
                -0.3374029080923603,
                0.38268343236508984
            ]
        },
        "2": {
            "type": "line",
            "start": [
                -78.14594908503,
                73.212734026739,
                5.0
            ],
            "end": [
                -87.19731085411902,
                76.76357495107251,
                5.0
            ],
            "length": 9.722943028982948,
            "solid_ids": [
                1,
                2
            ],
            "preferred_normal": [
                0.3374029080923603,
                0.8600655022753163,
                0.38268343236508984
            ]
        },
        "3": {
            "type": "line",
            "start": [
                -118.5872300928,
                -29.87514645209,
                5.0
            ],
            "end": [
                -127.63859186189734,
                -26.32430552775323,
                5.0
            ],
            "length": 9.722943028991878,
            "solid_ids": [
                1,
                2
            ],
            "preferred_normal": [
                -0.3374029080923603,
                -0.8600655022753163,
                0.38268343236508984
            ]
        },
        "4": {
            "type": "line",
            "start": [
                -87.19731085412,
                76.76357495107,
                5.0
            ],
            "end": [
                -127.63859186192155,
                -26.324305527751566,
                5.0
            ],
            "length": 110.73666200119891,
            "solid_ids": [
                1,
                2
            ],
            "preferred_normal": [
                -0.8600655022753163,
                0.3374029080923603,
                0.38268343236508984
            ]
        },
        "5": {
            "type": "line",
            "start": [
                16.964901390271,
                128.46370941793,
                5.0
            ],
            "end": [
                -78.75965080683169,
                -115.54540577008761,
                5.0
            ],
            "length": 262.11378862657165,
            "solid_ids": [
                1,
                3
            ],
            "preferred_normal": [
                0.8600655022753163,
                -0.3374029080923603,
                0.38268343236508984
            ]
        },
        "6": {
            "type": "line",
            "start": [
                16.964901390271,
                128.46370941793,
                5.0
            ],
            "end": [
                1.1363168809902935,
                134.67324861033842,
                5.0
            ],
            "length": 17.00301339614532,
            "solid_ids": [
                1,
                3
            ],
            "preferred_normal": [
                0.3374029080923603,
                0.8600655022753163,
                0.38268343236508984
            ]
        },
        "7": {
            "type": "line",
            "start": [
                -78.7596508068,
                -115.5454057701,
                5.0
            ],
            "end": [
                -94.58823531607725,
                -109.33586657769295,
                5.0
            ],
            "length": 17.003013396141604,
            "solid_ids": [
                1,
                3
            ],
            "preferred_normal": [
                -0.3374029080923603,
                -0.8600655022753163,
                0.38268343236508984
            ]
        },
        "8": {
            "type": "line",
            "start": [
                1.136316880987,
                134.67324861033,
                5.0
            ],
            "end": [
                -94.58823531611515,
                -109.33586657768623,
                5.0
            ],
            "length": 262.11378862657017,
            "solid_ids": [
                1,
                3
            ],
            "preferred_normal": [
                -0.8600655022753163,
                0.3374029080923603,
                0.38268343236508984
            ]
        },
        "9": {
            "type": "line",
            "start": [
                90.719053289323,
                7.532796475442,
                5.0
            ],
            "end": [
                43.48496035551811,
                -112.87047477470202,
                5.0
            ],
            "length": 129.33679779171538,
            "solid_ids": [
                1,
                4
            ],
            "preferred_normal": [
                0.8600655022753163,
                -0.3374029080923603,
                0.38268343236508984
            ]
        },
        "10": {
            "type": "line",
            "start": [
                90.719053289323,
                7.532796475442,
                5.0
            ],
            "end": [
                81.6173435470536,
                11.103388863498534,
                5.0
            ],
            "length": 9.777026656104047,
            "solid_ids": [
                1,
                4
            ],
            "preferred_normal": [
                0.3374029080923603,
                0.8600655022753163,
                0.38268343236508984
            ]
        },
        "11": {
            "type": "line",
            "start": [
                43.484960355513,
                -112.8704747747,
                5.0
            ],
            "end": [
                34.3832506132623,
                -109.29988238665081,
                5.0
            ],
            "length": 9.777026656083956,
            "solid_ids": [
                1,
                4
            ],
            "preferred_normal": [
                -0.3374029080923603,
                -0.8600655022753163,
                0.38268343236508984
            ]
        },
        "12": {
            "type": "line",
            "start": [
                81.617343547053,
                11.103388863497,
                5.0
            ],
            "end": [
                34.38325061322941,
                -109.2998823866947,
                5.0
            ],
            "length": 129.3367977917666,
            "solid_ids": [
                1,
                4
            ],
            "preferred_normal": [
                -0.8600655022753163,
                0.3374029080923603,
                0.38268343236508984
            ]
        }
    }
}