{
  "welds": [
    {
      "start": {
        "xyz": [
          93.15721114079,
          -13.91812555255,
          5.0
        ],
        "pose": [
          0.7001435892249206,
          0.420078113133632,
          0.5773502691896258
        ]
      },
      "end": {
        "xyz": [
          89.44025524114802,
          -28.78541560057926,
          5.0
        ],
        "pose": [
          0.42007811313363197,
          -0.7001435892249205,
          0.5773502691896257
        ]
      }
    },
    {
      "start": {
        "xyz": [
          89.44025524114802,
          -28.78541560057926,
          5.0
        ],
        "pose": [
          0.42007811313363197,
          -0.7001435892249205,
          0.5773502691896257
        ]
      },
      "end": {
        "xyz": [
          -67.82547412784938,
          10.532427711899686,
          5.0
        ],
        "pose": [
          -0.7001435892249206,
          -0.420078113133632,
          0.5773502691896258
        ]
      }
    },
    {
      "start": {
        "xyz": [
          -67.82547412784938,
          10.532427711899686,
          5.0
        ],
        "pose": [
          -0.7001435892249206,
          -0.420078113133632,
          0.5773502691896258
        ]
      },
      "end": {
        "xyz": [
          -64.1085182282101,
          25.399717759929615,
          5.0
        ],
        "pose": [
          -0.42007811313363197,
          0.7001435892249205,
          0.5773502691896257
        ]
      }
    },
    {
      "start": {
        "xyz": [
          -64.1085182282101,
          25.399717759929615,
          5.0
        ],
        "pose": [
          -0.42007811313363197,
          0.7001435892249205,
          0.5773502691896257
        ]
      },
      "end": {
        "xyz": [
          93.15721114079,
          -13.91812555255,
          5.0
        ],
        "pose": [
          0.7001435892249206,
          0.420078113133632,
          0.5773502691896258
        ]
      }
    }
  ]
}