{
    "contact_edges": {
        "1": {
            "type": "line",
            "start": [
                28.868221822577,
                -69.34547968659,
                5.0
            ],
            "end": [
                -42.93879221292008,
                36.69057633355296,
                5.0
            ],
            "length": 128.06206480063082,
            "solid_ids": [
                1,
                2
            ],
            "preferred_normal": [
                -0.7649770602851291,
                -0.5180381142645738,
                0.38268343236508984
            ]
        },
        "2": {
            "type": "line",
            "start": [
                28.868221822577,
                -69.34547968659,
                5.0
            ],
            "end": [
                37.254247153371416,
                -63.66651102977766,
                5.0
            ],
            "length": 10.127986268443621,
            "solid_ids": [
                1,
                2
            ],
            "preferred_normal": [
                0.5180381142645738,
                -0.7649770602851291,
                0.38268343236508984
            ]
        },
        "3": {
            "type": "line",
            "start": [
                -42.93879221292,
                36.690576333553,
                5.0
            ],
            "end": [
                -34.55276688212144,
                42.369544990368134,
                5.0
            ],
            "length": 10.127986268448621,
            "solid_ids": [
                1,
                2
            ],
            "preferred_normal": [
                -0.5180381142645738,
                0.7649770602851291,
                0.38268343236508984
            ]
        },
        "4": {
            "type": "line",
            "start": [
                37.254247153373,
                -63.66651102978,
                5.0
            ],
            "end": [
                -34.55276688212422,
                42.369544990363174,
                5.0
            ],
            "length": 128.06206480063108,
            "solid_ids": [
                1,
                2
            ],
            "preferred_normal": [
                0.7649770602851291,
                0.5180381142645738,
                0.38268343236508984
            ]
        }
    }
}