{
    "contact_edges": {
        "1": {
            "type": "line",
            "start": [
                76.618064568133,
                -137.2193102609,
                5.0
            ],
            "end": [
                34.88928466619552,
                95.70894267322961,
                5.0
            ],
            "length": 236.63656117990348,
            "solid_ids": [
                1,
                2
            ],
            "preferred_normal": [
                -0.9094015073429416,
                -0.16291804392288667,
                0.38268343236508984
            ]
        },
        "2": {
            "type": "line",
            "start": [
                76.618064568133,
                -137.2193102609,
                5.0
            ],
            "end": [
                87.92557966617022,
                -135.19358430099564,
                5.0
            ],
            "length": 11.487535129738244,
            "solid_ids": [
                1,
                2
            ],
            "preferred_normal": [
                0.16291804392288667,
                -0.9094015073429416,
                0.38268343236508984
            ]
        },
        "3": {
            "type": "line",
            "start": [
                34.889284666315,
                95.708942673251,
                5.0
            ],
            "end": [
                46.19679976435091,
                97.73466863315511,
                5.0
            ],
            "length": 11.487535129736901,
            "solid_ids": [
                1,
                2
            ],
            "preferred_normal": [
                -0.16291804392288667,
                0.9094015073429416,
                0.38268343236508984
            ]
        },
        "4": {
            "type": "line",
            "start": [
                87.925579666171,
                -135.193584301,
                5.0
            ],
            "end": [
                46.196799764233845,
                97.73466863312785,
                5.0
            ],
            "length": 236.6365611799017,
            "solid_ids": [
                1,
                2
            ],
            "preferred_normal": [
                0.9094015073429416,
                0.16291804392288667,
                0.38268343236508984
            ]
        }
    }
}