{
    "contact_edges": {
        "1": {
            "type": "line",
            "start": [
                -167.3955590457,
                -176.4696151806,
                5.0
            ],
            "end": [
                -169.93499356920194,
                -161.86854562900035,
                5.0
            ],
            "length": 14.82025505009288,
            "solid_ids": [
                1,
                2
            ],
            "preferred_normal": [
                -0.9102157328535391,
                -0.15830574929284327,
                0.3826834323650899
            ]
        },
        "2": {
            "type": "line",
            "start": [
                -167.3955590457,
                -176.4696151806,
                5.0
            ],
            "end": [
                149.49765084192475,
                -121.35518985661277,
                5.0
            ],
            "length": 321.65028579448756,
            "solid_ids": [
                1,
                2
            ],
            "preferred_normal": [
                0.15830574929284325,
                -0.910215732853539,
                0.38268343236508984
            ]
        },
        "3": {
            "type": "line",
            "start": [
                -169.9349935692,
                -161.868545629,
                5.0
            ],
            "end": [
                146.9582163184248,
                -106.75412030501278,
                5.0
            ],
            "length": 321.6502857944877,
            "solid_ids": [
                1,
                2
            ],
            "preferred_normal": [
                -0.15830574929284325,
                0.910215732853539,
                0.38268343236508984
            ]
        },
        "4": {
            "type": "line",
            "start": [
                149.49765084194,
                -121.3551898567,
                5.0
            ],
            "end": [
                146.95821631843805,
                -106.75412030510034,
                5.0
            ],
            "length": 14.820255050092895,
            "solid_ids": [
                1,
                2
            ],
            "preferred_normal": [
                0.9102157328535391,
                0.15830574929284327,
                0.3826834323650899
            ]
        },
        "5": {
            "type": "line",
            "start": [
                -57.89068278417295,
                -132.23155637010052,
                5.0
            ],
            "end": [
                -82.91686595976132,
                11.662305738196824,
                5.0
            ],
            "length": 146.0539400248408,
            "solid_ids": [
                1,
                4
            ],
            "preferred_normal": [
                -0.9102157328535391,
                -0.15830574929284327,
                0.3826834323650899
            ]
        },
        "6": {
            "type": "line",
            "start": [
                -57.89068278418845,
                -132.23155636999385,
                5.0
            ],
            "end": [
                -54.72612999362621,
                -131.68117377100694,
                5.0
            ],
            "length": 3.2120578091813434,
            "solid_ids": [
                1,
                4
            ],
            "preferred_normal": [
                0.15830574929284327,
                -0.9102157328535391,
                0.3826834323650898
            ]
        },
        "7": {
            "type": "line",
            "start": [
                -82.9168659597279,
                11.662305738249284,
                5.0
            ],
            "end": [
                -79.75231316916798,
                12.212688337235798,
                5.0
            ],
            "length": 3.212057809178993,
            "solid_ids": [
                1,
                4
            ],
            "preferred_normal": [
                -0.15830574929284327,
                0.9102157328535391,
                0.38268343236508984
            ]
        },
        "8": {
            "type": "line",
            "start": [
                -54.72612999360325,
                -131.68117377109883,
                5.0
            ],
            "end": [
                -79.75231316918925,
                12.212688337184913,
                5.0
            ],
            "length": 146.053940024827,
            "solid_ids": [
                1,
                4
            ],
            "preferred_normal": [
                0.9102157328535391,
                0.15830574929284327,
                0.3826834323650899
            ]
        },
        "9": {
            "type": "line",
            "start": [
                -84.63035504268,
                21.514409836446,
                15.0
            ],
            "end": [
                -84.63035504268,
                21.514409836446,
                55.123285098054
            ],
            "length": 40.123285098054,
            "solid_ids": [
                3,
                4
            ],
            "preferred_normal": [
                -0.8446433444948084,
                -0.5353294505261451,
                0.0
            ]
        },
        "10": {
            "type": "line",
            "start": [
                -84.63035504268804,
                21.514409836492216,
                15.0
            ],
            "end": [
                -81.46580225212813,
                22.064792435478733,
                15.0
            ],
            "length": 3.212057809178979,
            "solid_ids": [
                3,
                4
            ],
            "preferred_normal": [
                0.1713489082960167,
                -0.985210409824096,
                0.0
            ]
        },
        "11": {
            "type": "line",
            "start": [
                -84.63035504268,
                21.514409836446,
                55.123285098054
            ],
            "end": [
                -81.46580225212008,
                22.064792435432512,
                55.123285098054
            ],
            "length": 3.2120578091789787,
            "solid_ids": [
                3,
                4
            ],
            "preferred_normal": [
                0.06557238835873071,
                -0.377023701233302,
                0.9238795325112867
            ]
        },
        "12": {
            "type": "line",
            "start": [
                -81.46580225212,
                22.064792435432,
                15.0
            ],
            "end": [
                -81.46580225212,
                22.064792435432,
                55.123285098054
            ],
            "length": 40.123285098054,
            "solid_ids": [
                3,
                4
            ],
            "preferred_normal": [
                0.9757881212122698,
                -0.2187179519404586,
                0.0
            ]
        },
        "13": {
            "type": "line",
            "start": [
                -123.83589289,
                14.695738370638,
                5.0
            ],
            "end": [
                -126.65999997460693,
                30.933599036817792,
                5.0
            ],
            "length": 16.481617027452007,
            "solid_ids": [
                1,
                3
            ],
            "preferred_normal": [
                -0.9102157328535391,
                -0.15830574929284327,
                0.3826834323650899
            ]
        },
        "14": {
            "type": "line",
            "start": [
                -123.83589289,
                14.695738370638,
                5.0
            ],
            "end": [
                153.1232420590554,
                62.864784234255026,
                5.0
            ],
            "length": 281.1167362700775,