{
    "contact_edges": {
        "1": {
            "type": "line",
            "start": [
                135.14215527666,
                56.354955140341,
                5.0
            ],
            "end": [
                135.1119478499674,
                46.57259126468901,
                5.0
            ],
            "length": 9.78241051501563,
            "solid_ids": [
                1,
                2
            ],
            "preferred_normal": [
                0.9238751277530308,
                -0.0028528779494862364,
                0.3826834323650899
            ]
        },
        "2": {
            "type": "line",
            "start": [
                135.14215527666,
                56.354955140341,
                5.0
            ],
            "end": [
                -120.0400128809,
                57.14294429468632,
                5.0
            ],
            "length": 255.18338478925423,
            "solid_ids": [
                1,
                2
            ],
            "preferred_normal": [
                0.0028528779494862364,
                0.9238751277530308,
                0.3826834323650899
            ]
        },
        "3": {
            "type": "line",
            "start": [
                135.11194784997,
                46.572591264689,
                5.0
            ],
            "end": [
                -120.07022030760002,
                47.36058041903436,
                5.0
            ],
            "length": 255.18338478926424,
            "solid_ids": [
                1,
                2
            ],
            "preferred_normal": [
                -0.0028528779494862364,
                -0.9238751277530308,
                0.3826834323650899
            ]
        },
        "4": {
            "type": "line",
            "start": [
                -120.0400128809,
                57.142944294686,
                5.0
            ],
            "end": [
                -120.07022030759258,
                47.36058041903498,
                5.0
            ],
            "length": 9.782410515014657,
            "solid_ids": [
                1,
                2
            ],
            "preferred_normal": [
                -0.9238751277530308,
                0.0028528779494862364,
                0.3826834323650899
            ]
        },
        "5": {
            "type": "line",
            "start": [
                -7.40844459819,
                -112.7950993622,
                15.0
            ],
            "end": [
                -7.40844459819,
                -112.7950993622,
                52.04577228066
            ],
            "length": 37.04577228066,
            "solid_ids": [
                3,
                5
            ],
            "preferred_normal": [
                0.9250568284915032,
                0.37982872990499505,
                0.0
            ]
        },
        "6": {
            "type": "line",
            "start": [
                -7.408444598189937,
                -112.79509936218126,
                15.0
            ],
            "end": [
                -13.135667064759746,
                -112.77741399952146,
                15.0
            ],
            "length": 5.727249772240982,
            "solid_ids": [
                3,
                5
            ],
            "preferred_normal": [
                0.001181700738472345,
                0.38268160785448135,
                -0.9238795325112866
            ]
        },
        "7": {
            "type": "line",
            "start": [
                -7.40844459819,
                -112.7950993622,
                52.04577228066
            ],
            "end": [
                -13.135667064759815,
                -112.7774139995402,
                52.04577228066
            ],
            "length": 5.727249772240988,
            "solid_ids": [
                3,
                5
            ],
            "preferred_normal": [
                0.001181700738472345,
                0.38268160785448135,
                0.9238795325112866
            ]
        },
        "8": {
            "type": "line",
            "start": [
                -13.13566706476,
                -112.7774139996,
                15.0
            ],
            "end": [
                -13.13566706476,
                -112.7774139996,
                52.04577228066
            ],
            "length": 37.04577228066,
            "solid_ids": [
                3,
                5
            ],
            "preferred_normal": [
                -0.9226934270145585,
                0.3855344858039675,
                0.0
            ]
        },
        "9": {
            "type": "line",
            "start": [
                -6.9458505683211,
                37.011210620168,
                5.0
            ],
            "end": [
                -7.377565269780675,
                -102.795147039,
                5.0
            ],
            "length": 139.8070242137592,
            "solid_ids": [
                1,
                5
            ],
            "preferred_normal": [
                0.9238751277530308,
                -0.0028528779494862364,
                0.3826834323650899
            ]
        },
        "10": {
            "type": "line",
            "start": [
                -6.945850568320998,
                37.011210620167745,
                5.0
            ],
            "end": [
                -12.673073034890011,
                37.02889598282754,
                5.0
            ],
            "length": 5.727249772240186,
            "solid_ids": [
                1,
                5
            ],
            "preferred_normal": [
                0.002852877949486236,
                0.9238751277530308,
                0.38268343236508984
            ]
        },
        "11": {
            "type": "line",
            "start": [
                -7.377565269780951,
                -102.79514703898126,
                5.0
            ],
            "end": [
                -13.104787736350078,
                -102.77746167632145,
                5.0
            ],
            "length": 5.7272497722403,
            "solid_ids": [
                1,
                5
            ],
            "preferred_normal": [
                -0.002852877949486236,
                -0.9238751277530308,
                0.3826834323650897
            ]
        },
        "12": {
            "type": "line",
            "start": [
                -12.6730730348891,
                37.028895982828,
                5.0
            ],
            "end": [
                -13.104787736348552,
                -102.77746167630002,
                5.0
            ],
            "length": 139.80702421371925,
            "solid_ids": [
                1,
                5
            ],
            "preferred_normal": [
                -0.9238751277530308,
                0.0028528779494862364,
                0.3826834323650899
            ]
        },
        "13": {
            "type": "line",
            "start": [
                -74.1615787143291,
                37.218769264108,
                5.0
            ],
            "end": [
                -74.59329341578848,
                -102.58758839500001,
                5.0
            ],
            "length": 139.80702421369924,
            "solid_ids": [
                1,
                4
            ],
            "preferred_normal": [
                0.9238751277530308,
                -0.0028528779494862364,
                0.3826834323650899
            ]
        },
        "14": {
            "type": "line",
            "start": [
                -74.16157871432999,
                37.21876926410774,
                5.0
            ],
            "end": [
                -81.78811105984,
                37.24231959608006,
                5.0
            ],
            "length": 7.626568706518449,