{
    "contact_edges": {
        "1": {
            "type": "line",
            "start": [
                2.358290805627,
                9.996903883597,
                5.0
            ],
            "end": [
                -14.459482345901172,
                7.339241441622428,
                5.0
            ],
            "length": 17.02646949404791,
            "solid_ids": [
                1,
                2
            ],
            "preferred_normal": [
                0.1442084006506818,
                -0.9125553834014931,
                0.38268343236508984
            ]
        },
        "2": {
            "type": "line",
            "start": [
                2.358290805627,
                9.996903883597,
                5.0
            ],
            "end": [
                -14.632000100540626,
                117.51200953640625,
                5.0
            ],
            "length": 108.84928997752323,
            "solid_ids": [
                1,
                2
            ],
            "preferred_normal": [
                0.9125553834014931,
                0.1442084006506818,
                0.38268343236508984
            ]
        },
        "3": {
            "type": "line",
            "start": [
                -14.4594823459,
                7.339241441615,
                5.0
            ],
            "end": [
                -31.449773252066464,
                114.85434709441691,
                5.0
            ],
            "length": 108.8492899775158,
            "solid_ids": [
                1,
                2
            ],
            "preferred_normal": [
                -0.9125553834014931,
                -0.1442084006506818,
                0.38268343236508984
            ]
        },
        "4": {
            "type": "line",
            "start": [
                -14.63200010058,
                117.5120095364,
                5.0
            ],
            "end": [
                -31.449773252112333,
                114.85434709442477,
                5.0
            ],
            "length": 17.026469494052126,
            "solid_ids": [
                1,
                2
            ],
            "preferred_normal": [
                -0.1442084006506818,
                0.9125553834014931,
                0.38268343236508984
            ]
        }
    }
}