{
  "welds": [
    {
      "start": {
        "xyz": [
          69.873089811649,
          94.780543562442,
          5.0
        ],
        "pose": [
          0.7765495113555706,
          0.2522647876341269,
          0.5773502691896257
        ]
      },
      "end": {
        "xyz": [
          56.10108790768271,
          101.79876854279335,
          5.0
        ],
        "pose": [
          -0.2522647876341269,
          0.7765495113555706,
          0.5773502691896257
        ]
      }
    },
    {
      "start": {
        "xyz": [
          56.10108790768271,
          101.79876854279335,
          5.0
        ],
        "pose": [
          -0.2522647876341269,
          0.7765495113555706,
          0.5773502691896257
        ]
      },
      "end": {
        "xyz": [
          6.319777193200877,
          4.1119164027077995,
          5.0
        ],
        "pose": [
          -0.7765495113555706,
          -0.2522647876341269,
          0.5773502691896257
        ]
      }
    },
    {
      "start": {
        "xyz": [
          6.319777193200877,
          4.1119164027077995,
          5.0
        ],
        "pose": [
          -0.7765495113555706,
          -0.2522647876341269,
          0.5773502691896257
        ]
      },
      "end": {
        "xyz": [
          20.091779097186958,
          -2.9063085776536606,
          5.0
        ],
        "pose": [
          0.2522647876341269,
          -0.7765495113555706,
          0.5773502691896257
        ]
      }
    },
    {
      "start": {
        "xyz": [
          20.091779097186958,
          -2.9063085776536606,
          5.0
        ],
        "pose": [
          0.2522647876341269,
          -0.7765495113555706,
          0.5773502691896257
        ]
      },
      "end": {
        "xyz": [
          69.873089811649,
          94.780543562442,
          5.0
        ],
        "pose": [
          0.7765495113555706,
          0.2522647876341269,
          0.5773502691896257
        ]
      }
    }
  ]
}