{
    "contact_edges": {
        "1": {
            "type": "line",
            "start": [
                -85.09356887132,
                80.963851031887,
                5.0
            ],
            "end": [
                -135.4085990856716,
                -57.43228373256399,
                5.0
            ],
            "length": 147.25859018478752,
            "solid_ids": [
                1,
                2
            ],
            "preferred_normal": [
                0.8682777427592043,
                -0.3156693713717798,
                0.3826834323650898
            ]
        },
        "2": {
            "type": "line",
            "start": [
                -85.09356887132,
                80.963851031887,
                5.0
            ],
            "end": [
                -95.23375168194971,
                84.65039621874678,
                5.0
            ],
            "length": 10.789528388569597,
            "solid_ids": [
                1,
                2
            ],
            "preferred_normal": [
                0.3156693713717798,
                0.8682777427592043,
                0.3826834323650898
            ]
        },
        "3": {
            "type": "line",
            "start": [
                -135.4085990856,
                -57.43228373259,
                5.0
            ],
            "end": [
                -145.54878189628866,
                -53.745738545708804,
                5.0
            ],
            "length": 10.789528388632315,
            "solid_ids": [
                1,
                2
            ],
            "preferred_normal": [
                -0.3156693713717798,
                -0.8682777427592043,
                0.3826834323650898
            ]
        },
        "4": {
            "type": "line",
            "start": [
                -95.23375168195,
                84.650396218746,
                5.0
            ],
            "end": [
                -145.54878189631265,
                -53.74573854573542,
                5.0
            ],
            "length": 147.25859018481987,
            "solid_ids": [
                1,
                2
            ],
            "preferred_normal": [
                -0.8682777427592043,
                0.3156693713717798,
                0.3826834323650898
            ]
        }
    }
}