{
    "contact_edges": {
        "1": {
            "type": "line",
            "start": [
                124.61647465063,
                -51.36047978109,
                5.0
            ],
            "end": [
                112.34018518412923,
                -57.01909531508832,
                5.0
            ],
            "length": 13.517662994279924,
            "solid_ids": [
                1,
                2
            ],
            "preferred_normal": [
                0.38674429717797243,
                -0.8390364945540748,
                0.38268343236508984
            ]
        },
        "2": {
            "type": "line",
            "start": [
                124.61647465063,
                -51.36047978109,
                5.0
            ],
            "end": [
                32.51371829363508,
                148.4551979067942,
                5.0
            ],
            "length": 220.02095986161044,
            "solid_ids": [
                1,
                2
            ],
            "preferred_normal": [
                0.8390364945540747,
                0.3867442971779724,
                0.3826834323650898
            ]
        },
        "3": {
            "type": "line",
            "start": [
                112.34018518413,
                -57.01909531509,
                5.0
            ],
            "end": [
                20.23742882713472,
                142.796582372795,
                5.0
            ],
            "length": 220.02095986161132,
            "solid_ids": [
                1,
                2
            ],
            "preferred_normal": [
                -0.8390364945540747,
                -0.3867442971779724,
                0.3826834323650898
            ]
        },
        "4": {
            "type": "line",
            "start": [
                32.513718293626,
                148.45519790679,
                5.0
            ],
            "end": [
                20.237428827123573,
                142.7965823727909,
                5.0
            ],
            "length": 13.517662994281752,
            "solid_ids": [
                1,
                2
            ],
            "preferred_normal": [
                -0.38674429717797243,
                0.8390364945540748,
                0.38268343236508984
            ]
        },
        "5": {
            "type": "line",
            "start": [
                7.421446997756,
                -122.8577675846,
                5.0
            ],
            "end": [
                -8.329671407846272,
                -130.11806586373413,
                5.0
            ],
            "length": 17.343865259200463,
            "solid_ids": [
                1,
                3
            ],
            "preferred_normal": [
                0.38674429717797243,
                -0.8390364945540748,
                0.38268343236508984
            ]
        },
        "6": {
            "type": "line",
            "start": [
                7.421446997756,
                -122.8577675846,
                5.0
            ],
            "end": [
                -115.22982859920211,
                143.23250725686907,
                5.0
            ],
            "length": 292.9972180256487,
            "solid_ids": [
                1,
                3
            ],
            "preferred_normal": [
                0.8390364945540747,
                0.3867442971779724,
                0.3826834323650898
            ]
        },
        "7": {
            "type": "line",
            "start": [
                -8.329671407862,
                -130.1180658637,
                5.0
            ],
            "end": [
                -130.98094700480175,
                135.97220897772922,
                5.0
            ],
            "length": 292.9972180256048,
            "solid_ids": [
                1,
                3
            ],
            "preferred_normal": [
                -0.8390364945540747,
                -0.3867442971779724,
                0.3826834323650898
            ]
        },
        "8": {
            "type": "line",
            "start": [
                -115.2298285992,
                143.23250725687,
                5.0
            ],
            "end": [
                -130.98094700480263,
                135.97220897773573,
                5.0
            ],
            "length": 17.343865259200843,
            "solid_ids": [
                1,
                3
            ],
            "preferred_normal": [
                -0.38674429717797243,
                0.8390364945540748,
                0.38268343236508984
            ]
        }
    }
}