{
    "contact_edges": {
        "1": {
            "type": "line",
            "start": [
                -36.71406046254,
                -103.893893438,
                5.0
            ],
            "end": [
                -48.76350811768964,
                -103.53655886618775,
                5.0
            ],
            "length": 12.054744990683272,
            "solid_ids": [
                1,
                2
            ],
            "preferred_normal": [
                -0.02738623649120609,
                -0.9234735430125335,
                0.3826834323650899
            ]
        },
        "2": {
            "type": "line",
            "start": [
                -36.71406046254,
                -103.893893438,
                5.0
            ],
            "end": [
                -30.836718041695097,
                94.29216365744387,
                5.0
            ],
            "length": 198.27318623800446,
            "solid_ids": [
                1,
                2
            ],
            "preferred_normal": [
                0.9234735430125335,
                -0.02738623649120609,
                0.3826834323650899
            ]
        },
        "3": {
            "type": "line",
            "start": [
                -48.76350811769,
                -103.5365588662,
                5.0
            ],
            "end": [
                -42.886165696844735,
                94.64949822925615,
                5.0
            ],
            "length": 198.27318623801673,
            "solid_ids": [
                1,
                2
            ],
            "preferred_normal": [
                -0.9234735430125335,
                0.02738623649120609,
                0.3826834323650899
            ]
        },
        "4": {
            "type": "line",
            "start": [
                -30.8367180417,
                94.292163657444,
                5.0
            ],
            "end": [
                -42.88616569684,
                94.64949822925597,
                5.0
            ],
            "length": 12.05474499067363,
            "solid_ids": [
                1,
                2
            ],
            "preferred_normal": [
                0.02738623649120609,
                0.9234735430125335,
                0.3826834323650899
            ]
        },
        "5": {
            "type": "line",
            "start": [
                40.744077122144,
                43.844376009996,
                5.0
            ],
            "end": [
                -22.272964262549994,
                45.71318926555229,
                5.0
            ],
            "length": 63.04474575937616,
            "solid_ids": [
                1,
                3
            ],
            "preferred_normal": [
                -0.02738623649120609,
                -0.9234735430125335,
                0.3826834323650899
            ]
        },
        "6": {
            "type": "line",
            "start": [
                40.744077122144,
                43.844376009996,
                5.0
            ],
            "end": [
                40.97826705675898,
                51.741343113388,
                5.0
            ],
            "length": 7.9004388711976254,
            "solid_ids": [
                1,
                3
            ],
            "preferred_normal": [
                0.9234735430125335,
                -0.02738623649120609,
                0.3826834323650899
            ]
        },
        "7": {
            "type": "line",
            "start": [
                -22.272964262546026,
                45.7131892655519,
                5.0
            ],
            "end": [
                -22.03877432793104,
                53.610156368944054,
                5.0
            ],
            "length": 7.900438871197783,
            "solid_ids": [
                1,
                3
            ],
            "preferred_normal": [
                -0.9234735430125335,
                0.02738623649120609,
                0.3826834323650899
            ]
        },
        "8": {
            "type": "line",
            "start": [
                40.978267056759,
                51.741343113388,
                5.0
            ],
            "end": [
                -22.038774327930003,
                53.61015636894414,
                5.0
            ],
            "length": 63.044745759371175,
            "solid_ids": [
                1,
                3
            ],
            "preferred_normal": [
                0.02738623649120609,
                0.9234735430125335,
                0.3826834323650899
            ]
        },
        "9": {
            "type": "line",
            "start": [
                -32.26856986388,
                46.009615753287,
                15.0
            ],
            "end": [
                -32.26856986388,
                46.009615753287,
                68.300455529577
            ],
            "length": 53.30045552957699,
            "solid_ids": [
                2,
                3
            ],
            "preferred_normal": [
                0.3551290295173191,
                -0.9348172935895479,
                0.0
            ]
        },
        "10": {
            "type": "line",
            "start": [
                -32.268569863875875,
                46.009615753286894,
                15.0
            ],
            "end": [
                -32.03437992926089,
                53.90658285667905,
                15.0
            ],
            "length": 7.900438871197782,
            "solid_ids": [
                2,
                3
            ],
            "preferred_normal": [
                0.38251526600852526,
                -0.01134375057701453,
                -0.9238795325112866
            ]
        },
        "11": {
            "type": "line",
            "start": [
                -32.26856986388,
                46.009615753287,
                68.300455529577
            ],
            "end": [
                -32.03437992926502,
                53.90658285667915,
                68.300455529577
            ],
            "length": 7.900438871197775,
            "solid_ids": [
                2,
                3
            ],
            "preferred_normal": [
                0.38251526600852526,
                -0.01134375057701453,
                0.9238795325112866
            ]
        },
        "12": {
            "type": "line",
            "start": [
                -32.03437992926,
                53.906582856679,
                15.0
            ],
            "end": [
                -32.03437992926,
                53.906582856679,
                68.300455529577
            ],
            "length": 53.30045552957699,
            "solid_ids": [
                2,
                3
            ],
            "preferred_normal": [
                0.40990150249973134,
                0.9121297924355188,
                0.0
            ]
        }
    }
}