{
    "contact_edges": {
        "1": {
            "type": "line",
            "start": [
                -77.50264193075,
                -116.8690974956,
                5.0
            ],
            "end": [
                -127.04487181497916,
                100.11740137364481,
                5.0
            ],
            "length": 222.57037815808866,
            "solid_ids": [
                1,
                2
            ],
            "preferred_normal": [
                -0.9007011031548328,
                -0.2056475464695387,
                0.38268343236508984
            ]
        },
        "2": {
            "type": "line",
            "start": [
                -77.50264193075,
                -116.8690974956,
                5.0
            ],
            "end": [
                -65.30597481987186,
                -114.08436162964799,
                5.0
            ],
            "length": 12.510533260284951,
            "solid_ids": [
                1,
                2
            ],
            "preferred_normal": [
                0.2056475464695387,
                -0.9007011031548328,
                0.38268343236508984
            ]
        },
        "3": {
            "type": "line",
            "start": [
                -127.044871815,
                100.11740137364,
                5.0
            ],
            "end": [
                -114.84820470409935,
                102.90213723959715,
                5.0
            ],
            "length": 12.510533260308037,
            "solid_ids": [
                1,
                2
            ],
            "preferred_normal": [
                -0.2056475464695387,
                0.9007011031548328,
                0.38268343236508984
            ]
        },
        "4": {
            "type": "line",
            "start": [
                -65.30597481986,
                -114.0843616297,
                5.0
            ],
            "end": [
                -114.84820470410169,
                102.90213723959968,
                5.0
            ],
            "length": 222.57037815814493,
            "solid_ids": [
                1,
                2
            ],
            "preferred_normal": [
                0.9007011031548328,
                0.2056475464695387,
                0.38268343236508984
            ]
        },
        "5": {
            "type": "line",
            "start": [
                -90.22779193882,
                39.994323191627004,
                5.0
            ],
            "end": [
                -7.883743410035093,
                58.79506795256938,
                5.0
            ],
            "length": 84.46307081604947,
            "solid_ids": [
                1,
                3
            ],
            "preferred_normal": [
                0.2056475464695387,
                -0.9007011031548328,
                0.38268343236508984
            ]
        },
        "6": {
            "type": "line",
            "start": [
                -90.22779193880915,
                39.9943231916295,
                5.0
            ],
            "end": [
                -91.22249617500972,
                44.35095772600437,
                5.0
            ],
            "length": 4.468747138026844,
            "solid_ids": [
                1,
                3
            ],
            "preferred_normal": [
                -0.9007011031548328,
                -0.2056475464695387,
                0.38268343236508984
            ]
        },
        "7": {
            "type": "line",
            "start": [
                -7.883743410038,
                58.795067952582,
                5.0
            ],
            "end": [
                -8.878447646238634,
                63.151702486957085,
                5.0
            ],
            "length": 4.468747138027064,
            "solid_ids": [
                1,
                3
            ],
            "preferred_normal": [
                0.9007011031548328,
                0.2056475464695387,
                0.38268343236508984
            ]
        },
        "8": {
            "type": "line",
            "start": [
                -91.222496175019,
                44.35095772599766,
                5.0
            ],
            "end": [
                -8.878447646235042,
                63.151702486939826,
                5.0
            ],
            "length": 84.46307081604849,
            "solid_ids": [
                1,
                3
            ],
            "preferred_normal": [
                -0.2056475464695387,
                0.9007011031548328,
                0.38268343236508984
            ]
        },
        "9": {
            "type": "line",
            "start": [
                -99.97691042732,
                37.768410188547,
                15.0
            ],
            "end": [
                -99.97691042732,
                37.768410188547,
                49.448591987711
            ],
            "length": 34.448591987711,
            "solid_ids": [
                2,
                3
            ],
            "preferred_normal": [
                0.5787301590406785,
                -0.8155191003383985,
                0.0
            ]
        },
        "10": {
            "type": "line",
            "start": [
                -99.97691042730915,
                37.768410188549495,
                15.0
            ],
            "end": [
                -100.97161466350875,
                42.12504472292003,
                15.0
            ],
            "length": 4.4687471380224,
            "solid_ids": [
                2,
                3
            ],
            "preferred_normal": [
                0.9749118488495461,
                0.22259130030789637,
                0.0
            ]
        },
        "11": {
            "type": "line",
            "start": [
                -99.97691042732,
                37.768410188547,
                49.448591987711
            ],
            "end": [
                -100.9716146635196,
                42.12504472291753,
                49.448591987711
            ],
            "length": 4.468747138022393,
            "solid_ids": [
                2,
                3
            ],
            "preferred_normal": [
                0.37308261257113995,
                0.08518200281643426,
                0.9238795325112866
            ]
        },
        "12": {
            "type": "line",
            "start": [
                -100.9716146635,
                42.125044722922,
                15.0
            ],
            "end": [
                -100.9716146635,
                42.125044722922,
                49.448591987711
            ],
            "length": 34.448591987711,
            "solid_ids": [
                2,
                3
            ],
            "preferred_normal": [
                0.16743506610160117,
                0.9858831059712669,
                0.0
            ]
        }
    }
}