{
    "contact_edges": {
        "1": {
            "type": "line",
            "start": [
                89.121891394949,
                -163.0515523739,
                5.0
            ],
            "end": [
                87.16586807507142,
                -175.1312797720999,
                5.0
            ],
            "length": 12.237068327125025,
            "solid_ids": [
                1,
                2
            ],
            "preferred_normal": [
                0.9120005382967974,
                -0.14767670344243705,
                0.38268343236508984
            ]
        },
        "2": {
            "type": "line",
            "start": [
                89.121891394949,
                -163.0515523739,
                5.0
            ],
            "end": [
                -121.88459252210875,
                -128.88409233265398,
                5.0
            ],
            "length": 213.75488668264333,
            "solid_ids": [
                1,
                2
            ],
            "preferred_normal": [
                0.14767670344243705,
                0.9120005382967974,
                0.38268343236508984
            ]
        },
        "3": {
            "type": "line",
            "start": [
                87.165868075072,
                -175.1312797721,
                5.0
            ],
            "end": [
                -123.84061584200818,
                -140.96381973085033,
                5.0
            ],
            "length": 213.75488668266607,
            "solid_ids": [
                1,
                2
            ],
            "preferred_normal": [
                -0.14767670344243705,
                -0.9120005382967974,
                0.38268343236508984
            ]
        },
        "4": {
            "type": "line",
            "start": [
                -121.8845925221,
                -128.8840923326,
                5.0
            ],
            "end": [
                -123.84061584197816,
                -140.96381973080352,
                5.0
            ],
            "length": 12.23706832712868,
            "solid_ids": [
                1,
                2
            ],
            "preferred_normal": [
                -0.9120005382967974,
                0.14767670344243705,
                0.38268343236508984
            ]
        }
    }
}