{
    "contact_edges": {
        "1": {
            "type": "line",
            "start": [
                197.5257810621,
                -120.2312153771,
                5.0
            ],
            "end": [
                -127.57388588940009,
                -120.95205223838833,
                5.0
            ],
            "length": 325.10046609895363,
            "solid_ids": [
                1,
                2
            ],
            "preferred_normal": [
                0.002048494209852244,
                -0.9238772614718612,
                0.38268343236508984
            ]
        },
        "2": {
            "type": "line",
            "start": [
                197.5257810621,
                -120.2312153771,
                5.0
            ],
            "end": [
                197.49282937831796,
                -105.3699034793,
                5.0
            ],
            "length": 14.861348429303302,
            "solid_ids": [
                1,
                2
            ],
            "preferred_normal": [
                0.9238772614718612,
                0.002048494209852244,
                0.38268343236508984
            ]
        },
        "3": {
            "type": "line",
            "start": [
                -127.5738858894,
                -120.9520522384,
                5.0
            ],
            "end": [
                -127.60683757318228,
                -106.09074034049996,
                5.0
            ],
            "length": 14.861348429403346,
            "solid_ids": [
                1,
                2
            ],
            "preferred_normal": [
                -0.9238772614718612,
                -0.002048494209852244,
                0.38268343236508984
            ]
        },
        "4": {
            "type": "line",
            "start": [
                197.49282937832,
                -105.3699034793,
                5.0
            ],
            "end": [
                -127.60683757319987,
                -106.09074034058838,
                5.0
            ],
            "length": 325.1004660989734,
            "solid_ids": [
                1,
                2
            ],
            "preferred_normal": [
                -0.002048494209852244,
                0.9238772614718612,
                0.38268343236508984
            ]
        },
        "5": {
            "type": "line",
            "start": [
                -92.5962145328,
                11.321090077156,
                15.0
            ],
            "end": [
                -92.5962145328,
                11.321090077156,
                59.693206692818
            ],
            "length": 44.693206692818,
            "solid_ids": [
                3,
                5
            ],
            "preferred_normal": [
                0.9247257755560248,
                -0.380633997459907,
                0.0
            ]
        },
        "6": {
            "type": "line",
            "start": [
                -92.59621453280003,
                11.32109007715686,
                15.0
            ],
            "end": [
                -99.36613248618004,
                11.306079276147884,
                15.0
            ],
            "length": 6.769934594931018,
            "solid_ids": [
                3,
                5
            ],
            "preferred_normal": [
                0.0008485140841635562,
                -0.3826824916697588,
                -0.9238795325112868
            ]
        },
        "7": {
            "type": "line",
            "start": [
                -92.5962145328,
                11.321090077156,
                59.693206692818
            ],
            "end": [
                -99.36613248618,
                11.306079276147022,
                59.693206692818
            ],
            "length": 6.769934594931018,
            "solid_ids": [
                3,
                5
            ],
            "preferred_normal": [
                0.0008485140841635571,
                -0.3826824916697592,
                0.9238795325112866
            ]
        },
        "8": {
            "type": "line",
            "start": [
                -99.36613248618,
                11.306079276147,
                15.0
            ],
            "end": [
                -99.36613248618,
                11.306079276147,
                59.693206692818
            ],
            "length": 44.693206692818,
            "solid_ids": [
                3,
                5
            ],
            "preferred_normal": [
                -0.9230287473876977,
                -0.3847309858796114,
                0.0
            ]
        },
        "9": {
            "type": "line",
            "start": [
                -92.35822582010076,
                -96.01255973101,
                5.0
            ],
            "end": [
                -92.57404179125403,
                1.3211146587100062,
                5.0
            ],
            "length": 97.33391365160162,
            "solid_ids": [
                1,
                5
            ],
            "preferred_normal": [
                0.9238772614718612,
                0.002048494209852244,
                0.38268343236508984
            ]
        },
        "10": {
            "type": "line",
            "start": [
                -92.35822582010003,
                -96.01255973101016,
                5.0
            ],
            "end": [
                -99.12814377348003,
                -96.02757053201913,
                5.0
            ],
            "length": 6.769934594931018,
            "solid_ids": [
                1,
                5
            ],
            "preferred_normal": [
                0.002048494209852244,
                -0.9238772614718612,
                0.38268343236508984
            ]
        },
        "11": {
            "type": "line",
            "start": [
                -92.57404179125002,
                1.3211146587098594,
                5.0
            ],
            "end": [
                -99.34395974463003,
                1.3061038577008812,
                5.0
            ],
            "length": 6.769934594931018,
            "solid_ids": [
                1,
                5
            ],
            "preferred_normal": [
                -0.002048494209852244,
                0.9238772614718612,
                0.3826834323650898
            ]
        },
        "12": {
            "type": "line",
            "start": [
                -99.12814377347074,
                -96.02757053201996,
                5.0
            ],
            "end": [
                -99.34395974462403,
                1.3061038577010367,
                5.0
            ],
            "length": 97.33391365160261,
            "solid_ids": [
                1,
                5
            ],
            "preferred_normal": [
                -0.9238772614718612,
                -0.002048494209852244,
                0.38268343236508984
            ]
        },
        "13": {
            "type": "line",
            "start": [
                42.93326328040429,
                -95.71258067143,
                5.0
            ],
            "end": [
                42.71744730925101,
                1.6210937182910117,
                5.0
            ],
            "length": 97.33391365160263,
            "solid_ids": [
                1,
                4
            ],
            "preferred_normal": [
                0.9238772614718612,
                0.002048494209852244,
                0.38268343236508984
            ]
        },
        "14": {
            "type": "line",
            "start": [
                42.93326328040397,
                -95.71258067143013,
                5.0
            ],
            "end": [
                34.898099538337995,
                -95.73039687612233,
                5.0
            ],
            "length": 8.035183493795355,