{
    "contact_edges": {
        "1": {
            "type": "line",
            "start": [
                -144.0328425371,
                51.501870659284,
                5.0
            ],
            "end": [
                -156.5956201530983,
                53.38649990739513,
                5.0
            ],
            "length": 12.70335423547119,
            "solid_ids": [
                1,
                2
            ],
            "preferred_normal": [
                -0.13706383026304844,
                -0.9136557869498205,
                0.3826834323650898
            ]
        },
        "2": {
            "type": "line",
            "start": [
                -144.0328425371,
                51.501870659284,
                5.0
            ],
            "end": [
                -122.38721412325303,
                195.78978107680297,
                5.0
            ],
            "length": 145.90248223414267,
            "solid_ids": [
                1,
                2
            ],
            "preferred_normal": [
                0.9136557869498205,
                -0.13706383026304844,
                0.3826834323650898
            ]
        },
        "3": {
            "type": "line",
            "start": [
                -156.5956201531,
                53.386499907384,
                5.0
            ],
            "end": [
                -134.9499917392508,
                197.6744103249177,
                5.0
            ],
            "length": 145.90248223415756,
            "solid_ids": [
                1,
                2
            ],
            "preferred_normal": [
                -0.9136557869498205,
                0.13706383026304844,
                0.3826834323650898
            ]
        },
        "4": {
            "type": "line",
            "start": [
                -122.3872141233,
                195.78978107681,
                5.0
            ],
            "end": [
                -134.94999173920053,
                197.67441032490643,
                5.0
            ],
            "length": 12.703354235372323,
            "solid_ids": [
                1,
                2
            ],
            "preferred_normal": [
                0.13706383026304844,
                0.9136557869498205,
                0.3826834323650898
            ]
        },
        "5": {
            "type": "line",
            "start": [
                94.929517137529,
                -115.7056662112,
                5.0
            ],
            "end": [
                79.84397479828529,
                -113.44257956068476,
                5.0
            ],
            "length": 15.254348522859146,
            "solid_ids": [
                1,
                3
            ],
            "preferred_normal": [
                -0.13706383026304844,
                -0.9136557869498205,
                0.3826834323650898
            ]
        },
        "6": {
            "type": "line",
            "start": [
                94.929517137529,
                -115.7056662112,
                5.0
            ],
            "end": [
                138.85273714425202,
                177.08276720405675,
                5.0
            ],
            "length": 296.0647158942099,
            "solid_ids": [
                1,
                3
            ],
            "preferred_normal": [
                0.9136557869498205,
                -0.13706383026304844,
                0.3826834323650898
            ]
        },
        "7": {
            "type": "line",
            "start": [
                79.843974798298,
                -113.4425795606,
                5.0
            ],
            "end": [
                123.76719480500762,
                179.34585385456745,
                5.0
            ],
            "length": 296.0647158941196,
            "solid_ids": [
                1,
                3
            ],
            "preferred_normal": [
                -0.9136557869498205,
                0.13706383026304844,
                0.3826834323650898
            ]
        },
        "8": {
            "type": "line",
            "start": [
                138.85273714423,
                177.08276720406,
                5.0
            ],
            "end": [
                123.76719480499068,
                179.34585385457456,
                5.0
            ],
            "length": 15.254348522854691,
            "solid_ids": [
                1,
                3
            ],
            "preferred_normal": [
                0.13706383026304844,
                0.9136557869498205,
                0.3826834323650898
            ]
        },
        "9": {
            "type": "line",
            "start": [
                -8.705551311865,
                -183.7248770791,
                5.0
            ],
            "end": [
                -18.666808731027057,
                -182.23051988724703,
                5.0
            ],
            "length": 10.072723206147076,
            "solid_ids": [
                1,
                4
            ],
            "preferred_normal": [
                -0.13706383026304844,
                -0.9136557869498205,
                0.3826834323650898
            ]
        },
        "10": {
            "type": "line",
            "start": [
                -8.705551311865,
                -183.7248770791,
                5.0
            ],
            "end": [
                22.918275243100364,
                27.07684998478289,
                5.0
            ],
            "length": 213.1605839246419,
            "solid_ids": [
                1,
                4
            ],
            "preferred_normal": [
                0.9136557869498205,
                -0.13706383026304844,
                0.3826834323650898
            ]
        },
        "11": {
            "type": "line",
            "start": [
                -18.66680873102,
                -182.2305198872,
                5.0
            ],
            "end": [
                12.957017823938173,
                28.571207176634974,
                5.0
            ],
            "length": 213.16058392459345,
            "solid_ids": [
                1,
                4
            ],
            "preferred_normal": [
                -0.9136557869498205,
                0.13706383026304844,
                0.3826834323650898
            ]
        },
        "12": {
            "type": "line",
            "start": [
                22.918275243086,
                27.076849984785,
                5.0
            ],
            "end": [
                12.957017823931134,
                28.571207176636904,
                5.0
            ],
            "length": 10.072723206139807,
            "solid_ids": [
                1,
                4
            ],
            "preferred_normal": [
                0.13706383026304844,
                0.9136557869498205,
                0.3826834323650898
            ]
        }
    }
}