{
    "contact_edges": {
        "1": {
            "type": "line",
            "start": [
                46.602505158396,
                -102.8555943869,
                5.0
            ],
            "end": [
                32.489865995825426,
                -112.8302624347808,
                5.0
            ],
            "length": 17.281799292849545,
            "solid_ids": [
                1,
                2
            ],
            "preferred_normal": [
                0.5332426037863035,
                -0.754457232784256,
                0.38268343236508984
            ]
        },
        "2": {
            "type": "line",
            "start": [
                46.602505158396,
                -102.8555943869,
                5.0
            ],
            "end": [
                -73.98331849635557,
                67.75501733390135,
                5.0
            ],
            "length": 208.92324355667293,
            "solid_ids": [
                1,
                2
            ],
            "preferred_normal": [
                0.754457232784256,
                0.5332426037863035,
                0.38268343236508984
            ]
        },
        "3": {
            "type": "line",
            "start": [
                32.489865995839,
                -112.8302624348,
                5.0
            ],
            "end": [
                -88.09595765892675,
                57.78034928602142,
                5.0
            ],
            "length": 208.9232435566975,
            "solid_ids": [
                1,
                2
            ],
            "preferred_normal": [
                -0.754457232784256,
                -0.5332426037863035,
                0.38268343236508984
            ]
        },
        "4": {
            "type": "line",
            "start": [
                -73.98331849639,
                67.755017333877,
                5.0
            ],
            "end": [
                -88.09595765894937,
                57.78034928600411,
                5.0
            ],
            "length": 17.28179929283583,
            "solid_ids": [
                1,
                2
            ],
            "preferred_normal": [
                -0.5332426037863035,
                0.754457232784256,
                0.38268343236508984
            ]
        }
    }
}