{
    "contact_edges": {
        "1": {
            "type": "line",
            "start": [
                126.76549920822,
                73.249238742526,
                5.0
            ],
            "end": [
                110.29034555265355,
                -120.34536435010035,
                5.0
            ],
            "length": 194.29436696560725,
            "solid_ids": [
                1,
                2
            ],
            "preferred_normal": [
                0.9205521199365705,
                -0.07834018811286837,
                0.3826834323650898
            ]
        },
        "2": {
            "type": "line",
            "start": [
                126.76549920822,
                73.249238742526,
                5.0
            ],
            "end": [
                112.88699109612999,
                74.43031791520991,
                5.0
            ],
            "length": 13.92867313958857,
            "solid_ids": [
                1,
                2
            ],
            "preferred_normal": [
                0.07834018811286837,
                0.9205521199365705,
                0.3826834323650898
            ]
        },
        "3": {
            "type": "line",
            "start": [
                110.29034555265,
                -120.3453643501,
                5.0
            ],
            "end": [
                96.41183744057007,
                -119.16428517741696,
                5.0
            ],
            "length": 13.928673139578443,
            "solid_ids": [
                1,
                2
            ],
            "preferred_normal": [
                -0.07834018811286837,
                -0.9205521199365705,
                0.3826834323650898
            ]
        },
        "4": {
            "type": "line",
            "start": [
                112.88699109613,
                74.43031791521,
                5.0
            ],
            "end": [
                96.41183744055647,
                -119.16428517749948,
                5.0
            ],
            "length": 194.29436696569067,
            "solid_ids": [
                1,
                2
            ],
            "preferred_normal": [
                -0.9205521199365705,
                0.07834018811286837,
                0.3826834323650898
            ]
        },
        "5": {
            "type": "line",
            "start": [
                90.45117431694084,
                -71.27450675331198,
                5.0
            ],
            "end": [
                -35.59052480363975,
                -60.54819348399681,
                5.0
            ],
            "length": 126.49728737626927,
            "solid_ids": [
                1,
                4
            ],
            "preferred_normal": [
                0.07834018811286837,
                0.9205521199365705,
                0.3826834323650898
            ]
        },
        "6": {
            "type": "line",
            "start": [
                90.45117431693659,
                -71.27450675330965,
                5.0
            ],
            "end": [
                90.04585491668291,
                -76.03729379968966,
                5.0
            ],
            "length": 4.780002538219748,
            "solid_ids": [
                1,
                4
            ],
            "preferred_normal": [
                0.9205521199365705,
                -0.07834018811286837,
                0.38268343236508984
            ]
        },
        "7": {
            "type": "line",
            "start": [
                -35.590524803634,
                -60.54819348400055,
                5.0
            ],
            "end": [
                -35.99584420388765,
                -65.31098053038022,
                5.0
            ],
            "length": 4.7800025382194065,
            "solid_ids": [
                1,
                4
            ],
            "preferred_normal": [
                -0.9205521199365705,
                0.07834018811286837,
                0.3826834323650898
            ]
        },
        "8": {
            "type": "line",
            "start": [
                90.04585491668679,
                -76.03729379969248,
                5.0
            ],
            "end": [
                -35.995844203889824,
                -65.31098053037766,
                5.0
            ],
            "length": 126.49728737626529,
            "solid_ids": [
                1,
                4
            ],
            "preferred_normal": [
                -0.07834018811286837,
                -0.9205521199365705,
                0.3826834323650898
            ]
        },
        "9": {
            "type": "line",
            "start": [
                -45.55450914945,
                -59.70024539817,
                15.0
            ],
            "end": [
                -45.55450914945,
                -59.70024539817,
                48.191708305998
            ],
            "length": 33.191708305998,
            "solid_ids": [
                3,
                4
            ],
            "preferred_normal": [
                0.4596453610618999,
                0.8881025515413609,
                0.0
            ]
        },
        "10": {
            "type": "line",
            "start": [
                -45.55450914945376,
                -59.70024539816969,
                15.0
            ],
            "end": [
                -45.95982854970748,
                -64.46303244455024,
                15.0
            ],
            "length": 4.780002538220284,
            "solid_ids": [
                3,
                4
            ],
            "preferred_normal": [
                0.3813051729490313,
                -0.032449568395209585,
                -0.9238795325112868
            ]
        },
        "11": {
            "type": "line",
            "start": [
                -45.55450914945,
                -59.70024539817,
                48.191708305998
            ],
            "end": [
                -45.95982854970372,
                -64.46303244455054,
                48.191708305998
            ],
            "length": 4.780002538220277,
            "solid_ids": [
                3,
                4
            ],
            "preferred_normal": [
                0.3813051729490316,
                -0.03244956839520961,
                0.9238795325112867
            ]
        },
        "12": {
            "type": "line",
            "start": [
                -45.95982854971,
                -64.46303244455,
                15.0
            ],
            "end": [
                -45.95982854971,
                -64.46303244455,
                48.191708305998
            ],
            "length": 33.191708305998,
            "solid_ids": [
                3,
                4
            ],
            "preferred_normal": [
                0.30296498483616313,
                -0.9530016883317801,
                0.0
            ]
        },
        "13": {
            "type": "line",
            "start": [
                -34.52435975445,
                69.911741161808,
                5.0
            ],
            "end": [
                -47.47963186326103,
                -82.32178662776992,
                5.0
            ],
            "length": 152.78378859903145,
            "solid_ids": [
                1,
                3
            ],
            "preferred_normal": [
                0.9205521199365705,
                -0.07834018811286837,
                0.3826834323650898
            ]
        },
        "14": {
            "type": "line",
            "start": [
                -34.52435975445,
                69.911741161808,
                5.0
            ],
            "end": [
                -43.86834496167,
                70.70692651090904,
                5.0
            ],
            "length": 9.377759822695985,