{
    "contact_edges": {
        "1": {
            "type": "line",
            "start": [
                147.36825143223,
                -54.42056642921,
                5.0
            ],
            "end": [
                135.78410751393838,
                -63.981389976698054,
                5.0
            ],
            "length": 15.020044514777414,
            "solid_ids": [
                1,
                2
            ],
            "preferred_normal": [
                0.5880840886181004,
                -0.7125380658656013,
                0.38268343236508984
            ]
        },
        "2": {
            "type": "line",
            "start": [
                147.36825143223,
                -54.42056642921,
                5.0
            ],
            "end": [
                -1.5812785308626711,
                126.0505805472122,
                5.0
            ],
            "length": 233.9995670235559,
            "solid_ids": [
                1,
                2
            ],
            "preferred_normal": [
                0.7125380658656013,
                0.5880840886181004,
                0.38268343236508984
            ]
        },
        "3": {
            "type": "line",
            "start": [
                135.78410751394,
                -63.9813899767,
                5.0
            ],
            "end": [
                -13.165422449153079,
                116.48975699972269,
                5.0
            ],
            "length": 233.99956702355652,
            "solid_ids": [
                1,
                2
            ],
            "preferred_normal": [
                -0.7125380658656013,
                -0.5880840886181004,
                0.38268343236508984
            ]
        },
        "4": {
            "type": "line",
            "start": [
                -1.581278530829,
                126.05058054724,
                5.0
            ],
            "end": [
                -13.165422449121207,
                116.48975699975146,
                5.0
            ],
            "length": 15.020044514778165,
            "solid_ids": [
                1,
                2
            ],
            "preferred_normal": [
                -0.5880840886181004,
                0.7125380658656013,
                0.38268343236508984
            ]
        },
        "5": {
            "type": "line",
            "start": [
                -6.392919612405,
                -77.06276238522,
                15.0
            ],
            "end": [
                -6.392919612405,
                -77.06276238522,
                68.00919211159
            ],
            "length": 53.009192111589996,
            "solid_ids": [
                3,
                5
            ],
            "preferred_normal": [
                0.8832270192067262,
                -0.46894566054416303,
                0.0
            ]
        },
        "6": {
            "type": "line",
            "start": [
                -6.392919612400392,
                -77.06276238521619,
                15.0
            ],
            "end": [
                -11.044725581126809,
                -71.42651258371737,
                15.0
            ],
            "length": 7.307982662511879,
            "solid_ids": [
                3,
                5
            ],
            "preferred_normal": [
                0.771245644904355,
                0.6365376306362929,
                0.0
            ]
        },
        "7": {
            "type": "line",
            "start": [
                -6.392919612405,
                -77.06276238522,
                68.00919211159
            ],
            "end": [
                -11.044725581131424,
                -71.42651258372118,
                68.00919211159
            ],
            "length": 7.3079826625118836,
            "solid_ids": [
                3,
                5
            ],
            "preferred_normal": [
                0.29514293058862584,
                0.24359240532143836,
                0.9238795325112867
            ]
        },
        "8": {
            "type": "line",
            "start": [
                -11.04472558113,
                -71.42651258372,
                15.0
            ],
            "end": [
                -11.04472558113,
                -71.42651258372,
                68.00919211159
            ],
            "length": 53.009192111589996,
            "solid_ids": [
                3,
                5
            ],
            "preferred_normal": [
                -0.2929411580294745,
                0.9561304711870396,
                0.0
            ]
        },
        "9": {
            "type": "line",
            "start": [
                76.88633842877104,
                -8.329302501336262,
                5.0
            ],
            "end": [
                1.3195368366533635,
                -70.6973860788774,
                5.0
            ],
            "length": 97.98019877504656,
            "solid_ids": [
                1,
                5
            ],
            "preferred_normal": [
                0.5880840886181004,
                -0.7125380658656013,
                0.38268343236508984
            ]
        },
        "10": {
            "type": "line",
            "start": [
                76.8863384287778,
                -8.329302501328554,
                5.0
            ],
            "end": [
                72.23453246005047,
                -2.6930526998286304,
                5.0
            ],
            "length": 7.307982662513312,
            "solid_ids": [
                1,
                5
            ],
            "preferred_normal": [
                0.7125380658656013,
                0.5880840886181004,
                0.3826834323650898
            ]
        },
        "11": {
            "type": "line",
            "start": [
                1.3195368366638371,
                -70.6973860788395,
                5.0
            ],
            "end": [
                -3.3322691320629954,
                -65.06113627734018,
                5.0
            ],
            "length": 7.3079826625125275,
            "solid_ids": [
                1,
                5
            ],
            "preferred_normal": [
                -0.7125380658656013,
                -0.5880840886181004,
                0.38268343236508984
            ]
        },
        "12": {
            "type": "line",
            "start": [
                72.23453246004505,
                -2.693052699835268,
                5.0
            ],
            "end": [
                -3.3322691320731357,
                -65.06113627737682,
                5.0
            ],
            "length": 97.98019877504721,
            "solid_ids": [
                1,
                5
            ],
            "preferred_normal": [
                -0.5880840886181004,
                0.7125380658656013,
                0.38268343236508984
            ]
        },
        "13": {
            "type": "line",
            "start": [
                24.006789015490536,
                55.74094288030014,
                5.0
            ],
            "end": [
                -51.560012576627926,
                -6.627140697241649,
                5.0
            ],
            "length": 97.98019877504758,
            "solid_ids": [
                1,
                4
            ],
            "preferred_normal": [
                0.5880840886181004,
                -0.7125380658656013,
                0.38268343236508984
            ]
        },
        "14": {
            "type": "line",
            "start": [
                24.006789015473586,
                55.74094288028928,
                5.0
            ],
            "end": [
                21.18845760282599,
                59.155706946521796,
                5.0
            ],
            "length": 4.427595914212249,