{
    "contact_edges": {
        "1": {
            "type": "line",
            "start": [
                -37.966163132,
                -114.9922069978,
                5.0
            ],
            "end": [
                -46.08356686443945,
                -111.32000621553246,
                5.0
            ],
            "length": 8.909394027693928,
            "solid_ids": [
                1,
                2
            ],
            "preferred_normal": [
                -0.38079707008839697,
                -0.841752328185296,
                0.38268343236508984
            ]
        },
        "2": {
            "type": "line",
            "start": [
                -37.966163132,
                -114.9922069978,
                5.0
            ],
            "end": [
                65.31133432911193,
                113.30281091518283,
                5.0
            ],
            "length": 250.56906569989664,
            "solid_ids": [
                1,
                2
            ],
            "preferred_normal": [
                0.841752328185296,
                -0.38079707008839697,
                0.38268343236508984
            ]
        },
        "3": {
            "type": "line",
            "start": [
                -46.08356686447,
                -111.3200062156,
                5.0
            ],
            "end": [
                57.19393059667148,
                116.97501169744814,
                5.0
            ],
            "length": 250.56906569996835,
            "solid_ids": [
                1,
                2
            ],
            "preferred_normal": [
                -0.841752328185296,
                0.38079707008839697,
                0.38268343236508984
            ]
        },
        "4": {
            "type": "line",
            "start": [
                65.311334329074,
                113.3028109152,
                5.0
            ],
            "end": [
                57.193930596602016,
                116.97501169748224,
                5.0
            ],
            "length": 8.909394027729633,
            "solid_ids": [
                1,
                2
            ],
            "preferred_normal": [
                0.38079707008839697,
                0.841752328185296,
                0.38268343236508984
            ]
        }
    }
}