{
    "contact_edges": {
        "1": {
            "type": "line",
            "start": [
                110.41458046293,
                40.66143632599,
                5.0
            ],
            "end": [
                -82.7007958081802,
                -83.44217606310202,
                5.0
            ],
            "length": 229.55447100928893,
            "solid_ids": [
                1,
                2
            ],
            "preferred_normal": [
                0.499475296180821,
                -0.7772244329010475,
                0.38268343236508984
            ]
        },
        "2": {
            "type": "line",
            "start": [
                110.41458046293,
                40.66143632599,
                5.0
            ],
            "end": [
                105.47338856139689,
                48.350335262312996,
                5.0
            ],
            "length": 9.139723423647201,
            "solid_ids": [
                1,
                2
            ],
            "preferred_normal": [
                0.7772244329010474,
                0.499475296180821,
                0.3826834323650898
            ]
        },
        "3": {
            "type": "line",
            "start": [
                -82.70079580822,
                -83.44217606304,
                5.0
            ],
            "end": [
                -87.64198770975084,
                -75.75327712672053,
                5.0
            ],
            "length": 9.139723423643,
            "solid_ids": [
                1,
                2
            ],
            "preferred_normal": [
                -0.7772244329010474,
                -0.499475296180821,
                0.3826834323650898
            ]
        },
        "4": {
            "type": "line",
            "start": [
                105.4733885614,
                48.350335262315,
                5.0
            ],
            "end": [
                -87.64198770971248,
                -75.7532771267785,
                5.0
            ],
            "length": 229.55447100929166,
            "solid_ids": [
                1,
                2
            ],
            "preferred_normal": [
                -0.499475296180821,
                0.7772244329010475,
                0.38268343236508984
            ]
        },
        "5": {
            "type": "line",
            "start": [
                103.37406441042,
                -89.81799387299,
                5.0
            ],
            "end": [
                100.21424221582097,
                -91.84862114063152,
                5.0
            ],
            "length": 3.756051570674969,
            "solid_ids": [
                1,
                3
            ],
            "preferred_normal": [
                0.499475296180821,
                -0.7772244329010475,
                0.38268343236508984
            ]
        },
        "6": {
            "type": "line",
            "start": [
                103.37406441042,
                -89.81799387299,
                5.0
            ],
            "end": [
                51.49482275746993,
                -9.089648584711442,
                5.0
            ],
            "length": 95.96104130046066,
            "solid_ids": [
                1,
                3
            ],
            "preferred_normal": [
                0.7772244329010474,
                0.499475296180821,
                0.3826834323650898
            ]
        },
        "7": {
            "type": "line",
            "start": [
                100.21424221582,
                -91.84862114063,
                5.0
            ],
            "end": [
                48.335000562867776,
                -11.120275852348108,
                5.0
            ],
            "length": 95.96104130046463,
            "solid_ids": [
                1,
                3
            ],
            "preferred_normal": [
                -0.7772244329010474,
                -0.499475296180821,
                0.3826834323650898
            ]
        },
        "8": {
            "type": "line",
            "start": [
                51.49482275750967,
                -9.089648584720425,
                5.0
            ],
            "end": [
                48.335000562914786,
                -11.12027585235928,
                5.0
            ],
            "length": 3.7560515706700364,
            "solid_ids": [
                1,
                3
            ],
            "preferred_normal": [
                -0.499475296180821,
                0.7772244329010475,
                0.38268343236508984
            ]
        },
        "9": {
            "type": "line",
            "start": [
                46.088541109248,
                -0.677031944206,
                15.0
            ],
            "end": [
                46.088541109248,
                -0.677031944206,
                77.242689143353
            ],
            "length": 62.242689143353005,
            "solid_ids": [
                2,
                3
            ],
            "preferred_normal": [
                0.9841138746494622,
                0.1775383950654694,
                0.0
            ]
        },
        "10": {
            "type": "line",
            "start": [
                46.088541109265414,
                -0.6770319442331607,
                15.0
            ],
            "end": [
                42.92871891466782,
                -2.7076592118737586,
                15.0
            ],
            "length": 3.7560515706732622,
            "solid_ids": [
                2,
                3
            ],
            "preferred_normal": [
                0.20688944174841423,
                -0.3219369011153509,
                -0.9238795325112871
            ]
        },
        "11": {
            "type": "line",
            "start": [
                46.088541109248,
                -0.677031944206,
                77.242689143353
            ],
            "end": [
                42.92871891465039,
                -2.7076592118466065,
                77.242689143353
            ],
            "length": 3.756051570673279,
            "solid_ids": [
                2,
                3
            ],
            "preferred_normal": [
                0.2068894417484147,
                -0.32193690111535156,
                0.9238795325112867
            ]
        },
        "12": {
            "type": "line",
            "start": [
                42.92871891465,
                -2.707659211846,
                15.0
            ],
            "end": [
                42.92871891465,
                -2.707659211846,
                77.242689143353
            ],
            "length": 62.242689143353005,
            "solid_ids": [
                2,
                3
            ],
            "preferred_normal": [
                -0.5703349911526328,
                -0.8214121972961727,
                0.0
            ]
        }
    }
}