{
    "contact_edges": {
        "1": {
            "type": "line",
            "start": [
                140.37424836998,
                -85.63767715831,
                5.0
            ],
            "end": [
                125.87817511674497,
                -91.19665453764689,
                5.0
            ],
            "length": 15.525410437960575,
            "solid_ids": [
                1,
                2
            ],
            "preferred_normal": [
                0.3308012656403069,
                -0.8626261723620753,
                0.38268343236508984
            ]
        },
        "2": {
            "type": "line",
            "start": [
                140.37424836998,
                -85.63767715831,
                5.0
            ],
            "end": [
                58.59225507158829,
                127.62416665773314,
                5.0
            ],
            "length": 228.4051410447597,
            "solid_ids": [
                1,
                2
            ],
            "preferred_normal": [
                0.8626261723620753,
                0.3308012656403069,
                0.38268343236508984
            ]
        },
        "3": {
            "type": "line",
            "start": [
                125.87817511675,
                -91.19665453766,
                5.0
            ],
            "end": [
                44.09618181835766,
                122.06518927838482,
                5.0
            ],
            "length": 228.40514104476145,
            "solid_ids": [
                1,
                2
            ],
            "preferred_normal": [
                -0.8626261723620753,
                -0.3308012656403069,
                0.38268343236508984
            ]
        },
        "4": {
            "type": "line",
            "start": [
                58.592255071476,
                127.62416665769,
                5.0
            ],
            "end": [
                44.096181818236616,
                122.06518927835143,
                5.0
            ],
            "length": 15.525410437965249,
            "solid_ids": [
                1,
                2
            ],
            "preferred_normal": [
                -0.3308012656403069,
                0.8626261723620753,
                0.38268343236508984
            ]
        }
    }
}