{
    "contact_edges": {
        "1": {
            "type": "line",
            "start": [
                78.53084991086,
                -25.24000521637,
                5.0
            ],
            "end": [
                -144.45637293670188,
                27.9838297542573,
                5.0
            ],
            "length": 229.25112466953962,
            "solid_ids": [
                1,
                2
            ],
            "preferred_normal": [
                -0.21449147454348136,
                -0.898636076474474,
                0.3826834323650898
            ]
        },
        "2": {
            "type": "line",
            "start": [
                78.53084991086,
                -25.24000521637,
                5.0
            ],
            "end": [
                82.39580311556732,
                -9.0473505151616,
                5.0
            ],
            "length": 16.64752022215753,
            "solid_ids": [
                1,
                2
            ],
            "preferred_normal": [
                0.898636076474474,
                -0.21449147454348136,
                0.3826834323650898
            ]
        },
        "3": {
            "type": "line",
            "start": [
                -144.4563729367,
                27.983829754265,
                5.0
            ],
            "end": [
                -140.5914197319916,
                44.176484455478,
                5.0
            ],
            "length": 16.647520222162253,
            "solid_ids": [
                1,
                2
            ],
            "preferred_normal": [
                -0.898636076474474,
                0.21449147454348136,
                0.3826834323650898
            ]
        },
        "4": {
            "type": "line",
            "start": [
                82.395803115569,
                -9.047350515162,
                5.0
            ],
            "end": [
                -140.59141973200298,
                44.17648445546771,
                5.0
            ],
            "length": 229.25112466954997,
            "solid_ids": [
                1,
                2
            ],
            "preferred_normal": [
                0.21449147454348136,
                0.898636076474474,
                0.3826834323650898
            ]
        },
        "5": {
            "type": "line",
            "start": [
                29.324200519906732,
                13.900984369352066,
                5.0
            ],
            "end": [
                56.73145148626163,
                128.72673456654059,
                5.0
            ],
            "length": 118.05130373646833,
            "solid_ids": [
                1,
                3
            ],
            "preferred_normal": [
                0.898636076474474,
                -0.21449147454348136,
                0.3826834323650898
            ]
        },
        "6": {
            "type": "line",
            "start": [
                29.324200519906896,
                13.900984369351718,
                5.0
            ],
            "end": [
                21.516246693454843,
                15.764630369380395,
                5.0
            ],
            "length": 8.0272859279728,
            "solid_ids": [
                1,
                3
            ],
            "preferred_normal": [
                -0.2144914745434814,
                -0.8986360764744741,
                0.3826834323650899
            ]
        },
        "7": {
            "type": "line",
            "start": [
                56.731451486264,
                128.72673456654,
                5.0
            ],
            "end": [
                48.923497659811694,
                130.59038056656874,
                5.0
            ],
            "length": 8.027285927973063,
            "solid_ids": [
                1,
                3
            ],
            "preferred_normal": [
                0.21449147454348136,
                0.898636076474474,
                0.3826834323650898
            ]
        },
        "8": {
            "type": "line",
            "start": [
                21.516246693454733,
                15.764630369381067,
                5.0
            ],
            "end": [
                48.92349765980986,
                130.59038056657053,
                5.0
            ],
            "length": 118.0513037364693,
            "solid_ids": [
                1,
                3
            ],
            "preferred_normal": [
                -0.898636076474474,
                0.21449147454348136,
                0.3826834323650898
            ]
        },
        "9": {
            "type": "line",
            "start": [
                27.002561529156,
                4.174217568579,
                15.0
            ],
            "end": [
                27.002561529156,
                4.174217568579,
                51.824440084822
            ],
            "length": 36.824440084822,
            "solid_ids": [
                2,
                3
            ],
            "preferred_normal": [
                0.9874813542437875,
                0.15773577596999186,
                0.0
            ]
        },
        "10": {
            "type": "line",
            "start": [
                27.00256152915663,
                4.174217568581777,
                15.0
            ],
            "end": [
                19.19460770270455,
                6.037863568610461,
                15.0
            ],
            "length": 8.02728592797283,
            "solid_ids": [
                2,
                3
            ],
            "preferred_normal": [
                0.2321638990750788,
                0.9726766800773301,
                0.0
            ]
        },
        "11": {
            "type": "line",
            "start": [
                27.002561529156,
                4.174217568579,
                51.824440084822
            ],
            "end": [
                19.194607702703923,
                6.037863568607683,
                51.824440084822
            ],
            "length": 8.027285927972827,
            "solid_ids": [
                2,
                3
            ],
            "preferred_normal": [
                0.08884527776931347,
                0.37222725051347305,
                0.9238795325112867
            ]
        },
        "12": {
            "type": "line",
            "start": [
                19.194607702704,
                6.037863568608,
                15.0
            ],
            "end": [
                19.194607702704,
                6.037863568608,
                51.824440084822
            ],
            "length": 36.824440084822,
            "solid_ids": [
                2,
                3
            ],
            "preferred_normal": [
                -0.8097907987051606,
                0.5867187250569545,
                0.0
            ]
        }
    }
}