{
    "contact_edges": {
        "1": {
            "type": "line",
            "start": [
                146.86643674072,
                51.012507377653,
                5.0
            ],
            "end": [
                145.99274097860913,
                39.29011328218906,
                5.0
            ],
            "length": 11.754908235035199,
            "solid_ids": [
                1,
                2
            ],
            "preferred_normal": [
                0.9213240767419623,
                -0.06866830570827154,
                0.38268343236508984
            ]
        },
        "2": {
            "type": "line",
            "start": [
                146.86643674072,
                51.012507377653,
                5.0
            ],
            "end": [
                -83.2443208406699,
                68.16316722390204,
                5.0
            ],
            "length": 230.74901058908773,
            "solid_ids": [
                1,
                2
            ],
            "preferred_normal": [
                0.06866830570827154,
                0.9213240767419623,
                0.38268343236508984
            ]
        },
        "3": {
            "type": "line",
            "start": [
                145.99274097861,
                39.290113282189,
                5.0
            ],
            "end": [
                -84.11801660277996,
                56.44077312843804,
                5.0
            ],
            "length": 230.7490105890878,
            "solid_ids": [
                1,
                2
            ],
            "preferred_normal": [
                -0.06866830570827154,
                -0.9213240767419623,
                0.38268343236508984
            ]
        },
        "4": {
            "type": "line",
            "start": [
                -83.24432084067,
                68.1631672239,
                5.0
            ],
            "end": [
                -84.11801660278078,
                56.44077312843706,
                5.0
            ],
            "length": 11.7549082350342,
            "solid_ids": [
                1,
                2
            ],
            "preferred_normal": [
                -0.9213240767419623,
                0.06866830570827154,
                0.38268343236508984
            ]
        },
        "5": {
            "type": "line",
            "start": [
                -27.71722650678,
                -77.77220424003,
                5.0
            ],
            "end": [
                -28.636596176557205,
                -90.10740609852022,
                5.0
            ],
            "length": 12.369415729104045,
            "solid_ids": [
                1,
                3
            ],
            "preferred_normal": [
                0.9213240767419623,
                -0.06866830570827154,
                0.38268343236508984
            ]
        },
        "6": {
            "type": "line",
            "start": [
                -27.71722650678,
                -77.77220424003,
                5.0
            ],
            "end": [
                -144.13612024950086,
                -69.0952485546714,
                5.0
            ],
            "length": 116.74180219717617,
            "solid_ids": [
                1,
                3
            ],
            "preferred_normal": [
                0.06866830570827154,
                0.9213240767419623,
                0.38268343236508984
            ]
        },
        "7": {
            "type": "line",
            "start": [
                -28.63659617656,
                -90.10740609852,
                5.0
            ],
            "end": [
                -145.05548991930002,
                -81.43045041315997,
                5.0
            ],
            "length": 116.74180219719537,
            "solid_ids": [
                1,
                3
            ],
            "preferred_normal": [
                -0.06866830570827154,
                -0.9213240767419623,
                0.38268343236508984
            ]
        },
        "8": {
            "type": "line",
            "start": [
                -144.1361202495,
                -69.09524855466,
                5.0
            ],
            "end": [
                -145.05548991927807,
                -81.43045041316164,
                5.0
            ],
            "length": 12.369415729115502,
            "solid_ids": [
                1,
                3
            ],
            "preferred_normal": [
                -0.9213240767419623,
                0.06866830570827154,
                0.38268343236508984
            ]
        },
        "9": {
            "type": "line",
            "start": [
                99.034087408326,
                -25.03141877003,
                5.0
            ],
            "end": [
                98.01772004556682,
                -38.668040679750064,
                5.0
            ],
            "length": 13.674445499717322,
            "solid_ids": [
                1,
                4
            ],
            "preferred_normal": [
                0.9213240767419623,
                -0.06866830570827154,
                0.38268343236508984
            ]
        },
        "10": {
            "type": "line",
            "start": [
                99.034087408326,
                -25.03141877003,
                5.0
            ],
            "end": [
                -111.03412541920034,
                -9.374573776852989,
                5.0
            ],
            "length": 210.65087428181084,
            "solid_ids": [
                1,
                4
            ],
            "preferred_normal": [
                0.06866830570827154,
                0.9213240767419623,
                0.38268343236508984
            ]
        },
        "11": {
            "type": "line",
            "start": [
                98.017720045566,
                -38.66804067975,
                5.0
            ],
            "end": [
                -112.05049278200006,
                -23.011195686570026,
                5.0
            ],
            "length": 210.6508742818507,
            "solid_ids": [
                1,
                4
            ],
            "preferred_normal": [
                -0.06866830570827154,
                -0.9213240767419623,
                0.38268343236508984
            ]
        },
        "12": {
            "type": "line",
            "start": [
                -111.0341254192,
                -9.374573776849,
                5.0
            ],
            "end": [
                -112.05049278195948,
                -23.011195686573025,
                5.0
            ],
            "length": 13.674445499721296,
            "solid_ids": [
                1,
                4
            ],
            "preferred_normal": [
                -0.9213240767419623,
                0.06866830570827154,
                0.38268343236508984
            ]
        }
    }
}