{
    "contact_edges": {
        "1": {
            "type": "line",
            "start": [
                -51.78776254203,
                -172.8427700932,
                5.0
            ],
            "end": [
                -195.83774092734342,
                74.0242965146424,
                5.0
            ],
            "length": 285.8211763469777,
            "solid_ids": [
                1,
                2
            ],
            "preferred_normal": [
                -0.7979654726954515,
                -0.4656226959451164,
                0.38268343236508984
            ]
        },
        "2": {
            "type": "line",
            "start": [
                -51.78776254203,
                -172.8427700932,
                5.0
            ],
            "end": [
                -39.21798584644536,
                -165.5081503474908,
                5.0
            ],
            "length": 14.55321040152343,
            "solid_ids": [
                1,
                2
            ],
            "preferred_normal": [
                0.4656226959451164,
                -0.7979654726954515,
                0.38268343236508984
            ]
        },
        "3": {
            "type": "line",
            "start": [
                -195.8377409272,
                74.024296514726,
                5.0
            ],
            "end": [
                -183.2679642316092,
                81.35891626043878,
                5.0
            ],
            "length": 14.553210401530562,
            "solid_ids": [
                1,
                2
            ],
            "preferred_normal": [
                -0.4656226959451164,
                0.7979654726954515,
                0.38268343236508984
            ]
        },
        "4": {
            "type": "line",
            "start": [
                -39.21798584644,
                -165.5081503475,
                5.0
            ],
            "end": [
                -183.26796423174957,
                81.35891626033582,
                5.0
            ],
            "length": 285.8211763469701,
            "solid_ids": [
                1,
                2
            ],
            "preferred_normal": [
                0.7979654726954515,
                0.4656226959451164,
                0.38268343236508984
            ]
        },
        "5": {
            "type": "line",
            "start": [
                -52.81518414855,
                43.48146900717,
                15.0
            ],
            "end": [
                -52.81518414855,
                43.48146900717,
                62.077584716567
            ],
            "length": 47.077584716567,
            "solid_ids": [
                3,
                5
            ],
            "preferred_normal": [
                0.13509457484920256,
                -0.9908327083046427,
                0.0
            ]
        },
        "6": {
            "type": "line",
            "start": [
                -52.81518414859679,
                43.48146900714273,
                15.0
            ],
            "end": [
                -57.072548719121436,
                50.77756939387301,
                15.0
            ],
            "length": 8.447380300401079,
            "solid_ids": [
                3,
                5
            ],
            "preferred_normal": [
                -0.3305281210959131,
                -0.19286723560919086,
                -0.9238795325112871
            ]
        },
        "7": {
            "type": "line",
            "start": [
                -52.81518414855,
                43.48146900717,
                62.077584716567
            ],
            "end": [
                -57.072548719074646,
                50.77756939390029,
                62.077584716567
            ],
            "length": 8.447380300401091,
            "solid_ids": [
                3,
                5
            ],
            "preferred_normal": [
                -0.3305281210959138,
                -0.19286723560919122,
                0.9238795325112866
            ]
        },
        "8": {
            "type": "line",
            "start": [
                -57.07254871907,
                50.777569393903,
                15.0
            ],
            "end": [
                -57.07254871907,
                50.777569393903,
                62.077584716567
            ],
            "length": 47.077584716567,
            "solid_ids": [
                3,
                5
            ],
            "preferred_normal": [
                -0.7961508170410302,
                0.6050982370862602,
                0.0
            ]
        },
        "9": {
            "type": "line",
            "start": [
                -125.00753615140682,
                1.3563411459006944,
                5.0
            ],
            "end": [
                -61.45230018603682,
                38.44160526348472,
                5.0
            ],
            "length": 73.58386258742351,
            "solid_ids": [
                1,
                5
            ],
            "preferred_normal": [
                0.4656226959451164,
                -0.7979654726954515,
                0.38268343236508984
            ]
        },
        "10": {
            "type": "line",
            "start": [
                -125.00753615150977,
                1.356341145824974,
                5.0
            ],
            "end": [
                -129.26490072205516,
                8.652441532590828,
                5.0
            ],
            "length": 8.447380300442262,
            "solid_ids": [
                1,
                5
            ],
            "preferred_normal": [
                -0.7979654726954515,
                -0.4656226959451164,
                0.3826834323650897
            ]
        },
        "11": {
            "type": "line",
            "start": [
                -61.45230018608182,
                38.44160526344278,
                5.0
            ],
            "end": [
                -65.7096647566069,
                45.737705650173815,
                5.0
            ],
            "length": 8.44738030040195,
            "solid_ids": [
                1,
                5
            ],
            "preferred_normal": [
                0.7979654726954515,
                0.4656226959451164,
                0.38268343236508984
            ]
        },
        "12": {
            "type": "line",
            "start": [
                -129.2649007219814,
                8.652441532591164,
                5.0
            ],
            "end": [
                -65.70966475655173,
                45.73770565021001,
                5.0
            ],
            "length": 73.5838625874926,
            "solid_ids": [
                1,
                5
            ],
            "preferred_normal": [
                -0.4656226959451164,
                0.7979654726954515,
                0.38268343236508984
            ]
        },
        "13": {
            "type": "line",
            "start": [
                -61.599978304582535,
                -107.30898447169565,
                5.0
            ],
            "end": [
                1.9552576608280026,
                -70.22372035408797,
                5.0
            ],
            "length": 73.58386258747045,
            "solid_ids": [
                1,
                4
            ],
            "preferred_normal": [
                0.4656226959451164,
                -0.7979654726954515,
                0.38268343236508984
            ]
        },
        "14": {
            "type": "line",
            "start": [
                -61.59997830463612,
                -107.30898447173273,
                5.0
            ],
            "end": [
                -63.345627797195256,
                -104.31736049244388,
                5.0
            ],
            "length": 3.4636839036390157,