{
  "welds": [
    {
      "start": {
        "xyz": [
          -75.82256578733565,
          144.15166593210023,
          5.0
        ],
        "pose": [
          -0.6041105363356127,
          0.5492878357973761,
          0.5773502691896258
        ]
      },
      "end": {
        "xyz": [
          -59.0699128942902,
          144.94794386604423,
          5.0
        ],
        "pose": [
          0.549287835797376,
          0.6041105363356126,
          0.5773502691896257
        ]
      }
    },
    {
      "start": {
        "xyz": [
          -59.0699128942902,
          144.94794386604423,
          5.0
        ],
        "pose": [
          0.549287835797376,
          0.6041105363356126,
          0.5773502691896257
        ]
      },
      "end": {
        "xyz": [
          -47.334983325387356,
          -101.93972363255563,
          5.0
        ],
        "pose": [
          0.6041105363356127,
          -0.5492878357973761,
          0.5773502691896258
        ]
      }
    },
    {
      "start": {
        "xyz": [
          -47.334983325387356,
          -101.93972363255563,
          5.0
        ],
        "pose": [
          0.6041105363356127,
          -0.5492878357973761,
          0.5773502691896258
        ]
      },
      "end": {
        "xyz": [
          -64.08763621844,
          -102.7360015665,
          5.0
        ],
        "pose": [
          -0.549287835797376,
          -0.6041105363356126,
          0.5773502691896257
        ]
      }
    },
    {
      "start": {
        "xyz": [
          -64.08763621844,
          -102.7360015665,
          5.0
        ],
        "pose": [
          -0.549287835797376,
          -0.6041105363356126,
          0.5773502691896257
        ]
      },
      "end": {
        "xyz": [
          -75.82256578733565,
          144.15166593210023,
          5.0
        ],
        "pose": [
          -0.6041105363356127,
          0.5492878357973761,
          0.5773502691896258
        ]
      }
    }
  ]
}