{
    "contact_edges": {
        "1": {
            "type": "line",
            "start": [
                187.22409942364,
                -117.7466157482,
                5.0
            ],
            "end": [
                -36.412140411312194,
                -188.86119182586168,
                5.0
            ],
            "length": 234.67094131617958,
            "solid_ids": [
                1,
                2
            ],
            "preferred_normal": [
                0.2799720363027264,
                -0.8804368515014456,
                0.38268343236508984
            ]
        },
        "2": {
            "type": "line",
            "start": [
                187.22409942364,
                -117.7466157482,
                5.0
            ],
            "end": [
                182.5282598715904,
                -102.97946169609988,
                5.0
            ],
            "length": 15.495797749617498,
            "solid_ids": [
                1,
                2
            ],
            "preferred_normal": [
                0.8804368515014456,
                0.27997203630272643,
                0.38268343236508984
            ]
        },
        "3": {
            "type": "line",
            "start": [
                -36.4121404113,
                -188.8611918259,
                5.0
            ],
            "end": [
                -41.107979963320744,
                -174.0940377738907,
                5.0
            ],
            "length": 15.495797749522183,
            "solid_ids": [
                1,
                2
            ],
            "preferred_normal": [
                -0.8804368515014456,
                -0.27997203630272643,
                0.38268343236508984
            ]
        },
        "4": {
            "type": "line",
            "start": [
                182.52825987159,
                -102.9794616961,
                5.0
            ],
            "end": [
                -41.10797996339111,
                -174.09403777377088,
                5.0
            ],
            "length": 234.67094131620988,
            "solid_ids": [
                1,
                2
            ],
            "preferred_normal": [
                -0.2799720363027264,
                0.8804368515014456,
                0.38268343236508984
            ]
        },
        "5": {
            "type": "line",
            "start": [
                9.423295975942,
                141.68161230175,
                5.0
            ],
            "end": [
                -172.9012528013209,
                83.70383104225866,
                5.0
            ],
            "length": 191.32084101478844,
            "solid_ids": [
                1,
                3
            ],
            "preferred_normal": [
                0.2799720363027264,
                -0.8804368515014456,
                0.38268343236508984
            ]
        },
        "6": {
            "type": "line",
            "start": [
                9.423295975942,
                141.68161230175,
                5.0
            ],
            "end": [
                5.931078467825271,
                152.66369832794138,
                5.0
            ],
            "length": 11.523966184029916,
            "solid_ids": [
                1,
                3
            ],
            "preferred_normal": [
                0.8804368515014456,
                0.27997203630272643,
                0.38268343236508984
            ]
        },
        "7": {
            "type": "line",
            "start": [
                -172.9012528013,
                83.703831042193,
                5.0
            ],
            "end": [
                -176.3934703094148,
                94.6859170683783,
                5.0
            ],
            "length": 11.523966184023537,
            "solid_ids": [
                1,
                3
            ],
            "preferred_normal": [
                -0.8804368515014456,
                -0.27997203630272643,
                0.38268343236508984
            ]
        },
        "8": {
            "type": "line",
            "start": [
                5.931078467821,
                152.66369832794,
                5.0
            ],
            "end": [
                -176.3934703094228,
                94.68591706845476,
                5.0
            ],
            "length": 191.32084101476838,
            "solid_ids": [
                1,
                3
            ],
            "preferred_normal": [
                -0.2799720363027264,
                0.8804368515014456,
                0.38268343236508984
            ]
        },
        "9": {
            "type": "line",
            "start": [
                182.15332624018,
                27.341201562399,
                5.0
            ],
            "end": [
                -88.1225980319392,
                -58.60442957857835,
                5.0
            ],
            "length": 283.6119298502255,
            "solid_ids": [
                1,
                4
            ],
            "preferred_normal": [
                0.2799720363027264,
                -0.8804368515014456,
                0.38268343236508984
            ]
        },
        "10": {
            "type": "line",
            "start": [
                182.15332624018,
                27.341201562399,
                5.0
            ],
            "end": [
                177.9010094565489,
                40.71359564149464,
                5.0
            ],
            "length": 14.03221726723838,
            "solid_ids": [
                1,
                4
            ],
            "preferred_normal": [
                0.8804368515014456,
                0.27997203630272643,
                0.38268343236508984
            ]
        },
        "11": {
            "type": "line",
            "start": [
                -88.12259803191,
                -58.60442957867,
                5.0
            ],
            "end": [
                -92.37491481554319,
                -45.232035499567836,
                5.0
            ],
            "length": 14.03221726724523,
            "solid_ids": [
                1,
                4
            ],
            "preferred_normal": [
                -0.8804368515014456,
                -0.27997203630272643,
                0.38268343236508984
            ]
        },
        "12": {
            "type": "line",
            "start": [
                177.90100945655,
                40.713595641495,
                5.0
            ],
            "end": [
                -92.37491481557716,
                -45.23203549948488,
                5.0
            ],
            "length": 283.6119298502339,
            "solid_ids": [
                1,
                4
            ],
            "preferred_normal": [
                -0.2799720363027264,
                0.8804368515014456,
                0.38268343236508984
            ]
        }
    }
}