{
    "contact_edges": {
        "1": {
            "type": "line",
            "start": [
                13.873145516726,
                -17.9549127356,
                5.0
            ],
            "end": [
                -133.4454612660001,
                -14.299251537113669,
                5.0
            ],
            "length": 147.3639567981316,
            "solid_ids": [
                1,
                2
            ],
            "preferred_normal": [
                -0.022918701644960338,
                -0.9235952163735923,
                0.38268343236508984
            ]
        },
        "2": {
            "type": "line",
            "start": [
                13.873145516726,
                -17.9549127356,
                5.0
            ],
            "end": [
                14.234130828408748,
                -3.407652938069994,
                5.0
            ],
            "length": 14.551737972217733,
            "solid_ids": [
                1,
                2
            ],
            "preferred_normal": [
                0.9235952163735923,
                -0.022918701644960338,
                0.3826834323650898
            ]
        },
        "3": {
            "type": "line",
            "start": [
                -133.445461266,
                -14.29925153711,
                5.0
            ],
            "end": [
                -133.0844759543173,
                0.24800826041743093,
                5.0
            ],
            "length": 14.551737972215157,
            "solid_ids": [
                1,
                2
            ],
            "preferred_normal": [
                -0.9235952163735923,
                0.022918701644960338,
                0.3826834323650898
            ]
        },
        "4": {
            "type": "line",
            "start": [
                14.234130828409,
                -3.40765293807,
                5.0
            ],
            "end": [
                -133.08447595430005,
                0.24800826041590945,
                5.0
            ],
            "length": 147.36395679811454,
            "solid_ids": [
                1,
                2
            ],
            "preferred_normal": [
                0.022918701644960338,
                0.9235952163735923,
                0.38268343236508984
            ]
        },
        "5": {
            "type": "line",
            "start": [
                1.7186241327623246,
                6.905993473403993,
                5.0
            ],
            "end": [
                3.3671685003006373,
                73.34028436059398,
                5.0
            ],
            "length": 66.45474177374793,
            "solid_ids": [
                1,
                3
            ],
            "preferred_normal": [
                0.9235952163735923,
                -0.022918701644960338,
                0.3826834323650898
            ]
        },
        "6": {
            "type": "line",
            "start": [
                1.718624132761982,
                6.905993473403969,
                5.0
            ],
            "end": [
                -1.9078465091120285,
                6.995983110846719,
                5.0
            ],
            "length": 3.627587001192552,
            "solid_ids": [
                1,
                3
            ],
            "preferred_normal": [
                -0.022918701644960338,
                -0.9235952163735923,
                0.38268343236508984
            ]
        },
        "7": {
            "type": "line",
            "start": [
                3.3671685003,
                73.340284360594,
                5.0
            ],
            "end": [
                -0.2593021415739824,
                73.43027399803675,
                5.0
            ],
            "length": 3.6275870011925244,
            "solid_ids": [
                1,
                3
            ],
            "preferred_normal": [
                0.022918701644960338,
                0.9235952163735923,
                0.38268343236508984
            ]
        },
        "8": {
            "type": "line",
            "start": [
                -1.907846509112675,
                6.995983110847018,
                5.0
            ],
            "end": [
                -0.25930214157438697,
                73.43027399803601,
                5.0
            ],
            "length": 66.45474177374693,
            "solid_ids": [
                1,
                3
            ],
            "preferred_normal": [
                -0.9235952163735923,
                0.022918701644960338,
                0.3826834323650898
            ]
        },
        "9": {
            "type": "line",
            "start": [
                1.470553893749,
                -3.090929110897,
                15.0
            ],
            "end": [
                1.470553893749,
                -3.090929110897,
                51.395011258985
            ],
            "length": 36.395011258985,
            "solid_ids": [
                2,
                3
            ],
            "preferred_normal": [
                0.9330884534269176,
                0.35964696311989486,
                0.0
            ]
        },
        "10": {
            "type": "line",
            "start": [
                1.4705538937489786,
                -3.0909291108970316,
                15.0
            ],
            "end": [
                -2.1559167481260264,
                -3.0009394734542565,
                15.0
            ],
            "length": 3.627587001193547,
            "solid_ids": [
                2,
                3
            ],
            "preferred_normal": [
                0.009493237053325129,
                0.38256566476485493,
                -0.9238795325112868
            ]
        },
        "11": {
            "type": "line",
            "start": [
                1.470553893749,
                -3.090929110897,
                51.395011258985
            ],
            "end": [
                -2.155916748126007,
                -3.000939473454225,
                51.395011258985
            ],
            "length": 3.627587001193549,
            "solid_ids": [
                2,
                3
            ],
            "preferred_normal": [
                0.00949323705332514,
                0.3825656647648554,
                0.9238795325112867
            ]
        },
        "12": {
            "type": "line",
            "start": [
                -2.155916748126,
                -3.000939473454,
                15.0
            ],
            "end": [
                -2.155916748126,
                -3.000939473454,
                51.395011258985
            ],
            "length": 36.395011258985,
            "solid_ids": [
                2,
                3
            ],
            "preferred_normal": [
                -0.9141019793202673,
                0.40548436640981556,
                0.0
            ]
        }
    }
}