{
    "contact_edges": {
        "1": {
            "type": "line",
            "start": [
                68.37540585832,
                125.02636640662,
                5.0
            ],
            "end": [
                -134.61192169502,
                -44.72557286392618,
                5.0
            ],
            "length": 264.61212374598057,
            "solid_ids": [
                1,
                2
            ],
            "preferred_normal": [
                0.592680108817345,
                -0.7087197465892522,
                0.3826834323650899
            ]
        },
        "2": {
            "type": "line",
            "start": [
                68.37540585832,
                125.02636640662,
                5.0
            ],
            "end": [
                60.50630764516774,
                134.43613941661644,
                5.0
            ],
            "length": 12.2664801303346,
            "solid_ids": [
                1,
                2
            ],
            "preferred_normal": [
                0.7087197465892522,
                0.592680108817345,
                0.3826834323650899
            ]
        },
        "3": {
            "type": "line",
            "start": [
                -134.611921695,
                -44.72557286395,
                5.0
            ],
            "end": [
                -142.48101990817366,
                -35.31579985392797,
                5.0
            ],
            "length": 12.266480130367956,
            "solid_ids": [
                1,
                2
            ],
            "preferred_normal": [
                -0.7087197465892522,
                -0.592680108817345,
                0.3826834323650899
            ]
        },
        "4": {
            "type": "line",
            "start": [
                60.506307645172,
                134.43613941662,
                5.0
            ],
            "end": [
                -142.48101990819856,
                -35.315799853951745,
                5.0
            ],
            "length": 264.6121237460204,
            "solid_ids": [
                1,
                2
            ],
            "preferred_normal": [
                -0.592680108817345,
                0.7087197465892522,
                0.3826834323650899
            ]
        },
        "5": {
            "type": "line",
            "start": [
                138.21147630717,
                37.699682769874,
                5.0
            ],
            "end": [
                131.27762613290022,
                31.90112121491973,
                5.0
            ],
            "length": 9.038893424850995,
            "solid_ids": [
                1,
                3
            ],
            "preferred_normal": [
                0.592680108817345,
                -0.7087197465892522,
                0.3826834323650899
            ]
        },
        "6": {
            "type": "line",
            "start": [
                138.21147630717,
                37.699682769874,
                5.0
            ],
            "end": [
                72.91186571717832,
                115.78417182428609,
                5.0
            ],
            "length": 101.79011039434604,
            "solid_ids": [
                1,
                3
            ],
            "preferred_normal": [
                0.7087197465892522,
                0.592680108817345,
                0.3826834323650899
            ]
        },
        "7": {
            "type": "line",
            "start": [
                131.2776261329,
                31.90112121492,
                5.0
            ],
            "end": [
                65.97801554290635,
                109.98561026933444,
                5.0
            ],
            "length": 101.79011039434911,
            "solid_ids": [
                1,
                3
            ],
            "preferred_normal": [
                -0.7087197465892522,
                -0.592680108817345,
                0.3826834323650899
            ]
        },
        "8": {
            "type": "line",
            "start": [
                72.9118657171856,
                115.78417182428687,
                5.0
            ],
            "end": [
                65.9780155429178,
                109.98561026933423,
                5.0
            ],
            "length": 9.038893424848444,
            "solid_ids": [
                1,
                3
            ],
            "preferred_normal": [
                -0.592680108817345,
                0.7087197465892521,
                0.3826834323650898
            ]
        },
        "9": {
            "type": "line",
            "start": [
                66.496742446661,
                123.45529908331,
                15.0
            ],
            "end": [
                66.496742446661,
                123.45529908331,
                73.69326384712
            ],
            "length": 58.693263847119994,
            "solid_ids": [
                2,
                3
            ],
            "preferred_normal": [
                0.9542158858101581,
                0.29911877785845375,
                0.0
            ]
        },
        "10": {
            "type": "line",
            "start": [
                66.49674244666934,
                123.4552990833,
                15.0
            ],
            "end": [
                59.56289227240095,
                117.65673752834688,
                15.0
            ],
            "length": 9.038893424849206,
            "solid_ids": [
                2,
                3
            ],
            "preferred_normal": [
                0.6415123270523416,
                -0.7671127259014086,
                0.0
            ]
        },
        "11": {
            "type": "line",
            "start": [
                66.496742446661,
                123.45529908331,
                73.69326384712
            ],
            "end": [
                59.56289227239261,
                117.65673752835687,
                73.69326384712
            ],
            "length": 9.038893424849206,
            "solid_ids": [
                2,
                3
            ],
            "preferred_normal": [
                0.24549613922090616,
                -0.2935613309588914,
                0.9238795325112866
            ]
        },
        "12": {
            "type": "line",
            "start": [
                59.56289227239,
                117.65673752836,
                15.0
            ],
            "end": [
                59.56289227239,
                117.65673752836,
                73.69326384712
            ],
            "length": 58.693263847119994,
            "solid_ids": [
                2,
                3
            ],
            "preferred_normal": [
                -0.46322360736834606,
                -0.8862414397762363,
                0.0
            ]
        }
    }
}