{
    "contact_edges": {
        "1": {
            "type": "line",
            "start": [
                19.831080487496,
                -134.3254023229,
                5.0
            ],
            "end": [
                8.101411177978807,
                -128.53240368301053,
                5.0
            ],
            "length": 13.082200707541176,
            "solid_ids": [
                1,
                2
            ],
            "preferred_normal": [
                -0.4091079929827447,
                -0.8283622641519253,
                0.3826834323650898
            ]
        },
        "2": {
            "type": "line",
            "start": [
                19.831080487496,
                -134.3254023229,
                5.0
            ],
            "end": [
                129.41553008971334,
                87.5612983658446,
                5.0
            ],
            "length": 247.47213891094378,
            "solid_ids": [
                1,
                2
            ],
            "preferred_normal": [
                0.8283622641519254,
                -0.4091079929827448,
                0.38268343236508984
            ]
        },
        "3": {
            "type": "line",
            "start": [
                8.101411177984,
                -128.532403683,
                5.0
            ],
            "end": [
                117.68586078019462,
                93.35429700573097,
                5.0
            ],
            "length": 247.47213891092855,
            "solid_ids": [
                1,
                2
            ],
            "preferred_normal": [
                -0.8283622641519254,
                0.4091079929827448,
                0.38268343236508984
            ]
        },
        "4": {
            "type": "line",
            "start": [
                129.41553008967,
                87.561298365866,
                5.0
            ],
            "end": [
                117.68586078016156,
                93.35429700575115,
                5.0
            ],
            "length": 13.082200707531413,
            "solid_ids": [
                1,
                2
            ],
            "preferred_normal": [
                0.4091079929827447,
                0.8283622641519253,
                0.3826834323650898
            ]
        },
        "5": {
            "type": "line",
            "start": [
                -12.68265318574,
                116.66197484374,
                15.0
            ],
            "end": [
                -12.68265318574,
                116.66197484374,
                47.549573077826
            ],
            "length": 32.549573077826,
            "solid_ids": [
                3,
                5
            ],
            "preferred_normal": [
                -0.06598910861293279,
                -0.9978203433206153,
                0.0
            ]
        },
        "6": {
            "type": "line",
            "start": [
                -12.682653185709942,
                116.66197484372518,
                15.0
            ],
            "end": [
                -8.374523025291746,
                125.38508100434164,
                15.0
            ],
            "length": 9.728955060462036,
            "solid_ids": [
                3,
                5
            ],
            "preferred_normal": [
                0.8966128537345919,
                -0.4428153006817984,
                0.0
            ]
        },
        "7": {
            "type": "line",
            "start": [
                -12.68265318574,
                116.66197484374,
                47.549573077826
            ],
            "end": [
                -8.374523025321805,
                125.38508100435645,
                47.549573077826
            ],
            "length": 9.728955060462024,
            "solid_ids": [
                3,
                5
            ],
            "preferred_normal": [
                0.3431188843698119,
                -0.16945807916868993,
                0.9238795325112867
            ]
        },
        "8": {
            "type": "line",
            "start": [
                -8.374523025329,
                125.38508100436,
                15.0
            ],
            "end": [
                -8.374523025329,
                125.38508100436,
                47.549573077826
            ],
            "length": 32.549573077826,
            "solid_ids": [
                3,
                5
            ],
            "preferred_normal": [
                0.7522268773525567,
                0.6589041849832353,
                0.0
            ]
        },
        "9": {
            "type": "line",
            "start": [
                92.41030927931601,
                64.75911445128803,
                5.0
            ],
            "end": [
                -3.7165246483842003,
                112.23382183696204,
                5.0
            ],
            "length": 107.21108171415409,
            "solid_ids": [
                1,
                5
            ],
            "preferred_normal": [
                -0.4091079929827447,
                -0.8283622641519253,
                0.3826834323650898
            ]
        },
        "10": {
            "type": "line",
            "start": [
                92.41030927934668,
                64.75911445127038,
                5.0
            ],
            "end": [
                96.71843943976744,
                73.48222061189203,
                5.0
            ],
            "length": 9.728955060467822,
            "solid_ids": [
                1,
                5
            ],
            "preferred_normal": [
                0.8283622641519255,
                -0.4091079929827448,
                0.3826834323650898
            ]
        },
        "11": {
            "type": "line",
            "start": [
                -3.7165246483599144,
                112.23382183691024,
                5.0
            ],
            "end": [
                0.591605512059642,
                120.95692799752945,
                5.0
            ],
            "length": 9.728955060465099,
            "solid_ids": [
                1,
                5
            ],
            "preferred_normal": [
                -0.8283622641519254,
                0.4091079929827448,
                0.38268343236508984
            ]
        },
        "12": {
            "type": "line",
            "start": [
                96.7184394397344,
                73.48222061191183,
                5.0
            ],
            "end": [
                0.5916055120353844,
                120.95692799758524,
                5.0
            ],
            "length": 107.21108171415275,
            "solid_ids": [
                1,
                5
            ],
            "preferred_normal": [
                0.4091079929827447,
                0.8283622641519253,
                0.3826834323650898
            ]
        },
        "13": {
            "type": "line",
            "start": [
                45.69678232350041,
                -29.82648059794119,
                5.0
            ],
            "end": [
                -50.430051604195,
                17.648226787730437,
                5.0
            ],
            "length": 107.21108171414873,
            "solid_ids": [
                1,
                4
            ],
            "preferred_normal": [
                -0.4091079929827447,
                -0.8283622641519253,
                0.3826834323650898
            ]
        },
        "14": {
            "type": "line",
            "start": [
                45.69678232350732,
                -29.826480597943103,
                5.0
            ],
            "end": [
                47.250692106712805,
                -26.68012254974381,
                5.0
            ],
            "length": 3.5091600963492926,