{
    "contact_edges": {
        "1": {
            "type": "line",
            "start": [
                -24.94647562441,
                -172.5890735577,
                5.0
            ],
            "end": [
                -35.47094032985192,
                -166.71026379173924,
                5.0
            ],
            "length": 12.055072028007482,
            "solid_ids": [
                1,
                2
            ],
            "preferred_normal": [
                -0.4505416480034373,
                -0.8065764774698185,
                0.3826834323650899
            ]
        },
        "2": {
            "type": "line",
            "start": [
                -24.94647562441,
                -172.5890735577,
                5.0
            ],
            "end": [
                134.0534218390646,
                112.058478522043,
                5.0
            ],
            "length": 326.0447765236938,
            "solid_ids": [
                1,
                2
            ],
            "preferred_normal": [
                0.8065764774698184,
                -0.45054164800343727,
                0.38268343236508984
            ]
        },
        "3": {
            "type": "line",
            "start": [
                -35.47094032983,
                -166.7102637917,
                5.0
            ],
            "end": [
                123.52895713362332,
                117.93728828800491,
                5.0
            ],
            "length": 326.04477652365017,
            "solid_ids": [
                1,
                2
            ],
            "preferred_normal": [
                -0.8065764774698184,
                0.45054164800343727,
                0.38268343236508984
            ]
        },
        "4": {
            "type": "line",
            "start": [
                134.05342183907,
                112.05847852204,
                5.0
            ],
            "end": [
                123.52895713364937,
                117.93728828798889,
                5.0
            ],
            "length": 12.055072027983108,
            "solid_ids": [
                1,
                2
            ],
            "preferred_normal": [
                0.4505416480034373,
                0.8065764774698185,
                0.3826834323650899
            ]
        },
        "5": {
            "type": "line",
            "start": [
                -83.77509082847,
                34.565096399261,
                15.0
            ],
            "end": [
                -83.77509082847,
                34.565096399261,
                54.150962224238
            ],
            "length": 39.150962224238,
            "solid_ids": [
                3,
                5
            ],
            "preferred_normal": [
                -0.11644673194432133,
                -0.9931969384867672,
                0.0
            ]
        },
        "6": {
            "type": "line",
            "start": [
                -83.77509082842151,
                34.565096399233916,
                15.0
            ],
            "end": [
                -80.72334207010647,
                40.02845095149909,
                15.0
            ],
            "length": 6.257908072801484,
            "solid_ids": [
                3,
                5
            ],
            "preferred_normal": [
                0.3340949160591157,
                -0.18662046101694868,
                -0.9238795325112868
            ]
        },
        "7": {
            "type": "line",
            "start": [
                -83.77509082847,
                34.565096399261,
                54.150962224238
            ],
            "end": [
                -80.72334207015496,
                40.02845095152619,
                54.150962224238
            ],
            "length": 6.257908072801497,
            "solid_ids": [
                3,
                5
            ],
            "preferred_normal": [
                0.33409491605911606,
                -0.18662046101694887,
                0.9238795325112867
            ]
        },
        "8": {
            "type": "line",
            "start": [
                -80.72334207016,
                40.028450951529,
                15.0
            ],
            "end": [
                -80.72334207016,
                40.028450951529,
                54.150962224238
            ],
            "length": 39.150962224238,
            "solid_ids": [
                3,
                5
            ],
            "preferred_normal": [
                0.7846365640625533,
                0.6199560164528697,
                0.0
            ]
        },
        "9": {
            "type": "line",
            "start": [
                30.003315605023545,
                -28.989832579763654,
                5.0
            ],
            "end": [
                -75.04476994694589,
                29.688468742210354,
                5.0
            ],
            "length": 120.32557219546585,
            "solid_ids": [
                1,
                5
            ],
            "preferred_normal": [
                -0.4505416480034373,
                -0.8065764774698185,
                0.3826834323650899
            ]
        },
        "10": {
            "type": "line",
            "start": [
                30.00331560500529,
                -28.989832579761785,
                5.0
            ],
            "end": [
                33.055064363322614,
                -23.526478027492516,
                5.0
            ],
            "length": 6.257908072806173,
            "solid_ids": [
                1,
                5
            ],
            "preferred_normal": [
                0.8065764774698184,
                -0.4505416480034373,
                0.38268343236508984
            ]
        },
        "11": {
            "type": "line",
            "start": [
                -75.0447699469159,
                29.688468742183975,
                5.0
            ],
            "end": [
                -71.99302118859848,
                35.151823294453415,
                5.0
            ],
            "length": 6.257908072806374,
            "solid_ids": [
                1,
                5
            ],
            "preferred_normal": [
                -0.8065764774698185,
                0.4505416480034374,
                0.3826834323650898
            ]
        },
        "12": {
            "type": "line",
            "start": [
                33.05506436333529,
                -23.526478027501277,
                5.0
            ],
            "end": [
                -71.99302118863024,
                35.151823294470546,
                5.0
            ],
            "length": 120.32557219546138,
            "solid_ids": [
                1,
                5
            ],
            "preferred_normal": [
                0.4505416480034373,
                0.8065764774698185,
                0.3826834323650899
            ]
        },
        "13": {
            "type": "line",
            "start": [
                56.06243476422213,
                17.662175354546246,
                5.0
            ],
            "end": [
                -48.98565078774119,
                76.34047667651684,
                5.0
            ],
            "length": 120.32557219545886,
            "solid_ids": [
                1,
                4
            ],
            "preferred_normal": [
                -0.4505416480034373,
                -0.8065764774698185,
                0.3826834323650899
            ]
        },
        "14": {
            "type": "line",
            "start": [
                56.06243476421258,
                17.662175354551252,
                5.0
            ],
            "end": [
                59.49115016990744,
                23.800389671534347,
                5.0
            ],
            "length": 7.03091490024346,