{
    "contact_edges": {
        "1": {
            "type": "line",
            "start": [
                -84.83799467538,
                -108.5974257988,
                5.0
            ],
            "end": [
                -94.20669548460982,
                -109.79056910140137,
                5.0
            ],
            "length": 9.444371116882586,
            "solid_ids": [
                1,
                2
            ],
            "preferred_normal": [
                0.11671721314041174,
                -0.9164772134374152,
                0.3826834323650899
            ]
        },
        "2": {
            "type": "line",
            "start": [
                -84.83799467538,
                -108.5974257988,
                5.0
            ],
            "end": [
                -110.9666649395177,
                96.56795015730974,
                5.0
            ],
            "length": 206.82248161402543,
            "solid_ids": [
                1,
                2
            ],
            "preferred_normal": [
                0.9164772134374152,
                0.11671721314041174,
                0.3826834323650899
            ]
        },
        "3": {
            "type": "line",
            "start": [
                -94.20669548461,
                -109.7905691014,
                5.0
            ],
            "end": [
                -120.33536574874684,
                95.37480685470304,
                5.0
            ],
            "length": 206.82248161401867,
            "solid_ids": [
                1,
                2
            ],
            "preferred_normal": [
                -0.9164772134374152,
                -0.11671721314041174,
                0.3826834323650899
            ]
        },
        "4": {
            "type": "line",
            "start": [
                -110.9666649395,
                96.567950157312,
                5.0
            ],
            "end": [
                -120.33536574870068,
                95.37480685471434,
                5.0
            ],
            "length": 9.444371116853205,
            "solid_ids": [
                1,
                2
            ],
            "preferred_normal": [
                -0.11671721314041174,
                0.9164772134374152,
                0.3826834323650899
            ]
        }
    }
}