{
    "contact_edges": {
        "1": {
            "type": "line",
            "start": [
                17.23164203996,
                -49.0627916569,
                5.0
            ],
            "end": [
                -10.255889928923951,
                86.42413363407806,
                5.0
            ],
            "length": 138.24713862696575,
            "solid_ids": [
                1,
                2
            ],
            "preferred_normal": [
                -0.9054335477928275,
                -0.18369398772025006,
                0.38268343236508984
            ]
        },
        "2": {
            "type": "line",
            "start": [
                17.23164203996,
                -49.0627916569,
                5.0
            ],
            "end": [
                28.761427530818686,
                -46.7236334938986,
                5.0
            ],
            "length": 11.764676552151851,
            "solid_ids": [
                1,
                2
            ],
            "preferred_normal": [
                0.18369398772025006,
                -0.9054335477928275,
                0.38268343236508984
            ]
        },
        "3": {
            "type": "line",
            "start": [
                -10.25588992887,
                86.424133634089,
                5.0
            ],
            "end": [
                1.2738955619900503,
                88.76329179709069,
                5.0
            ],
            "length": 11.764676552153244,
            "solid_ids": [
                1,
                2
            ],
            "preferred_normal": [
                -0.18369398772025006,
                0.9054335477928275,
                0.38268343236508984
            ]
        },
        "4": {
            "type": "line",
            "start": [
                28.761427530821,
                -46.72363349391,
                5.0
            ],
            "end": [
                1.2738955619356804,
                88.7632917970748,
                5.0
            ],
            "length": 138.24713862697263,
            "solid_ids": [
                1,
                2
            ],
            "preferred_normal": [
                0.9054335477928275,
                0.18369398772025006,
                0.38268343236508984
            ]
        }
    }
}