{
    "contact_edges": {
        "1": {
            "type": "line",
            "start": [
                115.82358958828,
                -50.35190323127,
                5.0
            ],
            "end": [
                -12.84432502568368,
                44.913605366197075,
                5.0
            ],
            "length": 160.09668759671553,
            "solid_ids": [
                1,
                2
            ],
            "preferred_normal": [
                -0.5497543694919239,
                -0.7425116321094309,
                0.38268343236508984
            ]
        },
        "2": {
            "type": "line",
            "start": [
                115.82358958828,
                -50.35190323127,
                5.0
            ],
            "end": [
                123.77775129288109,
                -39.60881883377081,
                5.0
            ],
            "length": 13.367219261863443,
            "solid_ids": [
                1,
                2
            ],
            "preferred_normal": [
                0.7425116321094309,
                -0.5497543694919239,
                0.38268343236508984
            ]
        },
        "3": {
            "type": "line",
            "start": [
                -12.8443250257,
                44.913605366175,
                5.0
            ],
            "end": [
                -4.8901633210991164,
                55.6566897636739,
                5.0
            ],
            "length": 13.367219261863092,
            "solid_ids": [
                1,
                2
            ],
            "preferred_normal": [
                -0.7425116321094309,
                0.5497543694919239,
                0.38268343236508984
            ]
        },
        "4": {
            "type": "line",
            "start": [
                123.77775129288,
                -39.60881883377,
                5.0
            ],
            "end": [
                -4.890163321089463,
                55.65668976370135,
                5.0
            ],
            "length": 160.0966875967227,
            "solid_ids": [
                1,
                2
            ],
            "preferred_normal": [
                0.5497543694919239,
                0.7425116321094309,
                0.38268343236508984
            ]
        }
    }
}