{
    "contact_edges": {
        "1": {
            "type": "line",
            "start": [
                -9.929705110464,
                -116.8833780715,
                5.0
            ],
            "end": [
                -49.31869110901213,
                52.484861156466124,
                5.0
            ],
            "length": 173.88816140604678,
            "solid_ids": [
                1,
                2
            ],
            "preferred_normal": [
                -0.8998648810530917,
                -0.20927633989674702,
                0.38268343236508984
            ]
        },
        "2": {
            "type": "line",
            "start": [
                -9.929705110464,
                -116.8833780715,
                5.0
            ],
            "end": [
                3.3316003624817854,
                -113.79927341305067,
                5.0
            ],
            "length": 13.615209303975123,
            "solid_ids": [
                1,
                2
            ],
            "preferred_normal": [
                0.20927633989674702,
                -0.8998648810530917,
                0.38268343236508984
            ]
        },
        "3": {
            "type": "line",
            "start": [
                -49.31869110909,
                52.484861156448,
                5.0
            ],
            "end": [
                -36.05738563615816,
                55.568965814894085,
                5.0
            ],
            "length": 13.615209303960802,
            "solid_ids": [
                1,
                2
            ],
            "preferred_normal": [
                -0.20927633989674702,
                0.8998648810530917,
                0.38268343236508984
            ]
        },
        "4": {
            "type": "line",
            "start": [
                3.33160036247,
                -113.799273413,
                5.0
            ],
            "end": [
                -36.05738563606818,
                55.56896581492337,
                5.0
            ],
            "length": 173.8881614060029,
            "solid_ids": [
                1,
                2
            ],
            "preferred_normal": [
                0.8998648810530917,
                0.20927633989674702,
                0.38268343236508984
            ]
        },
        "5": {
            "type": "line",
            "start": [
                54.770379078334,
                -92.60650728083,
                15.0
            ],
            "end": [
                54.770379078334,
                -92.60650728083,
                51.857787856147
            ],
            "length": 36.857787856147,
            "solid_ids": [
                3,
                5
            ],
            "preferred_normal": [
                -0.16345989813869546,
                -0.986549979322126,
                0.0
            ]
        },
        "6": {
            "type": "line",
            "start": [
                54.770379078370844,
                -92.60650728082143,
                15.0
            ],
            "end": [
                53.32669705010492,
                -86.3988358484705,
                15.0
            ],
            "length": 6.373335265837183,
            "solid_ids": [
                3,
                5
            ],
            "preferred_normal": [
                -0.9740067285689094,
                -0.22651907800997895,
                0.0
            ]
        },
        "7": {
            "type": "line",
            "start": [
                54.770379078334,
                -92.60650728083,
                51.857787856147
            ],
            "end": [
                53.32669705006808,
                -86.39883584847905,
                51.857787856147
            ],
            "length": 6.373335265837198,
            "solid_ids": [
                3,
                5
            ],
            "preferred_normal": [
                -0.37273623803544265,
                -0.08668509826903428,
                0.9238795325112867
            ]
        },
        "8": {
            "type": "line",
            "start": [
                53.326697050064,
                -86.39883584848,
                15.0
            ],
            "end": [
                53.326697050064,
                -86.39883584848,
                51.857787856147
            ],
            "length": 36.857787856147,
            "solid_ids": [
                3,
                5
            ],
            "preferred_normal": [
                -0.5820125779321896,
                0.8131797827840574,
                0.0
            ]
        },
        "9": {
            "type": "line",
            "start": [
                11.035253869871102,
                -102.77773089590045,
                5.0
            ],
            "end": [
                45.030311792640425,
                -94.87169806091605,
                5.0
            ],
            "length": 34.90228242336441,
            "solid_ids": [
                1,
                5
            ],
            "preferred_normal": [
                0.20927633989674702,
                -0.8998648810530917,
                0.38268343236508984
            ]
        },
        "10": {
            "type": "line",
            "start": [
                11.035253869901227,
                -102.77773089589299,
                5.0
            ],
            "end": [
                9.591571841641919,
                -96.57005946357049,
                5.0
            ],
            "length": 6.373335265807988,
            "solid_ids": [
                1,
                5
            ],
            "preferred_normal": [
                -0.8998648810530917,
                -0.20927633989674702,
                0.38268343236508984
            ]
        },
        "11": {
            "type": "line",
            "start": [
                45.03031179268505,
                -94.87169806093092,
                5.0
            ],
            "end": [
                43.58662976441692,
                -88.6640266285705,
                5.0
            ],
            "length": 6.373335265846928,
            "solid_ids": [
                1,
                5
            ],
            "preferred_normal": [
                0.8998648810530917,
                0.20927633989674704,
                0.3826834323650898
            ]
        },
        "12": {
            "type": "line",
            "start": [
                9.59157184160331,
                -96.57005946358993,
                5.0
            ],
            "end": [
                43.58662976438145,
                -88.66402662860348,
                5.0
            ],
            "length": 34.902282423373464,
            "solid_ids": [
                1,
                5
            ],
            "preferred_normal": [
                -0.20927633989674702,
                0.8998648810530917,
                0.38268343236508984
            ]
        },
        "13": {
            "type": "line",
            "start": [
                -7.489045804662537,
                -23.12531184367059,
                5.0
            ],
            "end": [
                26.506012118115613,
                -15.219279008684136,
                5.0
            ],
            "length": 34.902282423373485,
            "solid_ids": [
                1,
                4
            ],
            "preferred_normal": [
                0.20927633989674702,
                -0.8998648810530917,
                0.38268343236508984
            ]
        },
        "14": {
            "type": "line",
            "start": [
                -7.489045804639187,
                -23.125311843654,
                5.0
            ],
            "end": [
                -9.199278400389012,
                -15.77150275034303,
                5.0
            ],
            "length": 7.550059848267979,