{
    "contact_edges": {
        "1": {
            "type": "line",
            "start": [
                13.814473863109,
                48.138946119113,
                5.0
            ],
            "end": [
                -135.4803607109,
                47.04990760908429,
                5.0
            ],
            "length": 149.29880654364598,
            "solid_ids": [
                1,
                2
            ],
            "preferred_normal": [
                0.006739105374147616,
                -0.9238549534705272,
                0.38268343236508984
            ]
        },
        "2": {
            "type": "line",
            "start": [
                13.814473863109,
                48.138946119113,
                5.0
            ],
            "end": [
                13.69061959275959,
                65.11796259357402,
                5.0
            ],
            "length": 16.97946819898381,
            "solid_ids": [
                1,
                2
            ],
            "preferred_normal": [
                0.9238549534705272,
                0.006739105374147616,
                0.38268343236508984
            ]
        },
        "3": {
            "type": "line",
            "start": [
                -135.4803607109,
                47.049907609084,
                5.0
            ],
            "end": [
                -135.60421498124938,
                64.02892408354464,
                5.0
            ],
            "length": 16.979468198983426,
            "solid_ids": [
                1,
                2
            ],
            "preferred_normal": [
                -0.9238549534705272,
                -0.006739105374147616,
                0.38268343236508984
            ]
        },
        "4": {
            "type": "line",
            "start": [
                13.690619592759,
                65.117962593574,
                5.0
            ],
            "end": [
                -135.60421498120002,
                64.02892408354566,
                5.0
            ],
            "length": 149.29880654359602,
            "solid_ids": [
                1,
                2
            ],
            "preferred_normal": [
                -0.006739105374147616,
                0.9238549534705272,
                0.38268343236508984
            ]
        },
        "5": {
            "type": "line",
            "start": [
                60.913170386439,
                122.02270367326,
                5.0
            ],
            "end": [
                -105.21134295369998,
                120.81090024413663,
                5.0
            ],
            "length": 166.1289330611885,
            "solid_ids": [
                1,
                3
            ],
            "preferred_normal": [
                0.006739105374147616,
                -0.9238549534705272,
                0.38268343236508984
            ]
        },
        "6": {
            "type": "line",
            "start": [
                60.913170386439,
                122.02270367326,
                5.0
            ],
            "end": [
                60.826257833226016,
                133.93742949319,
                5.0
            ],
            "length": 11.91504280965925,
            "solid_ids": [
                1,
                3
            ],
            "preferred_normal": [
                0.9238549534705272,
                0.006739105374147616,
                0.38268343236508984
            ]
        },
        "7": {
            "type": "line",
            "start": [
                -105.2113429537,
                120.81090024414,
                5.0
            ],
            "end": [
                -105.29825550691298,
                132.72562606406993,
                5.0
            ],
            "length": 11.915042809659179,
            "solid_ids": [
                1,
                3
            ],
            "preferred_normal": [
                -0.9238549534705272,
                -0.006739105374147616,
                0.38268343236508984
            ]
        },
        "8": {
            "type": "line",
            "start": [
                60.826257833226,
                133.93742949319,
                5.0
            ],
            "end": [
                -105.29825550689999,
                132.72562606406672,
                5.0
            ],
            "length": 166.1289330611755,
            "solid_ids": [
                1,
                3
            ],
            "preferred_normal": [
                -0.006739105374147616,
                0.9238549534705272,
                0.38268343236508984
            ]
        }
    }
}