{
    "contact_edges": {
        "1": {
            "type": "line",
            "start": [
                55.307738151889,
                -70.69687973575,
                5.0
            ],
            "end": [
                46.67940872856128,
                -85.388647733879,
                5.0
            ],
            "length": 17.038078399523524,
            "solid_ids": [
                1,
                2
            ],
            "preferred_normal": [
                0.7966522650967073,
                -0.46786596276023257,
                0.38268343236508984
            ]
        },
        "2": {
            "type": "line",
            "start": [
                55.307738151889,
                -70.69687973575,
                5.0
            ],
            "end": [
                -188.32771745647736,
                72.38780350041566,
                5.0
            ],
            "length": 282.54461914234025,
            "solid_ids": [
                1,
                2
            ],
            "preferred_normal": [
                0.46786596276023257,
                0.7966522650967073,
                0.38268343236508984
            ]
        },
        "3": {
            "type": "line",
            "start": [
                46.679408728563,
                -85.38864773388,
                5.0
            ],
            "end": [
                -196.95604687978363,
                57.69603550227405,
                5.0
            ],
            "length": 282.5446191423174,
            "solid_ids": [
                1,
                2
            ],
            "preferred_normal": [
                -0.46786596276023257,
                -0.7966522650967073,
                0.38268343236508984
            ]
        },
        "4": {
            "type": "line",
            "start": [
                -188.3277174565,
                72.387803500377,
                5.0
            ],
            "end": [
                -196.95604687982149,
                57.696035502258624,
                5.0
            ],
            "length": 17.03807839951121,
            "solid_ids": [
                1,
                2
            ],
            "preferred_normal": [
                -0.7966522650967073,
                0.46786596276023257,
                0.38268343236508984
            ]
        },
        "5": {
            "type": "line",
            "start": [
                171.01856487246,
                49.180795150311,
                5.0
            ],
            "end": [
                162.9016540280689,
                35.35983802912366,
                5.0
            ],
            "length": 16.028196947925643,
            "solid_ids": [
                1,
                4
            ],
            "preferred_normal": [
                0.7966522650967073,
                -0.46786596276023257,
                0.38268343236508984
            ]
        },
        "6": {
            "type": "line",
            "start": [
                171.01856487246,
                49.180795150311,
                5.0
            ],
            "end": [
                -50.50700276456522,
                179.28056078133224,
                5.0
            ],
            "length": 256.903729311493,
            "solid_ids": [
                1,
                4
            ],
            "preferred_normal": [
                0.46786596276023257,
                0.7966522650967073,
                0.38268343236508984
            ]
        },
        "7": {
            "type": "line",
            "start": [
                162.90165402807,
                35.359838029123,
                5.0
            ],
            "end": [
                -58.62391360895438,
                165.45960366014376,
                5.0
            ],
            "length": 256.9037293114921,
            "solid_ids": [
                1,
                4
            ],
            "preferred_normal": [
                -0.46786596276023257,
                -0.7966522650967073,
                0.38268343236508984
            ]
        },
        "8": {
            "type": "line",
            "start": [
                -50.50700276459,
                179.28056078129,
                5.0
            ],
            "end": [
                -58.623913608981994,
                165.45960366010115,
                5.0
            ],
            "length": 16.028196947927402,
            "solid_ids": [
                1,
                4
            ],
            "preferred_normal": [
                -0.7966522650967073,
                0.46786596276023257,
                0.38268343236508984
            ]
        },
        "9": {
            "type": "line",
            "start": [
                84.594933025398,
                -157.780175766,
                5.0
            ],
            "end": [
                78.59066235087323,
                -168.00386420209426,
                5.0
            ],
            "length": 11.856435871343693,
            "solid_ids": [
                1,
                3
            ],
            "preferred_normal": [
                0.7966522650967073,
                -0.46786596276023257,
                0.38268343236508984
            ]
        },
        "10": {
            "type": "line",
            "start": [
                84.594933025398,
                -157.780175766,
                5.0
            ],
            "end": [
                -180.96934925174364,
                -1.8169104293449274,
                5.0
            ],
            "length": 307.97553174861997,
            "solid_ids": [
                1,
                3
            ],
            "preferred_normal": [
                0.46786596276023257,
                0.7966522650967073,
                0.38268343236508984
            ]
        },
        "11": {
            "type": "line",
            "start": [
                78.590662350883,
                -168.0038642021,
                5.0
            ],
            "end": [
                -186.9736199262567,
                -12.04059886544607,
                5.0
            ],
            "length": 307.9755317486177,
            "solid_ids": [
                1,
                3
            ],
            "preferred_normal": [
                -0.46786596276023257,
                -0.7966522650967073,
                0.38268343236508984
            ]
        },
        "12": {
            "type": "line",
            "start": [
                -180.9693492518,
                -1.816910429441,
                5.0
            ],
            "end": [
                -186.97361992631176,
                -12.04059886551309,
                5.0
            ],
            "length": 11.856435871317993,
            "solid_ids": [
                1,
                3
            ],
            "preferred_normal": [
                -0.7966522650967073,
                0.46786596276023257,
                0.38268343236508984
            ]
        }
    }
}