{
    "contact_edges": {
        "1": {
            "type": "line",
            "start": [
                70.448009130072,
                -26.53631952042,
                5.0
            ],
            "end": [
                -108.20663306781395,
                -72.95862643648636,
                5.0
            ],
            "length": 184.58740953343516,
            "solid_ids": [
                1,
                2
            ],
            "preferred_normal": [
                0.23234856223464276,
                -0.8941854037171306,
                0.38268343236508984
            ]
        },
        "2": {
            "type": "line",
            "start": [
                70.448009130072,
                -26.53631952042,
                5.0
            ],
            "end": [
                67.95844715888815,
                -16.955326400119443,
                5.0
            ],
            "length": 9.89915895314402,
            "solid_ids": [
                1,
                2
            ],
            "preferred_normal": [
                0.8941854037171306,
                0.23234856223464276,
                0.38268343236508984
            ]
        },
        "3": {
            "type": "line",
            "start": [
                -108.2066330678,
                -72.95862643654,
                5.0
            ],
            "end": [
                -110.6961950389823,
                -63.377633316245394,
                5.0
            ],
            "length": 9.899158953137873,
            "solid_ids": [
                1,
                2
            ],
            "preferred_normal": [
                -0.8941854037171306,
                -0.23234856223464276,
                0.38268343236508984
            ]
        },
        "4": {
            "type": "line",
            "start": [
                67.958447158886,
                -16.95532640012,
                5.0
            ],
            "end": [
                -110.69619503901549,
                -63.3776333161904,
                5.0
            ],
            "length": 184.58740953345122,
            "solid_ids": [
                1,
                2
            ],
            "preferred_normal": [
                -0.23234856223464276,
                0.8941854037171306,
                0.38268343236508984
            ]
        },
        "5": {
            "type": "line",
            "start": [
                2.0245030144258727,
                -23.755774913429512,
                5.0
            ],
            "end": [
                -25.920591041248105,
                83.78995280599229,
                5.0
            ],
            "length": 111.11710863985111,
            "solid_ids": [
                1,
                4
            ],
            "preferred_normal": [
                0.8941854037171306,
                0.23234856223464276,
                0.38268343236508984
            ]
        },
        "6": {
            "type": "line",
            "start": [
                2.02450301441527,
                -23.7557749133964,
                5.0
            ],
            "end": [
                -1.500316006536751,
                -24.67167739654027,
                5.0
            ],
            "length": 3.641871289473898,
            "solid_ids": [
                1,
                4
            ],
            "preferred_normal": [
                0.23234856223464276,
                -0.8941854037171306,
                0.38268343236508984
            ]
        },
        "7": {
            "type": "line",
            "start": [
                -25.920591041288624,
                83.78995280601718,
                5.0
            ],
            "end": [
                -29.445410062239024,
                82.87405032287374,
                5.0
            ],
            "length": 3.6418712894722205,
            "solid_ids": [
                1,
                4
            ],
            "preferred_normal": [
                -0.23234856223464276,
                0.8941854037171306,
                0.3826834323650898
            ]
        },
        "8": {
            "type": "line",
            "start": [
                -1.5003160065261891,
                -24.67167739656927,
                5.0
            ],
            "end": [
                -29.445410062198757,
                82.87405032284711,
                5.0
            ],
            "length": 111.11710863984551,
            "solid_ids": [
                1,
                4
            ],
            "preferred_normal": [
                -0.8941854037171306,
                -0.23234856223464276,
                0.38268343236508984
            ]
        },
        "9": {
            "type": "line",
            "start": [
                -28.4355137564,
                93.468545871971,
                15.0
            ],
            "end": [
                -28.4355137564,
                93.468545871971,
                46.66479214973
            ],
            "length": 31.664792149729998,
            "solid_ids": [
                3,
                4
            ],
            "preferred_normal": [
                0.9904273293926089,
                -0.13803515926105428,
                0.0
            ]
        },
        "10": {
            "type": "line",
            "start": [
                -28.43551375640899,
                93.46854587200554,
                15.0
            ],
            "end": [
                -31.960332777359387,
                92.55264338886208,
                15.0
            ],
            "length": 3.6418712894722205,
            "solid_ids": [
                3,
                4
            ],
            "preferred_normal": [
                0.09624192567547808,
                -0.3703837214956966,
                -0.9238795325112868
            ]
        },
        "11": {
            "type": "line",
            "start": [
                -28.4355137564,
                93.468545871971,
                46.66479214973
            ],
            "end": [
                -31.960332777350406,
                92.55264338882755,
                46.66479214973
            ],
            "length": 3.641871289472231,
            "solid_ids": [
                3,
                4
            ],
            "preferred_normal": [
                0.0962419256754782,
                -0.370383721495697,
                0.9238795325112866
            ]
        },
        "12": {
            "type": "line",
            "start": [
                -31.96033277735,
                92.552643388826,
                15.0
            ],
            "end": [
                -31.96033277735,
                92.552643388826,
                46.66479214973
            ],
            "length": 31.664792149729998,
            "solid_ids": [
                3,
                4
            ],
            "preferred_normal": [
                -0.7979434780416524,
                -0.6027322837303398,
                0.0
            ]
        },
        "13": {
            "type": "line",
            "start": [
                89.822412827337,
                124.19713873469,
                5.0
            ],
            "end": [
                -90.68001317592267,
                77.29469659307163,
                5.0
            ],
            "length": 186.4965545845555,
            "solid_ids": [
                1,
                3
            ],
            "preferred_normal": [
                0.23234856223464276,
                -0.8941854037171306,
                0.38268343236508984
            ]
        },
        "14": {
            "type": "line",
            "start": [
                89.822412827337,
                124.19713873469,
                5.0
            ],
            "end": [
                85.85843540693143,
                139.45236870427087,
                5.0
            ],
            "length": 15.761825986042464,