{
    "contact_edges": {
        "1": {
            "type": "line",
            "start": [
                -116.9833753845,
                -142.8883249403,
                5.0
            ],
            "end": [
                -118.62430611100919,
                -128.15110222650102,
                5.0
            ],
            "length": 14.828296832924364,
            "solid_ids": [
                1,
                2
            ],
            "preferred_normal": [
                -0.9182051441746163,
                -0.10223846538630027,
                0.38268343236508984
            ]
        },
        "2": {
            "type": "line",
            "start": [
                -116.9833753845,
                -142.8883249403,
                5.0
            ],
            "end": [
                63.981241414874404,
                -122.7386396241508,
                5.0
            ],
            "length": 182.08295458851785,
            "solid_ids": [
                1,
                2
            ],
            "preferred_normal": [
                0.10223846538630027,
                -0.9182051441746163,
                0.38268343236508984
            ]
        },
        "3": {
            "type": "line",
            "start": [
                -118.624306111,
                -128.1511022265,
                5.0
            ],
            "end": [
                62.34031068837949,
                -108.00141691035023,
                5.0
            ],
            "length": 182.08295458852297,
            "solid_ids": [
                1,
                2
            ],
            "preferred_normal": [
                -0.10223846538630027,
                0.9182051441746163,
                0.38268343236508984
            ]
        },
        "4": {
            "type": "line",
            "start": [
                63.981241414891,
                -122.7386396243,
                5.0
            ],
            "end": [
                62.340310688370735,
                -108.00141691040159,
                5.0
            ],
            "length": 14.828296833024412,
            "solid_ids": [
                1,
                2
            ],
            "preferred_normal": [
                0.9182051441746163,
                0.10223846538630027,
                0.38268343236508984
            ]
        },
        "5": {
            "type": "line",
            "start": [
                38.65132868873135,
                -100.57729148250007,
                5.0
            ],
            "end": [
                25.432332624956118,
                18.142704369558672,
                5.0
            ],
            "length": 119.45366998149095,
            "solid_ids": [
                1,
                4
            ],
            "preferred_normal": [
                -0.9182051441746163,
                -0.10223846538630027,
                0.38268343236508984
            ]
        },
        "6": {
            "type": "line",
            "start": [
                38.65132868872564,
                -100.57729148244256,
                5.0
            ],
            "end": [
                46.35771709658299,
                -99.71921599736308,
                5.0
            ],
            "length": 7.754012885651692,
            "solid_ids": [
                1,
                4
            ],
            "preferred_normal": [
                0.10223846538630027,
                -0.9182051441746163,
                0.3826834323650898
            ]
        },
        "7": {
            "type": "line",
            "start": [
                25.43233262498929,
                18.142704369614524,
                5.0
            ],
            "end": [
                33.13872103285305,
                19.000779854694716,
                5.0
            ],
            "length": 7.754012885658144,
            "solid_ids": [
                1,
                4
            ],
            "preferred_normal": [
                -0.10223846538630027,
                0.9182051441746163,
                0.38268343236508984
            ]
        },
        "8": {
            "type": "line",
            "start": [
                46.35771709659315,
                -99.71921599748032,
                5.0
            ],
            "end": [
                33.13872103281154,
                19.00077985463573,
                5.0
            ],
            "length": 119.45366998154861,
            "solid_ids": [
                1,
                4
            ],
            "preferred_normal": [
                0.9182051441746163,
                0.10223846538630027,
                0.38268343236508984
            ]
        },
        "9": {
            "type": "line",
            "start": [
                24.325711449959,
                28.081285232793,
                15.0
            ],
            "end": [
                24.325711449959,
                28.081285232793,
                47.317224661737
            ],
            "length": 32.317224661737,
            "solid_ids": [
                3,
                4
            ],
            "preferred_normal": [
                -0.8758565852153984,
                -0.4825714891441696,
                0.0
            ]
        },
        "10": {
            "type": "line",
            "start": [
                24.325711449953726,
                28.081285232840564,
                15.0
            ],
            "end": [
                32.0320998578165,
                28.939360717920646,
                15.0
            ],
            "length": 7.75401288565715,
            "solid_ids": [
                3,
                4
            ],
            "preferred_normal": [
                0.04234855895921774,
                -0.3803330237578686,
                -0.9238795325112871
            ]
        },
        "11": {
            "type": "line",
            "start": [
                24.325711449959,
                28.081285232793,
                47.317224661737
            ],
            "end": [
                32.03209985782176,
                28.939360717873086,
                47.317224661737
            ],
            "length": 7.75401288565714,
            "solid_ids": [
                3,
                4
            ],
            "preferred_normal": [
                0.042348558959217825,
                -0.3803330237578693,
                0.9238795325112866
            ]
        },
        "12": {
            "type": "line",
            "start": [
                32.032099857822,
                28.939360717871,
                15.0
            ],
            "end": [
                32.032099857822,
                28.939360717871,
                47.317224661737
            ],
            "length": 32.317224661737,
            "solid_ids": [
                3,
                4
            ],
            "preferred_normal": [
                0.9605537031338341,
                -0.27809455837156905,
                0.0
            ]
        },
        "13": {
            "type": "line",
            "start": [
                -129.9867121406,
                10.899214888291,
                5.0
            ],
            "end": [
                -131.79783369025276,
                27.164923859305258,
                5.0
            ],
            "length": 16.366228936360088,
            "solid_ids": [
                1,
                3
            ],
            "preferred_normal": [
                -0.9182051441746163,
                -0.10223846538630027,
                0.38268343236508984
            ]
        },
        "14": {
            "type": "line",
            "start": [
                -129.9867121406,
                10.899214888291,
                5.0
            ],
            "end": [
                63.55496060231271,
                32.44930501256277,
                5.0
            ],
            "length": 194.73773510156926,