{
    "contact_edges": {
        "1": {
            "type": "line",
            "start": [
                -83.43881589945,
                -123.450533088,
                5.0
            ],
            "end": [
                -95.74824793800346,
                -118.74851681868289,
                5.0
            ],
            "length": 13.176914438087888,
            "solid_ids": [
                1,
                2
            ],
            "preferred_normal": [
                -0.3296747970223241,
                -0.8630573091061585,
                0.38268343236508984
            ]
        },
        "2": {
            "type": "line",
            "start": [
                -83.43881589945,
                -123.450533088,
                5.0
            ],
            "end": [
                2.4721154754060173,
                101.45612621652135,
                5.0
            ],
            "length": 240.75650256891353,
            "solid_ids": [
                1,
                2
            ],
            "preferred_normal": [
                0.8630573091061584,
                -0.3296747970223241,
                0.3826834323650898
            ]
        },
        "3": {
            "type": "line",
            "start": [
                -95.74824793801,
                -118.7485168187,
                5.0
            ],
            "end": [
                -9.837316563147045,
                106.15814248583949,
                5.0
            ],
            "length": 240.75650256893294,
            "solid_ids": [
                1,
                2
            ],
            "preferred_normal": [
                -0.8630573091061584,
                0.3296747970223241,
                0.3826834323650898
            ]
        },
        "4": {
            "type": "line",
            "start": [
                2.472115475488,
                101.45612621649,
                5.0
            ],
            "end": [
                -9.837316563070386,
                106.158142485809,
                5.0
            ],
            "length": 13.176914438093165,
            "solid_ids": [
                1,
                2
            ],
            "preferred_normal": [
                0.3296747970223241,
                0.8630573091061585,
                0.38268343236508984
            ]
        },
        "5": {
            "type": "line",
            "start": [
                115.7093072254,
                -47.3252837096,
                5.0
            ],
            "end": [
                -23.363017964883475,
                5.79823438679775,
                5.0
            ],
            "length": 148.87316685276178,
            "solid_ids": [
                1,
                3
            ],
            "preferred_normal": [
                -0.3296747970223241,
                -0.8630573091061585,
                0.38268343236508984
            ]
        },
        "6": {
            "type": "line",
            "start": [
                115.7093072254,
                -47.3252837096,
                5.0
            ],
            "end": [
                118.95185354521895,
                -38.836605391719594,
                5.0
            ],
            "length": 9.086900803938843,
            "solid_ids": [
                1,
                3
            ],
            "preferred_normal": [
                0.8630573091061584,
                -0.3296747970223241,
                0.3826834323650898
            ]
        },
        "7": {
            "type": "line",
            "start": [
                -23.36301796491562,
                5.798234386850468,
                5.0
            ],
            "end": [
                -20.120471645097666,
                14.28691270472825,
                5.0
            ],
            "length": 9.086900803936032,
            "solid_ids": [
                1,
                3
            ],
            "preferred_normal": [
                -0.8630573091061584,
                0.3296747970223241,
                0.38268343236508984
            ]
        },
        "8": {
            "type": "line",
            "start": [
                118.95185354522,
                -38.83660539172,
                5.0
            ],
            "end": [
                -20.120471645062487,
                14.286912704677377,
                5.0
            ],
            "length": 148.87316685276076,
            "solid_ids": [
                1,
                3
            ],
            "preferred_normal": [
                0.3296747970223241,
                0.8630573091061585,
                0.38268343236508984
            ]
        },
        "9": {
            "type": "line",
            "start": [
                -32.70468296269,
                9.366608676134,
                15.0
            ],
            "end": [
                -32.70468296269,
                9.366608676134,
                50.344743507815
            ],
            "length": 35.344743507815,
            "solid_ids": [
                2,
                3
            ],
            "preferred_normal": [
                0.027815245514675298,
                -0.9996130812054024,
                0.0
            ]
        },
        "10": {
            "type": "line",
            "start": [
                -32.704682962735276,
                9.366608676151355,
                15.0
            ],
            "end": [
                -29.462136642917333,
                17.855286994029107,
                15.0
            ],
            "length": 9.086900803936002,
            "solid_ids": [
                2,
                3
            ],
            "preferred_normal": [
                0.9341664997818477,
                -0.3568374289299418,
                0.0
            ]
        },
        "11": {
            "type": "line",
            "start": [
                -32.70468296269,
                9.366608676134,
                50.344743507815
            ],
            "end": [
                -29.462136642872046,
                17.855286994011784,
                50.344743507815
            ],
            "length": 9.086900803936036,
            "solid_ids": [
                2,
                3
            ],
            "preferred_normal": [
                0.35749004253699945,
                -0.13655577209924394,
                0.9238795325112867
            ]
        },
        "12": {
            "type": "line",
            "start": [
                -29.46213664287,
                17.855286994011,
                15.0
            ],
            "end": [
                -29.46213664287,
                17.855286994011,
                50.344743507815
            ],
            "length": 35.344743507815,
            "solid_ids": [
                2,
                3
            ],
            "preferred_normal": [
                0.6871648395593236,
                0.7265015370069144,
                0.0
            ]
        }
    }
}