{
    "contact_edges": {
        "1": {
            "type": "line",
            "start": [
                -33.24655674476,
                144.11382318845,
                5.0
            ],
            "end": [
                -69.71240140750557,
                -86.47295388131707,
                5.0
            ],
            "length": 233.45239254800956,
            "solid_ids": [
                1,
                2
            ],
            "preferred_normal": [
                0.9125389612731859,
                -0.14431228205433025,
                0.3826834323650898
            ]
        },
        "2": {
            "type": "line",
            "start": [
                -33.24655674476,
                144.11382318845,
                5.0
            ],
            "end": [
                -47.15998451702931,
                146.31414404950436,
                5.0
            ],
            "length": 14.086336793707082,
            "solid_ids": [
                1,
                2
            ],
            "preferred_normal": [
                0.14431228205433022,
                0.9125389612731859,
                0.3826834323650898
            ]
        },
        "3": {
            "type": "line",
            "start": [
                -69.71240140755,
                -86.47295388131,
                5.0
            ],
            "end": [
                -83.62582917980956,
                -84.27263302025717,
                5.0
            ],
            "length": 14.086336793697207,
            "solid_ids": [
                1,
                2
            ],
            "preferred_normal": [
                -0.14431228205433022,
                -0.9125389612731859,
                0.3826834323650898
            ]
        },
        "4": {
            "type": "line",
            "start": [
                -47.15998451703,
                146.3141440495,
                5.0
            ],
            "end": [
                -83.62582917977532,
                -84.27263302026553,
                5.0
            ],
            "length": 233.45239254800796,
            "solid_ids": [
                1,
                2
            ],
            "preferred_normal": [
                -0.9125389612731859,
                0.14431228205433025,
                0.3826834323650898
            ]
        },
        "5": {
            "type": "line",
            "start": [
                101.14250095765,
                69.000573152258,
                5.0
            ],
            "end": [
                75.27822192542479,
                -94.54865485635301,
                5.0
            ],
            "length": 165.5817348383252,
            "solid_ids": [
                1,
                3
            ],
            "preferred_normal": [
                0.9125389612731859,
                -0.14431228205433025,
                0.3826834323650898
            ]
        },
        "6": {
            "type": "line",
            "start": [
                101.14250095765,
                69.000573152258,
                5.0
            ],
            "end": [
                88.63574603556852,
                70.97843757284298,
                5.0
            ],
            "length": 12.662182527006369,
            "solid_ids": [
                1,
                3
            ],
            "preferred_normal": [
                0.14431228205433022,
                0.9125389612731859,
                0.3826834323650898
            ]
        },
        "7": {
            "type": "line",
            "start": [
                75.278221925406,
                -94.54865485635,
                5.0
            ],
            "end": [
                62.77146700331697,
                -92.57079043576383,
                5.0
            ],
            "length": 12.662182527014009,
            "solid_ids": [
                1,
                3
            ],
            "preferred_normal": [
                -0.14431228205433022,
                -0.9125389612731859,
                0.3826834323650898
            ]
        },
        "8": {
            "type": "line",
            "start": [
                88.635746035569,
                70.978437572846,
                5.0
            ],
            "end": [
                62.77146700334233,
                -92.57079043577419,
                5.0
            ],
            "length": 165.58173483833448,
            "solid_ids": [
                1,
                3
            ],
            "preferred_normal": [
                -0.9125389612731859,
                0.14431228205433025,
                0.3826834323650898
            ]
        }
    }
}