{
    "contact_edges": {
        "1": {
            "type": "line",
            "start": [
                38.550586736194,
                -126.0720339779,
                5.0
            ],
            "end": [
                26.894373520408156,
                -134.19429024431025,
                5.0
            ],
            "length": 14.206982557499712,
            "solid_ids": [
                1,
                2
            ],
            "preferred_normal": [
                0.5281900144507957,
                -0.7580030997481091,
                0.38268343236508984
            ]
        },
        "2": {
            "type": "line",
            "start": [
                38.550586736194,
                -126.0720339779,
                5.0
            ],
            "end": [
                -117.61155040206368,
                98.03554241611698,
                5.0
            ],
            "length": 273.1498103107307,
            "solid_ids": [
                1,
                2
            ],
            "preferred_normal": [
                0.7580030997481091,
                0.5281900144507957,
                0.38268343236508984
            ]
        },
        "3": {
            "type": "line",
            "start": [
                26.894373520401,
                -134.1942902443,
                5.0
            ],
            "end": [
                -129.26776361784772,
                89.91328614970413,
                5.0
            ],
            "length": 273.149810310715,
            "solid_ids": [
                1,
                2
            ],
            "preferred_normal": [
                -0.7580030997481091,
                -0.5281900144507957,
                0.38268343236508984
            ]
        },
        "4": {
            "type": "line",
            "start": [
                -117.6115504022,
                98.035542416022,
                5.0
            ],
            "end": [
                -129.26776361800182,
                89.9132861496006,
                5.0
            ],
            "length": 14.206982557519204,
            "solid_ids": [
                1,
                2
            ],
            "preferred_normal": [
                -0.5281900144507957,
                0.7580030997481091,
                0.38268343236508984
            ]
        },
        "5": {
            "type": "line",
            "start": [
                124.49792921203,
                114.60473033436,
                5.0
            ],
            "end": [
                -38.04526384022701,
                1.3417482757377968,
                5.0
            ],
            "length": 198.1130806192137,
            "solid_ids": [
                1,
                3
            ],
            "preferred_normal": [
                0.5281900144507957,
                -0.7580030997481091,
                0.38268343236508984
            ]
        },
        "6": {
            "type": "line",
            "start": [
                124.49792921203,
                114.60473033436,
                5.0
            ],
            "end": [
                122.32135877092443,
                117.72831672569612,
                5.0
            ],
            "length": 3.8071315749832815,
            "solid_ids": [
                1,
                3
            ],
            "preferred_normal": [
                0.7580030997481091,
                0.5281900144507957,
                0.38268343236508984
            ]
        },
        "7": {
            "type": "line",
            "start": [
                -38.04526384005514,
                1.3417482757360406,
                5.0
            ],
            "end": [
                -40.221834281162586,
                4.465334667074844,
                5.0
            ],
            "length": 3.8071315749865566,
            "solid_ids": [
                1,
                3
            ],
            "preferred_normal": [
                -0.7580030997481091,
                -0.5281900144507957,
                0.38268343236508984
            ]
        },
        "8": {
            "type": "line",
            "start": [
                122.32135877093,
                117.7283167257,
                5.0
            ],
            "end": [
                -40.22183428133514,
                4.465334667072124,
                5.0
            ],
            "length": 198.1130806192236,
            "solid_ids": [
                1,
                3
            ],
            "preferred_normal": [
                -0.5281900144507957,
                0.7580030997481091,
                0.38268343236508984
            ]
        },
        "9": {
            "type": "line",
            "start": [
                -46.24983026982,
                -4.375339243487,
                15.0
            ],
            "end": [
                -46.24983026982,
                -4.375339243487,
                86.969857063089
            ],
            "length": 71.969857063089,
            "solid_ids": [
                2,
                3
            ],
            "preferred_normal": [
                0.8421651786873084,
                -0.5392196322525487,
                0.0
            ]
        },
        "10": {
            "type": "line",
            "start": [
                -46.24983026972851,
                -4.375339243423237,
                15.0
            ],
            "end": [
                -48.42640071083269,
                -1.2517528520891212,
                15.0
            ],
            "length": 3.8071315749808425,
            "solid_ids": [
                2,
                3
            ],
            "preferred_normal": [
                0.3139751642365129,
                0.2187834674955607,
                -0.9238795325112867
            ]
        },
        "11": {
            "type": "line",
            "start": [
                -46.24983026982,
                -4.375339243487,
                86.969857063089
            ],
            "end": [
                -48.42640071092416,
                -1.2517528521529029,
                86.969857063089
            ],
            "length": 3.8071315749808186,
            "solid_ids": [
                2,
                3
            ],
            "preferred_normal": [
                0.3139751642365129,
                0.2187834674955607,
                0.9238795325112867
            ]
        },
        "12": {
            "type": "line",
            "start": [
                -48.42640071092,
                -1.25175285215,
                15.0
            ],
            "end": [
                -48.42640071092,
                -1.25175285215,
                86.969857063089
            ],
            "length": 71.969857063089,
            "solid_ids": [
                2,
                3
            ],
            "preferred_normal": [
                -0.21421485021428294,
                0.9767865672436697,
                0.0
            ]
        }
    }
}