{
    "contact_edges": {
        "1": {
            "type": "line",
            "start": [
                143.83490312758,
                38.788608271535,
                5.0
            ],
            "end": [
                -107.16822302250073,
                16.719473534981038,
                5.0
            ],
            "length": 251.97145879073986,
            "solid_ids": [
                1,
                2
            ],
            "preferred_normal": [
                0.08091877540888132,
                -0.9203290402783131,
                0.38268343236508984
            ]
        },
        "2": {
            "type": "line",
            "start": [
                143.83490312758,
                38.788608271535,
                5.0
            ],
            "end": [
                143.04589399437899,
                47.76239729219792,
                5.0
            ],
            "length": 9.008408560874944,
            "solid_ids": [
                1,
                2
            ],
            "preferred_normal": [
                0.9203290402783131,
                0.08091877540888132,
                0.38268343236508984
            ]
        },
        "3": {
            "type": "line",
            "start": [
                -107.1682230225,
                16.719473534973,
                5.0
            ],
            "end": [
                -107.957232155701,
                25.69326255563591,
                5.0
            ],
            "length": 9.008408560874933,
            "solid_ids": [
                1,
                2
            ],
            "preferred_normal": [
                -0.9203290402783131,
                -0.08091877540888132,
                0.38268343236508984
            ]
        },
        "4": {
            "type": "line",
            "start": [
                143.04589399438,
                47.762397292198,
                5.0
            ],
            "end": [
                -107.95723215570071,
                25.693262555644043,
                5.0
            ],
            "length": 251.97145879073986,
            "solid_ids": [
                1,
                2
            ],
            "preferred_normal": [
                -0.08091877540888132,
                0.9203290402783131,
                0.38268343236508984
            ]
        },
        "5": {
            "type": "line",
            "start": [
                143.31938317298,
                -114.0511779336,
                5.0
            ],
            "end": [
                34.5243503099298,
                -123.61684460775469,
                5.0
            ],
            "length": 109.21474788046349,
            "solid_ids": [
                1,
                3
            ],
            "preferred_normal": [
                0.08091877540888132,
                -0.9203290402783131,
                0.38268343236508984
            ]
        },
        "6": {
            "type": "line",
            "start": [
                143.31938317298,
                -114.0511779336,
                5.0
            ],
            "end": [
                141.842910334941,
                -97.25852600376992,
                5.0
            ],
            "length": 16.857435477494583,
            "solid_ids": [
                1,
                3
            ],
            "preferred_normal": [
                0.9203290402783131,
                0.08091877540888132,
                0.38268343236508984
            ]
        },
        "7": {
            "type": "line",
            "start": [
                34.524350309925,
                -123.6168446077,
                5.0
            ],
            "end": [
                33.04787747188861,
                -106.82419267789977,
                5.0
            ],
            "length": 16.857435477464612,
            "solid_ids": [
                1,
                3
            ],
            "preferred_normal": [
                -0.9203290402783131,
                -0.08091877540888132,
                0.38268343236508984
            ]
        },
        "8": {
            "type": "line",
            "start": [
                141.84291033494,
                -97.25852600377,
                5.0
            ],
            "end": [
                33.04787747188818,
                -106.82419267792483,
                5.0
            ],
            "length": 109.21474788046514,
            "solid_ids": [
                1,
                3
            ],
            "preferred_normal": [
                -0.08091877540888132,
                0.9203290402783131,
                0.38268343236508984
            ]
        }
    }
}