{
    "contact_edges": {
        "1": {
            "type": "line",
            "start": [
                101.84040979103,
                -10.9166542541,
                5.0
            ],
            "end": [
                87.61406868240597,
                -10.980015208285206,
                5.0
            ],
            "length": 14.226482205712035,
            "solid_ids": [
                1,
                2
            ],
            "preferred_normal": [
                0.004114712821177582,
                -0.9238703695495775,
                0.3826834323650898
            ]
        },
        "2": {
            "type": "line",
            "start": [
                101.84040979103,
                -10.9166542541,
                5.0
            ],
            "end": [
                100.96783209513565,
                185.00192218155001,
                5.0
            ],
            "length": 195.92051955935347,
            "solid_ids": [
                1,
                2
            ],
            "preferred_normal": [
                0.9238703695495775,
                0.004114712821177582,
                0.3826834323650898
            ]
        },
        "3": {
            "type": "line",
            "start": [
                87.614068682406,
                -10.98001520829,
                5.0
            ],
            "end": [
                86.74149098651165,
                184.93856122736005,
                5.0
            ],
            "length": 195.92051955935352,
            "solid_ids": [
                1,
                2
            ],
            "preferred_normal": [
                -0.9238703695495775,
                -0.004114712821177582,
                0.3826834323650898
            ]
        },
        "4": {
            "type": "line",
            "start": [
                100.96783209513,
                185.00192218155,
                5.0
            ],
            "end": [
                86.74149098651198,
                184.9385612273648,
                5.0
            ],
            "length": 14.226482205706038,
            "solid_ids": [
                1,
                2
            ],
            "preferred_normal": [
                -0.004114712821177582,
                0.9238703695495775,
                0.3826834323650898
            ]
        },
        "5": {
            "type": "line",
            "start": [
                76.773616121051,
                177.70328362004915,
                5.0
            ],
            "end": [
                -151.57672288560002,
                176.68626207828348,
                5.0
            ],
            "length": 228.35260378911573,
            "solid_ids": [
                1,
                3
            ],
            "preferred_normal": [
                0.004114712821177582,
                -0.9238703695495775,
                0.3826834323650898
            ]
        },
        "6": {
            "type": "line",
            "start": [
                76.77361612105135,
                177.70328362005003,
                5.0
            ],
            "end": [
                76.74180810515851,
                184.84509027210007,
                5.0
            ],
            "length": 7.141877484607334,
            "solid_ids": [
                1,
                3
            ],
            "preferred_normal": [
                0.9238703695495776,
                0.004114712821177584,
                0.3826834323650898
            ]
        },
        "7": {
            "type": "line",
            "start": [
                -151.5767228856,
                176.68626207829,
                5.0
            ],
            "end": [
                -151.6085309014928,
                183.82806873033002,
                5.0
            ],
            "length": 7.141877484597301,
            "solid_ids": [
                1,
                3
            ],
            "preferred_normal": [
                -0.9238703695495775,
                -0.004114712821177582,
                0.3826834323650898
            ]
        },
        "8": {
            "type": "line",
            "start": [
                76.741808105158,
                184.84509027209916,
                5.0
            ],
            "end": [
                -151.60853090150002,
                183.82806873033346,
                5.0
            ],
            "length": 228.35260378912272,
            "solid_ids": [
                1,
                3
            ],
            "preferred_normal": [
                -0.004114712821177582,
                0.9238703695495775,
                0.3826834323650898
            ]
        },
        "9": {
            "type": "line",
            "start": [
                86.77351694186841,
                177.74782095069003,
                15.0
            ],
            "end": [
                86.74170892597556,
                184.88962760274003,
                15.0
            ],
            "length": 7.141877484607306,
            "solid_ids": [
                2,
                3
            ],
            "preferred_normal": [
                -0.38267963694207724,
                -0.0017043698558022098,
                -0.9238795325112873
            ]
        },
        "10": {
            "type": "line",
            "start": [
                86.773516941868,
                177.74782095069,
                15.0
            ],
            "end": [
                86.773516941868,
                177.74782095069,
                63.056365745826
            ],
            "length": 48.056365745826,
            "solid_ids": [
                2,
                3
            ],
            "preferred_normal": [
                -0.3785649241209009,
                -0.9255747394053798,
                0.0
            ]
        },
        "11": {
            "type": "line",
            "start": [
                86.741708925975,
                184.88962760274,
                15.0
            ],
            "end": [
                86.741708925975,
                184.88962760274,
                63.056365745826
            ],
            "length": 48.056365745826,
            "solid_ids": [
                2,
                3
            ],
            "preferred_normal": [
                -0.004453733064085722,
                0.9999900820817144,
                0.0
            ]
        },
        "12": {
            "type": "line",
            "start": [
                86.773516941868,
                177.74782095069,
                63.056365745826
            ],
            "end": [
                86.74170892597515,
                184.88962760274,
                63.056365745826
            ],
            "length": 7.141877484607306,
            "solid_ids": [
                2,
                3
            ],
            "preferred_normal": [
                -0.3826796369420784,
                -0.0017043698558022152,
                0.9238795325112867
            ]
        }
    }
}