{
    "contact_edges": {
        "1": {
            "type": "line",
            "start": [
                -27.72626918095,
                -191.2212536724,
                5.0
            ],
            "end": [
                -163.14176336411447,
                94.7114625567412,
                5.0
            ],
            "length": 316.37773985387344,
            "solid_ids": [
                1,
                2
            ],
            "preferred_normal": [
                -0.8349746234405534,
                -0.39543743981011664,
                0.3826834323650898
            ]
        },
        "2": {
            "type": "line",
            "start": [
                -27.72626918095,
                -191.2212536724,
                5.0
            ],
            "end": [
                -13.435186106167533,
                -184.45310869582633,
                5.0
            ],
            "length": 15.812743021824303,
            "solid_ids": [
                1,
                2
            ],
            "preferred_normal": [
                0.3954374398101167,
                -0.8349746234405535,
                0.38268343236508984
            ]
        },
        "3": {
            "type": "line",
            "start": [
                -163.1417633641,
                94.711462556748,
                5.0
            ],
            "end": [
                -148.8506802893894,
                101.47960753328763,
                5.0
            ],
            "length": 15.812743021744785,
            "solid_ids": [
                1,
                2
            ],
            "preferred_normal": [
                -0.3954374398101167,
                0.8349746234405535,
                0.38268343236508984
            ]
        },
        "4": {
            "type": "line",
            "start": [
                -13.43518610618,
                -184.4531086958,
                5.0
            ],
            "end": [
                -148.8506802893426,
                101.47960753333723,
                5.0
            ],
            "length": 316.37773985386906,
            "solid_ids": [
                1,
                2
            ],
            "preferred_normal": [
                0.8349746234405534,
                0.39543743981011664,
                0.3826834323650898
            ]
        },
        "5": {
            "type": "line",
            "start": [
                56.65683890709,
                -165.2195421825,
                5.0
            ],
            "end": [
                -47.874333468947064,
                55.50026708591964,
                5.0
            ],
            "length": 244.2212116131527,
            "solid_ids": [
                1,
                4
            ],
            "preferred_normal": [
                -0.8349746234405534,
                -0.39543743981011664,
                0.3826834323650898
            ]
        },
        "6": {
            "type": "line",
            "start": [
                56.65683890709,
                -165.2195421825,
                5.0
            ],
            "end": [
                70.68357847545425,
                -158.57658821948996,
                5.0
            ],
            "length": 15.520253228391157,
            "solid_ids": [
                1,
                4
            ],
            "preferred_normal": [
                0.3954374398101167,
                -0.8349746234405535,
                0.38268343236508984
            ]
        },
        "7": {
            "type": "line",
            "start": [
                -47.87433346898,
                55.500267085904,
                5.0
            ],
            "end": [
                -33.84759390060951,
                62.14322104891697,
                5.0
            ],
            "length": 15.520253228398047,
            "solid_ids": [
                1,
                4
            ],
            "preferred_normal": [
                -0.3954374398101167,
                0.8349746234405535,
                0.38268343236508984
            ]
        },
        "8": {
            "type": "line",
            "start": [
                70.683578475459,
                -158.5765882195,
                5.0
            ],
            "end": [
                -33.847593900583306,
                62.143221048930705,
                5.0
            ],
            "length": 244.22121161316497,
            "solid_ids": [
                1,
                4
            ],
            "preferred_normal": [
                0.8349746234405534,
                0.39543743981011664,
                0.3826834323650898
            ]
        },
        "9": {
            "type": "line",
            "start": [
                117.30175025986,
                38.441791354569,
                5.0
            ],
            "end": [
                56.029302067091834,
                167.8198780162775,
                5.0
            ],
            "length": 143.15377122444247,
            "solid_ids": [
                1,
                3
            ],
            "preferred_normal": [
                -0.8349746234405534,
                -0.39543743981011664,
                0.3826834323650898
            ]
        },
        "10": {
            "type": "line",
            "start": [
                117.30175025986,
                38.441791354569,
                5.0
            ],
            "end": [
                126.52349651211125,
                42.809138129184355,
                5.0
            ],
            "length": 10.203642574622709,
            "solid_ids": [
                1,
                3
            ],
            "preferred_normal": [
                0.3954374398101167,
                -0.8349746234405535,
                0.38268343236508984
            ]
        },
        "11": {
            "type": "line",
            "start": [
                56.029302067076,
                167.81987801627,
                5.0
            ],
            "end": [
                65.25104831932967,
                172.1872247908865,
                5.0
            ],
            "length": 10.203642574625379,
            "solid_ids": [
                1,
                3
            ],
            "preferred_normal": [
                -0.3954374398101167,
                0.8349746234405535,
                0.38268343236508984
            ]
        },
        "12": {
            "type": "line",
            "start": [
                126.52349651211,
                42.809138129187,
                5.0
            ],
            "end": [
                65.25104831934142,
                172.18722479089638,
                5.0
            ],
            "length": 143.15377122444343,
            "solid_ids": [
                1,
                3
            ],
            "preferred_normal": [
                0.8349746234405534,
                0.39543743981011664,
                0.3826834323650898
            ]
        }
    }
}