{
    "contact_edges": {
        "1": {
            "type": "line",
            "start": [
                131.55621755151,
                119.40335627925,
                5.0
            ],
            "end": [
                130.79123934066598,
                110.31869818915034,
                5.0
            ],
            "length": 9.11680888672563,
            "solid_ids": [
                1,
                2
            ],
            "preferred_normal": [
                0.9206214338360024,
                -0.0775213915962354,
                0.38268343236508984
            ]
        },
        "2": {
            "type": "line",
            "start": [
                131.55621755151,
                119.40335627925,
                5.0
            ],
            "end": [
                -136.6429974846998,
                141.98720628586267,
                5.0
            ],
            "length": 269.14837771601054,
            "solid_ids": [
                1,
                2
            ],
            "preferred_normal": [
                0.0775213915962354,
                0.9206214338360024,
                0.38268343236508984
            ]
        },
        "3": {
            "type": "line",
            "start": [
                130.79123934067,
                110.31869818915,
                5.0
            ],
            "end": [
                -137.4079756955001,
                132.90254819575932,
                5.0
            ],
            "length": 269.14837771597075,
            "solid_ids": [
                1,
                2
            ],
            "preferred_normal": [
                -0.0775213915962354,
                -0.9206214338360024,
                0.38268343236508984
            ]
        },
        "4": {
            "type": "line",
            "start": [
                -136.6429974847,
                141.98720628586,
                5.0
            ],
            "end": [
                -137.40797569554374,
                132.9025481957637,
                5.0
            ],
            "length": 9.11680888672225,
            "solid_ids": [
                1,
                2
            ],
            "preferred_normal": [
                -0.9206214338360024,
                0.0775213915962354,
                0.38268343236508984
            ]
        },
        "5": {
            "type": "line",
            "start": [
                24.157008398573296,
                109.26249711131997,
                5.0
            ],
            "end": [
                5.787437357800376,
                -108.88917021930014,
                5.0
            ],
            "length": 218.9237106833144,
            "solid_ids": [
                1,
                4
            ],
            "preferred_normal": [
                0.9206214338360024,
                -0.0775213915962354,
                0.38268343236508984
            ]
        },
        "6": {
            "type": "line",
            "start": [
                24.15700839857363,
                109.26249711132776,
                5.0
            ],
            "end": [
                16.09028102281013,
                109.9417599535918,
                5.0
            ],
            "length": 8.095275694117705,
            "solid_ids": [
                1,
                4
            ],
            "preferred_normal": [
                0.07752139159623539,
                0.9206214338360024,
                0.3826834323650898
            ]
        },
        "7": {
            "type": "line",
            "start": [
                5.787437357806111,
                -108.88917021921546,
                5.0
            ],
            "end": [
                -2.279290017958916,
                -108.20990737695129,
                5.0
            ],
            "length": 8.095275694119238,
            "solid_ids": [
                1,
                4
            ],
            "preferred_normal": [
                -0.0775213915962354,
                -0.9206214338360024,
                0.38268343236508984
            ]
        },
        "8": {
            "type": "line",
            "start": [
                16.090281022810295,
                109.94175995358997,
                5.0
            ],
            "end": [
                -2.2792900179601094,
                -108.20990737700028,
                5.0
            ],
            "length": 218.92371068328444,
            "solid_ids": [
                1,
                4
            ],
            "preferred_normal": [
                -0.9206214338360024,
                0.0775213915962354,
                0.38268343236508984
            ]
        },
        "9": {
            "type": "line",
            "start": [
                4.948351861604,
                -118.8539048133,
                15.0
            ],
            "end": [
                4.948351861604,
                -118.8539048133,
                52.010552639785
            ],
            "length": 37.010552639785,
            "solid_ids": [
                3,
                4
            ],
            "preferred_normal": [
                0.9527318456091987,
                0.3038124921100018,
                0.0
            ]
        },
        "10": {
            "type": "line",
            "start": [
                4.948351861602713,
                -118.85390481331518,
                15.0
            ],
            "end": [
                -3.11837551415495,
                -118.17464197105164,
                15.0
            ],
            "length": 8.095275694111848,
            "solid_ids": [
                3,
                4
            ],
            "preferred_normal": [
                0.032110411773196325,
                0.3813338837062366,
                -0.9238795325112871
            ]
        },
        "11": {
            "type": "line",
            "start": [
                4.948351861604,
                -118.8539048133,
                52.010552639785
            ],
            "end": [
                -3.1183755141536507,
                -118.17464197103646,
                52.010552639785
            ],
            "length": 8.095275694111836,
            "solid_ids": [
                3,
                4
            ],
            "preferred_normal": [
                0.03211041177319638,
                0.3813338837062372,
                0.9238795325112867
            ]
        },
        "12": {
            "type": "line",
            "start": [
                -3.118375514159,
                -118.1746419711,
                15.0
            ],
            "end": [
                -3.118375514159,
                -118.1746419711,
                52.010552639785
            ],
            "length": 37.010552639785,
            "solid_ids": [
                3,
                4
            ],
            "preferred_normal": [
                -0.888511022062806,
                0.45885527530247255,
                0.0
            ]
        },
        "13": {
            "type": "line",
            "start": [
                122.91927242287,
                -128.7877056067,
                5.0
            ],
            "end": [
                122.14831909588213,
                -137.94332243320017,
                5.0
            ],
            "length": 9.188018747591158,
            "solid_ids": [
                1,
                3
            ],
            "preferred_normal": [
                0.9206214338360024,
                -0.0775213915962354,
                0.38268343236508984
            ]
        },
        "14": {
            "type": "line",
            "start": [
                122.91927242287,
                -128.7877056067,
                5.0
            ],
            "end": [
                -59.96199032133662,
                -113.38809675147846,
                5.0
            ],
            "length": 183.52848339102394,