{
    "contact_edges": {
        "1": {
            "type": "line",
            "start": [
                60.078663737721,
                39.624870324213,
                5.0
            ],
            "end": [
                -43.981993498960776,
                -69.19043895141101,
                5.0
            ],
            "length": 150.5635809791992,
            "solid_ids": [
                1,
                2
            ],
            "preferred_normal": [
                0.667706203650426,
                -0.638530982960114,
                0.38268343236508984
            ]
        },
        "2": {
            "type": "line",
            "start": [
                60.078663737721,
                39.624870324213,
                5.0
            ],
            "end": [
                53.26518088351068,
                46.1406401051368,
                5.0
            ],
            "length": 9.427555592125552,
            "solid_ids": [
                1,
                2
            ],
            "preferred_normal": [
                0.638530982960114,
                0.667706203650426,
                0.38268343236508984
            ]
        },
        "3": {
            "type": "line",
            "start": [
                -43.98199349892,
                -69.19043895145,
                5.0
            ],
            "end": [
                -50.79547635312825,
                -62.674669170528176,
                5.0
            ],
            "length": 9.427555592122697,
            "solid_ids": [
                1,
                2
            ],
            "preferred_normal": [
                -0.638530982960114,
                -0.667706203650426,
                0.38268343236508984
            ]
        },
        "4": {
            "type": "line",
            "start": [
                53.265180883508,
                46.140640105134,
                5.0
            ],
            "end": [
                -50.79547635317283,
                -62.674669170489025,
                5.0
            ],
            "length": 150.56358097919784,
            "solid_ids": [
                1,
                2
            ],
            "preferred_normal": [
                -0.667706203650426,
                0.638530982960114,
                0.38268343236508984
            ]
        },
        "5": {
            "type": "line",
            "start": [
                136.46478931816,
                -58.86391296385,
                5.0
            ],
            "end": [
                132.48462464441388,
                -63.02593597468416,
                5.0
            ],
            "length": 5.758832032005239,
            "solid_ids": [
                1,
                3
            ],
            "preferred_normal": [
                0.667706203650426,
                -0.638530982960114,
                0.38268343236508984
            ]
        },
        "6": {
            "type": "line",
            "start": [
                136.46478931816,
                -58.86391296385,
                5.0
            ],
            "end": [
                54.59838541670823,
                19.425363171094546,
                5.0
            ],
            "length": 113.2754114779074,
            "solid_ids": [
                1,
                3
            ],
            "preferred_normal": [
                0.638530982960114,
                0.667706203650426,
                0.38268343236508984
            ]
        },
        "7": {
            "type": "line",
            "start": [
                132.48462464442,
                -63.02593597469,
                5.0
            ],
            "end": [
                50.618220742964034,
                15.263340160258549,
                5.0
            ],
            "length": 113.2754114779132,
            "solid_ids": [
                1,
                3
            ],
            "preferred_normal": [
                -0.638530982960114,
                -0.667706203650426,
                0.38268343236508984
            ]
        },
        "8": {
            "type": "line",
            "start": [
                54.59838541664288,
                19.425363171098567,
                5.0
            ],
            "end": [
                50.61822074289294,
                15.263340160260402,
                5.0
            ],
            "length": 5.758832032010775,
            "solid_ids": [
                1,
                3
            ],
            "preferred_normal": [
                -0.667706203650426,
                0.6385309829601141,
                0.3826834323650898
            ]
        },
        "9": {
            "type": "line",
            "start": [
                47.371185547496,
                26.336772727072,
                15.0
            ],
            "end": [
                47.371185547496,
                26.336772727072,
                62.211757878248
            ],
            "length": 47.211757878248,
            "solid_ids": [
                2,
                3
            ],
            "preferred_normal": [
                0.9151039481927723,
                0.40321801051292316,
                0.0
            ]
        },
        "10": {
            "type": "line",
            "start": [
                47.371185547460435,
                26.33677272710601,
                15.0
            ],
            "end": [
                43.3910208737105,
                22.174749716267854,
                15.0
            ],
            "length": 5.758832032010762,
            "solid_ids": [
                2,
                3
            ],
            "preferred_normal": [
                0.2765729652326579,
                -0.2644881931375026,
                -0.923879532511287
            ]
        },
        "11": {
            "type": "line",
            "start": [
                47.371185547496,
                26.336772727072,
                62.211757878248
            ],
            "end": [
                43.39102087374607,
                22.174749716233844,
                62.211757878248
            ],
            "length": 5.7588320320107576,
            "solid_ids": [
                2,
                3
            ],
            "preferred_normal": [
                0.27657296523265834,
                -0.264488193137503,
                0.9238795325112867
            ]
        },
        "12": {
            "type": "line",
            "start": [
                43.391020873748,
                22.174749716232,
                15.0
            ],
            "end": [
                43.391020873748,
                22.174749716232,
                62.211757878248
            ],
            "length": 47.211757878248,
            "solid_ids": [
                2,
                3
            ],
            "preferred_normal": [
                -0.3619580177274559,
                -0.9321943967879289,
                0.0
            ]
        }
    }
}