{
    "contact_edges": {
        "1": {
            "type": "line",
            "start": [
                31.980224299516,
                -52.36153747327,
                5.0
            ],
            "end": [
                -131.89811443343172,
                49.57611737858308,
                5.0
            ],
            "length": 192.99584291524593,
            "solid_ids": [
                1,
                2
            ],
            "preferred_normal": [
                -0.48798000768951905,
                -0.7844927677732986,
                0.38268343236508984
            ]
        },
        "2": {
            "type": "line",
            "start": [
                31.980224299516,
                -52.36153747327,
                5.0
            ],
            "end": [
                40.57359570727182,
                -38.54654994520802,
                5.0
            ],
            "length": 16.26960087255195,
            "solid_ids": [
                1,
                2
            ],
            "preferred_normal": [
                0.7844927677732986,
                -0.4879800076895191,
                0.38268343236508984
            ]
        },
        "3": {
            "type": "line",
            "start": [
                -131.8981144334,
                49.576117378634,
                5.0
            ],
            "end": [
                -123.3047430256584,
                63.39110490667312,
                5.0
            ],
            "length": 16.269600872525032,
            "solid_ids": [
                1,
                2
            ],
            "preferred_normal": [
                -0.7844927677732986,
                0.4879800076895191,
                0.38268343236508984
            ]
        },
        "4": {
            "type": "line",
            "start": [
                40.573595707275,
                -38.54654994521,
                5.0
            ],
            "end": [
                -123.30474302571751,
                63.39110490667094,
                5.0
            ],
            "length": 192.99584291529868,
            "solid_ids": [
                1,
                2
            ],
            "preferred_normal": [
                0.48798000768951905,
                0.7844927677732986,
                0.38268343236508984
            ]
        },
        "5": {
            "type": "line",
            "start": [
                69.96104010959,
                -148.7002933733,
                5.0
            ],
            "end": [
                -69.61807251651051,
                -61.87754719820256,
                5.0
            ],
            "length": 164.37918948235222,
            "solid_ids": [
                1,
                4
            ],
            "preferred_normal": [
                -0.48798000768951905,
                -0.7844927677732986,
                0.38268343236508984
            ]
        },
        "6": {
            "type": "line",
            "start": [
                69.96104010959,
                -148.7002933733,
                5.0
            ],
            "end": [
                79.0900836499713,
                -134.02414164317966,
                5.0
            ],
            "length": 17.283774633097142,
            "solid_ids": [
                1,
                4
            ],
            "preferred_normal": [
                0.7844927677732986,
                -0.4879800076895191,
                0.38268343236508984
            ]
        },
        "7": {
            "type": "line",
            "start": [
                -69.61807251654,
                -61.87754719825,
                5.0
            ],
            "end": [
                -60.489028976128424,
                -47.201395468080975,
                5.0
            ],
            "length": 17.283774633154458,
            "solid_ids": [
                1,
                4
            ],
            "preferred_normal": [
                -0.7844927677732986,
                0.4879800076895191,
                0.38268343236508984
            ]
        },
        "8": {
            "type": "line",
            "start": [
                79.090083650004,
                -134.0241416432,
                5.0
            ],
            "end": [
                -60.489028976130825,
                -47.20139546808121,
                5.0
            ],
            "length": 164.3791894823926,
            "solid_ids": [
                1,
                4
            ],
            "preferred_normal": [
                0.48798000768951905,
                0.7844927677732986,
                0.38268343236508984
            ]
        },
        "9": {
            "type": "line",
            "start": [
                83.369862869484,
                15.657654319635,
                5.0
            ],
            "end": [
                -50.18996770262718,
                98.73621135283852,
                5.0
            ],
            "length": 157.29041604996246,
            "solid_ids": [
                1,
                3
            ],
            "preferred_normal": [
                -0.48798000768951905,
                -0.7844927677732986,
                0.38268343236508984
            ]
        },
        "10": {
            "type": "line",
            "start": [
                83.369862869484,
                15.657654319635,
                5.0
            ],
            "end": [
                89.68840059123777,
                25.815544125588772,
                5.0
            ],
            "length": 11.962718932212898,
            "solid_ids": [
                1,
                3
            ],
            "preferred_normal": [
                0.7844927677732986,
                -0.4879800076895191,
                0.38268343236508984
            ]
        },
        "11": {
            "type": "line",
            "start": [
                -50.18996770262,
                98.73621135285,
                5.0
            ],
            "end": [
                -43.87142998086619,
                108.89410115880385,
                5.0
            ],
            "length": 11.962718932212981,
            "solid_ids": [
                1,
                3
            ],
            "preferred_normal": [
                -0.7844927677732986,
                0.4879800076895191,
                0.38268343236508984
            ]
        },
        "12": {
            "type": "line",
            "start": [
                89.688400591239,
                25.815544125588,
                5.0
            ],
            "end": [
                -43.87142998086723,
                108.89410115878844,
                5.0
            ],
            "length": 157.29041604995663,
            "solid_ids": [
                1,
                3
            ],
            "preferred_normal": [
                0.48798000768951905,
                0.7844927677732986,
                0.38268343236508984
            ]
        }
    }
}