{
    "contact_edges": {
        "1": {
            "type": "line",
            "start": [
                83.256253243799,
                -55.5423198151,
                5.0
            ],
            "end": [
                -82.84274296590351,
                -104.3165780553223,
                5.0
            ],
            "length": 173.1121162967938,
            "solid_ids": [
                1,
                2
            ],
            "preferred_normal": [
                0.260302628524887,
                -0.8864513140473695,
                0.3826834323650898
            ]
        },
        "2": {
            "type": "line",
            "start": [
                83.256253243799,
                -55.5423198151,
                5.0
            ],
            "end": [
                78.62494935988792,
                -39.770579679740024,
                5.0
            ],
            "length": 16.437662928848933,
            "solid_ids": [
                1,
                2
            ],
            "preferred_normal": [
                0.8864513140473695,
                0.260302628524887,
                0.3826834323650898
            ]
        },
        "3": {
            "type": "line",
            "start": [
                -82.84274296591,
                -104.3165780553,
                5.0
            ],
            "end": [
                -87.4740468498156,
                -88.54483791995871,
                5.0
            ],
            "length": 16.437662928829457,
            "solid_ids": [
                1,
                2
            ],
            "preferred_normal": [
                -0.8864513140473695,
                -0.260302628524887,
                0.3826834323650898
            ]
        },
        "4": {
            "type": "line",
            "start": [
                78.624949359888,
                -39.77057967974,
                5.0
            ],
            "end": [
                -87.47404684981898,
                -88.54483791996361,
                5.0
            ],
            "length": 173.11211629679843,
            "solid_ids": [
                1,
                2
            ],
            "preferred_normal": [
                -0.260302628524887,
                0.8864513140473695,
                0.3826834323650898
            ]
        },
        "5": {
            "type": "line",
            "start": [
                0.64791133824,
                -137.7828485096,
                5.0
            ],
            "end": [
                -7.469043292543807,
                -140.16635744294834,
                5.0
            ],
            "length": 8.459673002755723,
            "solid_ids": [
                1,
                3
            ],
            "preferred_normal": [
                0.260302628524887,
                -0.8864513140473695,
                0.3826834323650898
            ]
        },
        "6": {
            "type": "line",
            "start": [
                0.64791133824,
                -137.7828485096,
                5.0
            ],
            "end": [
                -12.209429332156164,
                -93.99763359642179,
                5.0
            ],
            "length": 45.63393752579134,
            "solid_ids": [
                1,
                3
            ],
            "preferred_normal": [
                0.8864513140473695,
                0.260302628524887,
                0.3826834323650898
            ]
        },
        "7": {
            "type": "line",
            "start": [
                -7.469043292558,
                -140.1663574429,
                5.0
            ],
            "end": [
                -20.3263839629381,
                -96.3811425297765,
                5.0
            ],
            "length": 45.63393752573431,
            "solid_ids": [
                1,
                3
            ],
            "preferred_normal": [
                -0.8864513140473695,
                -0.260302628524887,
                0.3826834323650898
            ]
        },
        "8": {
            "type": "line",
            "start": [
                -12.209429332148257,
                -93.997633596426,
                5.0
            ],
            "end": [
                -20.326383962950125,
                -96.38114252977964,
                5.0
            ],
            "length": 8.459673002774545,
            "solid_ids": [
                1,
                3
            ],
            "preferred_normal": [
                -0.260302628524887,
                0.8864513140473695,
                0.3826834323650898
            ]
        },
        "9": {
            "type": "line",
            "start": [
                -15.02692468046,
                -84.40275371379,
                15.0
            ],
            "end": [
                -15.02692468046,
                -84.40275371379,
                50.539593424815
            ],
            "length": 35.539593424815,
            "solid_ids": [
                2,
                3
            ],
            "preferred_normal": [
                0.9942721931037436,
                -0.10687752813698548,
                0.0
            ]
        },
        "10": {
            "type": "line",
            "start": [
                -15.02692468046088,
                -84.40275371378706,
                15.0
            ],
            "end": [
                -23.143879311260054,
                -86.78626264713992,
                15.0
            ],
            "length": 8.45967300277174,
            "solid_ids": [
                2,
                3
            ],
            "preferred_normal": [
                0.10782087905637384,
                -0.3671801566618721,
                -0.9238795325112868
            ]
        },
        "11": {
            "type": "line",
            "start": [
                -15.02692468046,
                -84.40275371379,
                50.539593424815
            ],
            "end": [
                -23.143879311259166,
                -86.78626264714285,
                50.539593424815
            ],
            "length": 8.459673002771728,
            "solid_ids": [
                2,
                3
            ],
            "preferred_normal": [
                0.10782087905637393,
                -0.36718015666187237,
                0.9238795325112866
            ]
        },
        "12": {
            "type": "line",
            "start": [
                -23.14387931126,
                -86.78626264714,
                15.0
            ],
            "end": [
                -23.14387931126,
                -86.78626264714,
                50.539593424815
            ],
            "length": 35.539593424815,
            "solid_ids": [
                2,
                3
            ],
            "preferred_normal": [
                -0.7786304349909956,
                -0.6274827851867595,
                0.0
            ]
        }
    }
}