{
    "contact_edges": {
        "1": {
            "type": "line",
            "start": [
                142.22516844862,
                18.072161501315,
                5.0
            ],
            "end": [
                -116.14446259950145,
                -6.140474926301866,
                5.0
            ],
            "length": 259.50167246227596,
            "solid_ids": [
                1,
                2
            ],
            "preferred_normal": [
                0.0862019847940067,
                -0.9198492313476418,
                0.38268343236508984
            ]
        },
        "2": {
            "type": "line",
            "start": [
                142.22516844862,
                18.072161501315,
                5.0
            ],
            "end": [
                140.74832799935461,
                33.831317805269435,
                5.0
            ],
            "length": 15.828204734746551,
            "solid_ids": [
                1,
                2
            ],
            "preferred_normal": [
                0.9198492313476418,
                0.0862019847940067,
                0.38268343236508984
            ]
        },
        "3": {
            "type": "line",
            "start": [
                -116.1444625995,
                -6.140474926317,
                5.0
            ],
            "end": [
                -117.62130304876563,
                9.618681377640225,
                5.0
            ],
            "length": 15.828204734749354,
            "solid_ids": [
                1,
                2
            ],
            "preferred_normal": [
                -0.9198492313476418,
                -0.0862019847940067,
                0.38268343236508984
            ]
        },
        "4": {
            "type": "line",
            "start": [
                140.74832799935,
                33.831317805269,
                5.0
            ],
            "end": [
                -117.62130304880121,
                9.618681377649345,
                5.0
            ],
            "length": 259.5016724623059,
            "solid_ids": [
                1,
                2
            ],
            "preferred_normal": [
                -0.0862019847940067,
                0.9198492313476418,
                0.38268343236508984
            ]
        },
        "5": {
            "type": "line",
            "start": [
                144.90403971058,
                -83.9626379559,
                5.0
            ],
            "end": [
                140.8188142126806,
                -84.34547737593634,
                5.0
            ],
            "length": 4.103124832395585,
            "solid_ids": [
                1,
                3
            ],
            "preferred_normal": [
                0.0862019847940067,
                -0.9198492313476418,
                0.38268343236508984
            ]
        },
        "6": {
            "type": "line",
            "start": [
                144.90403971058,
                -83.9626379559,
                5.0
            ],
            "end": [
                136.33500156136483,
                7.476360505446454,
                5.0
            ],
            "length": 91.83963661958175,
            "solid_ids": [
                1,
                3
            ],
            "preferred_normal": [
                0.9198492313476418,
                0.0862019847940067,
                0.38268343236508984
            ]
        },
        "7": {
            "type": "line",
            "start": [
                140.81881421268,
                -84.34547737593,
                5.0
            ],
            "end": [
                132.2497760634654,
                7.093521085410517,
                5.0
            ],
            "length": 91.8396366195758,
            "solid_ids": [
                1,
                3
            ],
            "preferred_normal": [
                -0.9198492313476418,
                -0.0862019847940067,
                0.38268343236508984
            ]
        },
        "8": {
            "type": "line",
            "start": [
                136.3350015613597,
                7.476360505449345,
                5.0
            ],
            "end": [
                132.2497760634597,
                7.0935210854129425,
                5.0
            ],
            "length": 4.103124832396156,
            "solid_ids": [
                1,
                3
            ],
            "preferred_normal": [
                -0.0862019847940067,
                0.9198492313476418,
                0.3826834323650898
            ]
        },
        "9": {
            "type": "line",
            "start": [
                135.40195800145,
                17.432736840002,
                15.0
            ],
            "end": [
                135.40195800145,
                17.432736840002,
                51.765311278628
            ],
            "length": 36.765311278628,
            "solid_ids": [
                2,
                3
            ],
            "preferred_normal": [
                0.9555552625527987,
                -0.2948120421686534,
                0.0
            ]
        },
        "10": {
            "type": "line",
            "start": [
                135.40195800144969,
                17.432736840005347,
                15.0
            ],
            "end": [
                131.31673250354973,
                17.049897419968946,
                15.0
            ],
            "length": 4.103124832396127,
            "solid_ids": [
                2,
                3
            ],
            "preferred_normal": [
                0.09330435599075641,
                -0.9956376334556415,
                0.0
            ]
        },
        "11": {
            "type": "line",
            "start": [
                135.40195800145,
                17.432736840002,
                51.765311278628
            ],
            "end": [
                131.31673250355004,
                17.0498974199656,
                51.765311278628
            ],
            "length": 4.103124832396127,
            "solid_ids": [
                2,
                3
            ],
            "preferred_normal": [
                0.0357060312051569,
                -0.3810140269626601,
                0.9238795325112867
            ]
        },
        "12": {
            "type": "line",
            "start": [
                131.31673250355,
                17.049897419966,
                15.0
            ],
            "end": [
                131.31673250355,
                17.049897419966,
                51.765311278628
            ],
            "length": 36.765311278628,
            "solid_ids": [
                2,
                3
            ],
            "preferred_normal": [
                -0.8841432001424849,
                -0.46721601175666677,
                0.0
            ]
        }
    }
}