{
    "contact_edges": {
        "1": {
            "type": "line",
            "start": [
                -27.74106613427,
                -102.1189354528,
                5.0
            ],
            "end": [
                -40.35514707829968,
                -94.88563217322967,
                5.0
            ],
            "length": 14.540829219710123,
            "solid_ids": [
                1,
                2
            ],
            "preferred_normal": [
                -0.45958182655658897,
                -0.8014598775311108,
                0.38268343236508984
            ]
        },
        "2": {
            "type": "line",
            "start": [
                -27.74106613427,
                -102.1189354528,
                5.0
            ],
            "end": [
                83.07628627929542,
                91.13427118321583,
                5.0
            ],
            "length": 222.77182827066574,
            "solid_ids": [
                1,
                2
            ],
            "preferred_normal": [
                0.8014598775311107,
                -0.45958182655658897,
                0.3826834323650898
            ]
        },
        "3": {
            "type": "line",
            "start": [
                -40.35514707834,
                -94.8856321733,
                5.0
            ],
            "end": [
                70.46220533526444,
                98.3675744627839,
                5.0
            ],
            "length": 222.7718282707442,
            "solid_ids": [
                1,
                2
            ],
            "preferred_normal": [
                -0.8014598775311107,
                0.45958182655658897,
                0.3826834323650898
            ]
        },
        "4": {
            "type": "line",
            "start": [
                83.076286279302,
                91.134271183212,
                5.0
            ],
            "end": [
                70.4622053352323,
                98.36757446280528,
                5.0
            ],
            "length": 14.540829219756255,
            "solid_ids": [
                1,
                2
            ],
            "preferred_normal": [
                0.45958182655658897,
                0.8014598775311108,
                0.38268343236508984
            ]
        },
        "5": {
            "type": "line",
            "start": [
                58.984697479569434,
                98.45468253026276,
                5.0
            ],
            "end": [
                -12.688265714351372,
                139.5541714290151,
                5.0
            ],
            "length": 82.62070951484134,
            "solid_ids": [
                1,
                3
            ],
            "preferred_normal": [
                -0.45958182655658897,
                -0.8014598775311108,
                0.38268343236508984
            ]
        },
        "6": {
            "type": "line",
            "start": [
                58.98469747958033,
                98.45468253025552,
                5.0
            ],
            "end": [
                60.651360772781715,
                101.36115898704446,
                5.0
            ],
            "length": 3.3504286183670957,
            "solid_ids": [
                1,
                3
            ],
            "preferred_normal": [
                0.8014598775311107,
                -0.45958182655658897,
                0.3826834323650898
            ]
        },
        "7": {
            "type": "line",
            "start": [
                -12.68826571436,
                139.554171429,
                5.0
            ],
            "end": [
                -11.021602421156027,
                142.46064788579346,
                5.0
            ],
            "length": 3.3504286183723053,
            "solid_ids": [
                1,
                3
            ],
            "preferred_normal": [
                -0.8014598775311107,
                0.45958182655658897,
                0.3826834323650898
            ]
        },
        "8": {
            "type": "line",
            "start": [
                60.65136077277459,
                101.36115898705451,
                5.0
            ],
            "end": [
                -11.0216024211418,
                142.46064788580432,
                5.0
            ],
            "length": 82.62070951483625,
            "solid_ids": [
                1,
                3
            ],
            "preferred_normal": [
                0.45958182655658897,
                0.8014598775311108,
                0.38268343236508984
            ]
        },
        "9": {
            "type": "line",
            "start": [
                69.326299975642,
                96.386681142446,
                15.0
            ],
            "end": [
                69.326299975642,
                96.386681142446,
                65.315081534218
            ],
            "length": 50.315081534217995,
            "solid_ids": [
                2,
                3
            ],
            "preferred_normal": [
                0.12760627558532311,
                0.9918249031110494,
                0.0
            ]
        },
        "10": {
            "type": "line",
            "start": [
                67.65963668245108,
                93.4802046856461,
                15.0
            ],
            "end": [
                69.32629997565462,
                96.38668114243879,
                15.0
            ],
            "length": 3.3504286183714247,
            "solid_ids": [
                2,
                3
            ],
            "preferred_normal": [
                -0.8674939202869717,
                0.4974477844609838,
                0.0
            ]
        },
        "11": {
            "type": "line",
            "start": [
                67.659636682439,
                93.480204685653,
                65.315081534218
            ],
            "end": [
                69.32629997564254,
                96.38668114244568,
                65.315081534218
            ],
            "length": 3.3504286183714127,
            "solid_ids": [
                2,
                3
            ],
            "preferred_normal": [
                -0.331975550971266,
                0.1903650255799387,
                0.9238795325112867
            ]
        },
        "12": {
            "type": "line",
            "start": [
                67.659636682439,
                93.480204685653,
                15.0
            ],
            "end": [
                67.659636682439,
                93.480204685653,
                65.315081534218
            ],
            "length": 50.315081534217995,
            "solid_ids": [
                2,
                3
            ],
            "preferred_normal": [
                -0.7915573775278549,
                -0.6110948519511721,
                0.0
            ]
        }
    }
}