{
    "contact_edges": {
        "1": {
            "type": "line",
            "start": [
                52.319730050148,
                18.125173181036,
                5.0
            ],
            "end": [
                42.47279579961761,
                6.249779384465498,
                5.0
            ],
            "length": 15.426830262821127,
            "solid_ids": [
                1,
                2
            ],
            "preferred_normal": [
                0.7111916759468272,
                -0.5897116165188006,
                0.38268343236508984
            ]
        },
        "2": {
            "type": "line",
            "start": [
                52.319730050148,
                18.125173181036,
                5.0
            ],
            "end": [
                -85.15172846171853,
                132.11485945836975,
                5.0
            ],
            "length": 178.5834552330781,
            "solid_ids": [
                1,
                2
            ],
            "preferred_normal": [
                0.5897116165188006,
                0.7111916759468272,
                0.38268343236508984
            ]
        },
        "3": {
            "type": "line",
            "start": [
                42.472795799617,
                6.249779384466,
                5.0
            ],
            "end": [
                -94.99866271224894,
                120.23946566179926,
                5.0
            ],
            "length": 178.58345523307733,
            "solid_ids": [
                1,
                2
            ],
            "preferred_normal": [
                -0.5897116165188006,
                -0.7111916759468272,
                0.38268343236508984
            ]
        },
        "4": {
            "type": "line",
            "start": [
                -85.15172846171,
                132.11485945838,
                5.0
            ],
            "end": [
                -94.99866271223999,
                120.23946566180999,
                5.0
            ],
            "length": 15.426830262820504,
            "solid_ids": [
                1,
                2
            ],
            "preferred_normal": [
                -0.7111916759468272,
                0.5897116165188006,
                0.38268343236508984
            ]
        }
    }
}