{
    "contact_edges": {
        "1": {
            "type": "line",
            "start": [
                130.72804649746,
                -37.80808741363,
                5.0
            ],
            "end": [
                -75.62453633630334,
                -124.40497688258746,
                5.0
            ],
            "length": 223.78652709192303,
            "solid_ids": [
                1,
                2
            ],
            "preferred_normal": [
                0.3575063020958761,
                -0.8519052967055704,
                0.38268343236508984
            ]
        },
        "2": {
            "type": "line",
            "start": [
                130.72804649746,
                -37.80808741363,
                5.0
            ],
            "end": [
                125.01647782586284,
                -24.197934039253,
                5.0
            ],
            "length": 14.760023426960947,
            "solid_ids": [
                1,
                2
            ],
            "preferred_normal": [
                0.8519052967055704,
                0.3575063020958761,
                0.38268343236508984
            ]
        },
        "3": {
            "type": "line",
            "start": [
                -75.62453633634,
                -124.4049768825,
                5.0
            ],
            "end": [
                -81.3361050079458,
                -110.79482350810243,
                5.0
            ],
            "length": 14.760023426983253,
            "solid_ids": [
                1,
                2
            ],
            "preferred_normal": [
                -0.8519052967055704,
                -0.3575063020958761,
                0.38268343236508984
            ]
        },
        "4": {
            "type": "line",
            "start": [
                125.01647782587,
                -24.19793403925,
                5.0
            ],
            "end": [
                -81.33610500789472,
                -110.79482350820804,
                5.0
            ],
            "length": 223.7865270919245,
            "solid_ids": [
                1,
                2
            ],
            "preferred_normal": [
                -0.3575063020958761,
                0.8519052967055704,
                0.38268343236508984
            ]
        }
    }
}