{
    "contact_edges": {
        "1": {
            "type": "line",
            "start": [
                31.280844362361,
                -5.377852759736,
                5.0
            ],
            "end": [
                -86.49504648859063,
                -83.92248907865414,
                5.0
            ],
            "length": 141.56419165949555,
            "solid_ids": [
                1,
                2
            ],
            "preferred_normal": [
                0.5125998392173471,
                -0.7686317684220602,
                0.38268343236508984
            ]
        },
        "2": {
            "type": "line",
            "start": [
                31.280844362361,
                -5.377852759736,
                5.0
            ],
            "end": [
                23.783864304314427,
                5.863697859240958,
                5.0
            ],
            "length": 13.512111985539836,
            "solid_ids": [
                1,
                2
            ],
            "preferred_normal": [
                0.7686317684220602,
                0.5125998392173471,
                0.38268343236508984
            ]
        },
        "3": {
            "type": "line",
            "start": [
                -86.49504648858,
                -83.92248907867,
                5.0
            ],
            "end": [
                -93.99202654662903,
                -72.68093845968934,
                5.0
            ],
            "length": 13.512111985544273,
            "solid_ids": [
                1,
                2
            ],
            "preferred_normal": [
                -0.7686317684220602,
                -0.5125998392173471,
                0.38268343236508984
            ]
        },
        "4": {
            "type": "line",
            "start": [
                23.783864304313,
                5.86369785924,
                5.0
            ],
            "end": [
                -93.99202654663816,
                -72.68093845967782,
                5.0
            ],
            "length": 141.56419165949498,
            "solid_ids": [
                1,
                2
            ],
            "preferred_normal": [
                -0.5125998392173471,
                0.7686317684220602,
                0.38268343236508984
            ]
        },
        "5": {
            "type": "line",
            "start": [
                -96.35496070808,
                4.433935757496,
                15.0
            ],
            "end": [
                -96.35496070808,
                4.433935757496,
                47.346566604518
            ],
            "length": 32.346566604518,
            "solid_ids": [
                3,
                5
            ],
            "preferred_normal": [
                0.9809575738961532,
                0.19422213626611365,
                0.0
            ]
        },
        "6": {
            "type": "line",
            "start": [
                -96.35496070808473,
                4.433935757503075,
                15.0
            ],
            "end": [
                -100.33428295352952,
                1.780129309460263,
                15.0
            ],
            "length": 4.7830632649762626,
            "solid_ids": [
                3,
                5
            ],
            "preferred_normal": [
                0.5548340678399918,
                -0.8319610310369877,
                0.0
            ]
        },
        "7": {
            "type": "line",
            "start": [
                -96.35496070808,
                4.433935757496,
                47.346566604518
            ],
            "end": [
                -100.33428295352479,
                1.7801293094531865,
                47.346566604518
            ],
            "length": 4.783063264976263,
            "solid_ids": [
                3,
                5
            ],
            "preferred_normal": [
                0.2123258054740932,
                -0.3183777029512335,
                0.9238795325112866
            ]
        },
        "8": {
            "type": "line",
            "start": [
                -100.3342829535,
                1.780129309416,
                15.0
            ],
            "end": [
                -100.3342829535,
                1.780129309416,
                47.346566604518
            ],
            "length": 32.346566604518,
            "solid_ids": [
                3,
                5
            ],
            "preferred_normal": [
                -0.5563059629479671,
                -0.8309775421685804,
                0.0
            ]
        },
        "9": {
            "type": "line",
            "start": [
                -65.57964288551,
                -41.71295144758,
                5.0
            ],
            "end": [
                -90.80662002967154,
                -3.885674552867339,
                5.0
            ],
            "length": 45.46760663484841,
            "solid_ids": [
                1,
                5
            ],
            "preferred_normal": [
                0.7686317684220602,
                0.5125998392173471,
                0.38268343236508984
            ]
        },
        "10": {
            "type": "line",
            "start": [
                -65.57964288551103,
                -41.712951447578455,
                5.0
            ],
            "end": [
                -69.55896513101122,
                -44.36675789565821,
                5.0
            ],
            "length": 4.783063265042846,
            "solid_ids": [
                1,
                5
            ],
            "preferred_normal": [
                0.5125998392173471,
                -0.7686317684220602,
                0.38268343236508984
            ]
        },
        "11": {
            "type": "line",
            "start": [
                -90.80662002968474,
                -3.885674552865925,
                5.0
            ],
            "end": [
                -94.78594227518491,
                -6.53948100094567,
                5.0
            ],
            "length": 4.783063265042828,
            "solid_ids": [
                1,
                5
            ],
            "preferred_normal": [
                -0.5125998392173471,
                0.7686317684220603,
                0.3826834323650898
            ]
        },
        "12": {
            "type": "line",
            "start": [
                -69.55896513101,
                -44.36675789566,
                5.0
            ],
            "end": [
                -94.78594227517154,
                -6.539481000947342,
                5.0
            ],
            "length": 45.46760663484841,
            "solid_ids": [
                1,
                5
            ],
            "preferred_normal": [
                -0.7686317684220602,
                -0.5125998392173471,
                0.38268343236508984
            ]
        },
        "13": {
            "type": "line",
            "start": [
                -21.95998956587,
                -12.62304364391,
                5.0
            ],
            "end": [
                -47.186966710032,
                25.20423325080335,
                5.0
            ],
            "length": 45.46760663484924,
            "solid_ids": [
                1,
                4
            ],
            "preferred_normal": [
                0.7686317684220602,
                0.5125998392173471,
                0.38268343236508984
            ]
        },
        "14": {
            "type": "line",
            "start": [
                -21.959989565873048,
                -12.623043643905463,
                5.0
            ],
            "end": [
                -29.198744283774115,
                -17.45056269395388,
                5.0
            ],
            "length": 8.700833870642246,