{
    "contact_edges": {
        "1": {
            "type": "line",
            "start": [
                81.606332579098,
                -123.0716677137,
                5.0
            ],
            "end": [
                13.857266111688393,
                127.20886134660154,
                5.0
            ],
            "length": 259.28802369934084,
            "solid_ids": [
                1,
                2
            ],
            "preferred_normal": [
                -0.8917845679329645,
                -0.24139940967179196,
                0.3826834323650898
            ]
        },
        "2": {
            "type": "line",
            "start": [
                81.606332579098,
                -123.0716677137,
                5.0
            ],
            "end": [
                90.89547424973182,
                -120.55716657039561,
                5.0
            ],
            "length": 9.623454108415794,
            "solid_ids": [
                1,
                2
            ],
            "preferred_normal": [
                0.24139940967179196,
                -0.8917845679329645,
                0.3826834323650898
            ]
        },
        "3": {
            "type": "line",
            "start": [
                13.857266111646,
                127.20886134659,
                5.0
            ],
            "end": [
                23.14640778228075,
                129.72336248989464,
                5.0
            ],
            "length": 9.623454108416755,
            "solid_ids": [
                1,
                2
            ],
            "preferred_normal": [
                -0.24139940967179196,
                0.8917845679329645,
                0.3826834323650898
            ]
        },
        "4": {
            "type": "line",
            "start": [
                90.895474249733,
                -120.5571665704,
                5.0
            ],
            "end": [
                23.146407782323458,
                129.72336248990132,
                5.0
            ],
            "length": 259.2880236993406,
            "solid_ids": [
                1,
                2
            ],
            "preferred_normal": [
                0.8917845679329645,
                0.24139940967179196,
                0.3826834323650898
            ]
        },
        "5": {
            "type": "line",
            "start": [
                -134.1502800465,
                32.789720276744,
                5.0
            ],
            "end": [
                -136.058583092255,
                39.83942768678919,
                5.0
            ],
            "length": 7.303423517891037,
            "solid_ids": [
                1,
                3
            ],
            "preferred_normal": [
                -0.8917845679329645,
                -0.24139940967179196,
                0.3826834323650898
            ]
        },
        "6": {
            "type": "line",
            "start": [
                -134.1502800465,
                32.789720276744,
                5.0
            ],
            "end": [
                17.913534461435827,
                73.95225703126646,
                5.0
            ],
            "length": 157.53652946149134,
            "solid_ids": [
                1,
                3
            ],
            "preferred_normal": [
                0.24139940967179196,
                -0.8917845679329645,
                0.3826834323650898
            ]
        },
        "7": {
            "type": "line",
            "start": [
                -136.0585830923,
                39.839427686777,
                5.0
            ],
            "end": [
                16.00523141567938,
                81.00196444131126,
                5.0
            ],
            "length": 157.53652946153647,
            "solid_ids": [
                1,
                3
            ],
            "preferred_normal": [
                -0.24139940967179196,
                0.8917845679329645,
                0.3826834323650898
            ]
        },
        "8": {
            "type": "line",
            "start": [
                17.913534461443835,
                73.9522570313154,
                5.0
            ],
            "end": [
                16.005231415692315,
                81.0019644413478,
                5.0
            ],
            "length": 7.3034235178777775,
            "solid_ids": [
                1,
                3
            ],
            "preferred_normal": [
                0.8917845679329645,
                0.24139940967179196,
                0.3826834323650898
            ]
        },
        "9": {
            "type": "line",
            "start": [
                27.566141068141,
                76.56514541315,
                15.0
            ],
            "end": [
                27.566141068141,
                76.56514541315,
                66.600487133655
            ],
            "length": 51.600487133654994,
            "solid_ids": [
                2,
                3
            ],
            "preferred_normal": [
                -0.12798985308107277,
                -0.9917754773678795,
                0.0
            ]
        },
        "10": {
            "type": "line",
            "start": [
                27.56614106816082,
                76.56514541315542,
                15.0
            ],
            "end": [
                25.657838022409123,
                83.61485282318847,
                15.0
            ],
            "length": 7.303423517878455,
            "solid_ids": [
                2,
                3
            ],
            "preferred_normal": [
                -0.3693892627528631,
                -0.0999909094349147,
                -0.9238795325112873
            ]
        },
        "11": {
            "type": "line",
            "start": [
                27.566141068141,
                76.56514541315,
                66.600487133655
            ],
            "end": [
                25.6578380223893,
                83.61485282318309,
                66.600487133655
            ],
            "length": 7.303423517878484,
            "solid_ids": [
                2,
                3
            ],
            "preferred_normal": [
                -0.3693892627528647,
                -0.09999090943491513,
                0.9238795325112867
            ]
        },
        "12": {
            "type": "line",
            "start": [
                25.657838022389,
                83.614852823183,
                15.0
            ],
            "end": [
                25.657838022389,
                83.614852823183,
                66.600487133655
            ],
            "length": 51.600487133654994,
            "solid_ids": [
                2,
                3
            ],
            "preferred_normal": [
                -0.6107886724246566,
                0.7917936584980493,
                0.0
            ]
        }
    }
}