{
    "contact_edges": {
        "1": {
            "type": "line",
            "start": [
                100.15569800307,
                37.977712138193,
                5.0
            ],
            "end": [
                30.600171410205565,
                -138.14632670431607,
                5.0
            ],
            "length": 189.3611584718691,
            "solid_ids": [
                1,
                2
            ],
            "preferred_normal": [
                0.8592965737162502,
                -0.33935643355148987,
                0.38268343236508984
            ]
        },
        "2": {
            "type": "line",
            "start": [
                100.15569800307,
                37.977712138193,
                5.0
            ],
            "end": [
                87.70633615187198,
                42.8942580282149,
                5.0
            ],
            "length": 13.385030220016533,
            "solid_ids": [
                1,
                2
            ],
            "preferred_normal": [
                0.33935643355148987,
                0.8592965737162502,
                0.38268343236508984
            ]
        },
        "3": {
            "type": "line",
            "start": [
                30.600171410165,
                -138.1463267043,
                5.0
            ],
            "end": [
                18.150809558936857,
                -133.2297808142662,
                5.0
            ],
            "length": 13.385030220048922,
            "solid_ids": [
                1,
                2
            ],
            "preferred_normal": [
                -0.33935643355148987,
                -0.8592965737162502,
                0.38268343236508984
            ]
        },
        "4": {
            "type": "line",
            "start": [
                87.706336151874,
                42.89425802822,
                5.0
            ],
            "end": [
                18.1508095590337,
                -133.22978081422795,
                5.0
            ],
            "length": 189.36115847180338,
            "solid_ids": [
                1,
                2
            ],
            "preferred_normal": [
                -0.8592965737162502,
                0.33935643355148987,
                0.38268343236508984
            ]
        },
        "5": {
            "type": "line",
            "start": [
                107.32774494536,
                -142.9871117918,
                5.0
            ],
            "end": [
                105.73803426393205,
                -147.01247511688896,
                5.0
            ],
            "length": 4.3279013331656895,
            "solid_ids": [
                1,
                3
            ],
            "preferred_normal": [
                0.8592965737162502,
                -0.33935643355148987,
                0.38268343236508984
            ]
        },
        "6": {
            "type": "line",
            "start": [
                107.32774494536,
                -142.9871117918,
                5.0
            ],
            "end": [
                48.59953256197661,
                -119.79395902838577,
                5.0
            ],
            "length": 63.14210374112392,
            "solid_ids": [
                1,
                3
            ],
            "preferred_normal": [
                0.33935643355148987,
                0.8592965737162502,
                0.38268343236508984
            ]
        },
        "7": {
            "type": "line",
            "start": [
                105.73803426396,
                -147.0124751169,
                5.0
            ],
            "end": [
                47.00982188053726,
                -123.81932235347023,
                5.0
            ],
            "length": 63.14210374116623,
            "solid_ids": [
                1,
                3
            ],
            "preferred_normal": [
                -0.33935643355148987,
                -0.8592965737162502,
                0.38268343236508984
            ]
        },
        "8": {
            "type": "line",
            "start": [
                48.59953256200142,
                -119.793959028412,
                5.0
            ],
            "end": [
                47.00982188060683,
                -123.81932235341652,
                5.0
            ],
            "length": 4.327901333074901,
            "solid_ids": [
                1,
                3
            ],
            "preferred_normal": [
                -0.8592965737162502,
                0.33935643355148987,
                0.3826834323650898
            ]
        },
        "9": {
            "type": "line",
            "start": [
                39.298573470687,
                -116.1207914604,
                15.0
            ],
            "end": [
                39.298573470687,
                -116.1207914604,
                56.801418026437
            ],
            "length": 41.801418026437,
            "solid_ids": [
                2,
                3
            ],
            "preferred_normal": [
                0.6952887284854927,
                0.718730536460659,
                0.0
            ]
        },
        "10": {
            "type": "line",
            "start": [
                39.29857347073196,
                -116.12079146041776,
                15.0
            ],
            "end": [
                37.708862789303204,
                -120.14615478550877,
                15.0
            ],
            "length": 4.32790133316789,
            "solid_ids": [
                2,
                3
            ],
            "preferred_normal": [
                0.9300959091284474,
                -0.36731675679517667,
                0.0
            ]
        },
        "11": {
            "type": "line",
            "start": [
                39.298573470687,
                -116.1207914604,
                56.801418026437
            ],
            "end": [
                37.70886278925825,
                -120.14615478549102,
                56.801418026437
            ],
            "length": 4.327901333167904,
            "solid_ids": [
                2,
                3
            ],
            "preferred_normal": [
                0.3559322949340029,
                -0.14056603725559114,
                0.9238795325112867
            ]
        },
        "12": {
            "type": "line",
            "start": [
                37.708862789281,
                -120.1461547855,
                15.0
            ],
            "end": [
                37.708862789281,
                -120.1461547855,
                56.801418026437
            ],
            "length": 41.801418026437,
            "solid_ids": [
                2,
                3
            ],
            "preferred_normal": [
                0.016575861382513258,
                -0.9998626109718414,
                0.0
            ]
        }
    }
}