{
    "contact_edges": {
        "1": {
            "type": "line",
            "start": [
                62.547695431378,
                9.550617058125,
                5.0
            ],
            "end": [
                25.3591946139375,
                120.77502376727954,
                5.0
            ],
            "length": 117.27682311885923,
            "solid_ids": [
                1,
                2
            ],
            "preferred_normal": [
                -0.8762000039014909,
                -0.2929623589410437,
                0.3826834323650898
            ]
        },
        "2": {
            "type": "line",
            "start": [
                62.547695431378,
                9.550617058125,
                5.0
            ],
            "end": [
                78.93116615902485,
                15.028521886521444,
                5.0
            ],
            "length": 17.274997956371234,
            "solid_ids": [
                1,
                2
            ],
            "preferred_normal": [
                0.2929623589410437,
                -0.8762000039014909,
                0.3826834323650898
            ]
        },
        "3": {
            "type": "line",
            "start": [
                25.359194613939,
                120.77502376728,
                5.0
            ],
            "end": [
                41.74266534158404,
                126.25292859567584,
                5.0
            ],
            "length": 17.274997956369326,
            "solid_ids": [
                1,
                2
            ],
            "preferred_normal": [
                -0.2929623589410437,
                0.8762000039014909,
                0.3826834323650898
            ]
        },
        "4": {
            "type": "line",
            "start": [
                78.931166159025,
                15.028521886521,
                5.0
            ],
            "end": [
                41.7426653415863,
                126.25292859567013,
                5.0
            ],
            "length": 117.27682311885351,
            "solid_ids": [
                1,
                2
            ],
            "preferred_normal": [
                0.8762000039014909,
                0.2929623589410437,
                0.3826834323650898
            ]
        }
    }
}