{
    "contact_edges": {
        "1": {
            "type": "line",
            "start": [
                28.739756719797,
                -118.8491398772,
                5.0
            ],
            "end": [
                -133.5731684958954,
                -138.01731317493923,
                5.0
            ],
            "length": 163.4408289248654,
            "solid_ids": [
                1,
                2
            ],
            "preferred_normal": [
                0.10835164690428489,
                -0.9175038480608149,
                0.38268343236508984
            ]
        },
        "2": {
            "type": "line",
            "start": [
                28.739756719797,
                -118.8491398772,
                5.0
            ],
            "end": [
                27.11593927871826,
                -105.09892201429926,
                5.0
            ],
            "length": 13.845767380654136,
            "solid_ids": [
                1,
                2
            ],
            "preferred_normal": [
                0.9175038480608149,
                0.10835164690428489,
                0.38268343236508984
            ]
        },
        "3": {
            "type": "line",
            "start": [
                -133.5731684959,
                -138.0173131749,
                5.0
            ],
            "end": [
                -135.19698593699061,
                -124.26709531189888,
                5.0
            ],
            "length": 13.845767380755222,
            "solid_ids": [
                1,
                2
            ],
            "preferred_normal": [
                -0.9175038480608149,
                -0.10835164690428489,
                0.38268343236508984
            ]
        },
        "4": {
            "type": "line",
            "start": [
                27.115939278712,
                -105.0989220143,
                5.0
            ],
            "end": [
                -135.1969859369835,
                -124.2670953120396,
                5.0
            ],
            "length": 163.44082892486853,
            "solid_ids": [
                1,
                2
            ],
            "preferred_normal": [
                -0.10835164690428489,
                0.9175038480608149,
                0.38268343236508984
            ]
        },
        "5": {
            "type": "line",
            "start": [
                -114.83163189068006,
                -111.79258089980945,
                5.0
            ],
            "end": [
                -135.86565295485545,
                66.32003499444845,
                5.0
            ],
            "length": 179.35031079656267,
            "solid_ids": [
                1,
                3
            ],
            "preferred_normal": [
                0.9175038480608149,
                0.10835164690428489,
                0.38268343236508984
            ]
        },
        "6": {
            "type": "line",
            "start": [
                -114.83163189058695,
                -111.79258089991069,
                5.0
            ],
            "end": [
                -119.44546442358666,
                -112.33744657491323,
                5.0
            ],
            "length": 4.6458938048950795,
            "solid_ids": [
                1,
                3
            ],
            "preferred_normal": [
                0.10835164690428489,
                -0.9175038480608149,
                0.38268343236508984
            ]
        },
        "7": {
            "type": "line",
            "start": [
                -135.8656529548,
                66.320034994455,
                5.0
            ],
            "end": [
                -140.47948548770037,
                65.77516931946418,
                5.0
            ],
            "length": 4.645893804795056,
            "solid_ids": [
                1,
                3
            ],
            "preferred_normal": [
                -0.10835164690428489,
                0.9175038480608149,
                0.38268343236508984
            ]
        },
        "8": {
            "type": "line",
            "start": [
                -119.44546442358144,
                -112.33744657479781,
                5.0
            ],
            "end": [
                -140.47948548775616,
                65.77516931945438,
                5.0
            ],
            "length": 179.35031079655693,
            "solid_ids": [
                1,
                3
            ],
            "preferred_normal": [
                -0.9175038480608149,
                -0.10835164690428489,
                0.38268343236508984
            ]
        },
        "9": {
            "type": "line",
            "start": [
                -113.6588421157,
                -121.7235709886,
                15.0
            ],
            "end": [
                -113.6588421157,
                -121.7235709886,
                46.668964354317
            ],
            "length": 31.668964354316998,
            "solid_ids": [
                2,
                3
            ],
            "preferred_normal": [
                0.8726231264075993,
                0.48839418430057796,
                0.0
            ]
        },
        "10": {
            "type": "line",
            "start": [
                -113.65884211568705,
                -121.72357098870991,
                15.0
            ],
            "end": [
                -118.27267464858814,
                -122.2684366637008,
                15.0
            ],
            "length": 4.6458938047957705,
            "solid_ids": [
                2,
                3
            ],
            "preferred_normal": [
                -0.11727897749803351,
                0.9930990088792838,
                0.0
            ]
        },
        "11": {
            "type": "line",
            "start": [
                -113.6588421157,
                -121.7235709886,
                46.668964354317
            ],
            "end": [
                -118.27267464860108,
                -122.2684366635909,
                46.668964354317
            ],
            "length": 4.645893804795772,
            "solid_ids": [
                2,
                3
            ],
            "preferred_normal": [
                -0.04488072165321561,
                0.38004253739629323,
                0.9238795325112867
            ]
        },
        "12": {
            "type": "line",
            "start": [
                -118.2726746486,
                -122.2684366636,
                15.0
            ],
            "end": [
                -118.2726746486,
                -122.2684366636,
                46.668964354317
            ],
            "length": 31.668964354316998,
            "solid_ids": [
                2,
                3
            ],
            "preferred_normal": [
                -0.9623845697140304,
                0.2716908904920082,
                0.0
            ]
        }
    }
}