{
    "contact_edges": {
        "1": {
            "type": "line",
            "start": [
                145.31048584215,
                121.99846805054,
                5.0
            ],
            "end": [
                144.17450366385646,
                111.7811137545904,
                5.0
            ],
            "length": 10.280310516631314,
            "solid_ids": [
                1,
                2
            ],
            "preferred_normal": [
                0.9182217302845934,
                -0.10208939526924994,
                0.38268343236508984
            ]
        },
        "2": {
            "type": "line",
            "start": [
                145.31048584215,
                121.99846805054,
                5.0
            ],
            "end": [
                -47.346846060018436,
                143.41842562656421,
                5.0
            ],
            "length": 193.84442761715118,
            "solid_ids": [
                1,
                2
            ],
            "preferred_normal": [
                0.10208939526924994,
                0.9182217302845934,
                0.38268343236508984
            ]
        },
        "3": {
            "type": "line",
            "start": [
                144.17450366386,
                111.78111375459,
                5.0
            ],
            "end": [
                -48.48282823830843,
                133.2010713306142,
                5.0
            ],
            "length": 193.84442761715118,
            "solid_ids": [
                1,
                2
            ],
            "preferred_normal": [
                -0.10208939526924994,
                -0.9182217302845934,
                0.38268343236508984
            ]
        },
        "4": {
            "type": "line",
            "start": [
                -47.34684606002,
                143.41842562655,
                5.0
            ],
            "end": [
                -48.48282823831355,
                133.2010713306004,
                5.0
            ],
            "length": 10.280310516631314,
            "solid_ids": [
                1,
                2
            ],
            "preferred_normal": [
                -0.9182217302845934,
                0.10208939526924994,
                0.38268343236508984
            ]
        },
        "5": {
            "type": "line",
            "start": [
                138.97497690063,
                102.29758870289,
                5.0
            ],
            "end": [
                118.19109968229108,
                -84.6386513552779,
                5.0
            ],
            "length": 188.08808415025118,
            "solid_ids": [
                1,
                4
            ],
            "preferred_normal": [
                0.9182217302845934,
                -0.10208939526924994,
                0.38268343236508984
            ]
        },
        "6": {
            "type": "line",
            "start": [
                138.97497690063287,
                102.29758870291604,
                5.0
            ],
            "end": [
                134.30666908844285,
                102.81661880834547,
                5.0
            ],
            "length": 4.697072501004905,
            "solid_ids": [
                1,
                4
            ],
            "preferred_normal": [
                0.10208939526924994,
                0.9182217302845934,
                0.3826834323650898
            ]
        },
        "7": {
            "type": "line",
            "start": [
                118.19109968231352,
                -84.63865135524803,
                5.0
            ],
            "end": [
                113.52279187012347,
                -84.11962124981861,
                5.0
            ],
            "length": 4.697072501004933,
            "solid_ids": [
                1,
                4
            ],
            "preferred_normal": [
                -0.10208939526924994,
                -0.9182217302845934,
                0.38268343236508984
            ]
        },
        "8": {
            "type": "line",
            "start": [
                134.30666908844,
                102.81661880832,
                5.0
            ],
            "end": [
                113.52279187010109,
                -84.11962124984791,
                5.0
            ],
            "length": 188.0880841502512,
            "solid_ids": [
                1,
                4
            ],
            "preferred_normal": [
                -0.9182217302845934,
                0.10208939526924994,
                0.38268343236508984
            ]
        },
        "9": {
            "type": "line",
            "start": [
                117.08609203059,
                -94.57741174527,
                15.0
            ],
            "end": [
                117.08609203059,
                -94.57741174527,
                54.324588383382
            ],
            "length": 39.324588383382,
            "solid_ids": [
                3,
                4
            ],
            "preferred_normal": [
                0.9605085423795843,
                0.27825049868031887,
                0.0
            ]
        },
        "10": {
            "type": "line",
            "start": [
                117.08609203059247,
                -94.57741174524791,
                15.0
            ],
            "end": [
                112.4177842184024,
                -94.05838163981849,
                15.0
            ],
            "length": 4.697072501004947,
            "solid_ids": [
                3,
                4
            ],
            "preferred_normal": [
                0.042286812094991015,
                0.3803398939495688,
                -0.9238795325112867
            ]
        },
        "11": {
            "type": "line",
            "start": [
                117.08609203059,
                -94.57741174527,
                54.324588383382
            ],
            "end": [
                112.41778421839993,
                -94.05838163984058,
                54.324588383382
            ],
            "length": 4.697072501004947,
            "solid_ids": [
                3,
                4
            ],
            "preferred_normal": [
                0.042286812094991015,
                0.3803398939495688,
                0.9238795325112867
            ]
        },
        "12": {
            "type": "line",
            "start": [
                112.4177842184,
                -94.05838163984,
                15.0
            ],
            "end": [
                112.4177842184,
                -94.05838163984,
                54.324588383382
            ],
            "length": 39.324588383382,
            "solid_ids": [
                3,
                4
            ],
            "preferred_normal": [
                -0.8759349181896023,
                0.4824292892188188,
                0.0
            ]
        },
        "13": {
            "type": "line",
            "start": [
                140.71881525171,
                -97.20493660407,
                5.0
            ],
            "end": [
                139.61149207919883,
                -107.16452346189988,
                5.0
            ],
            "length": 10.020954794181929,
            "solid_ids": [
                1,
                3
            ],
            "preferred_normal": [
                0.9182217302845934,
                -0.10208939526924994,
                0.38268343236508984
            ]
        },
        "14": {
            "type": "line",
            "start": [
                140.71881525171,
                -97.20493660407,
                5.0
            ],
            "end": [
                -146.15457294459773,
                -65.30988364041959,
                5.0
            ],
            "length": 288.6410145124624,