{
    "contact_edges": {
        "1": {
            "type": "line",
            "start": [
                70.430074405329,
                172.46560154786,
                5.0
            ],
            "end": [
                -8.290927391787434,
                -37.116117087516315,
                5.0
            ],
            "length": 223.878299328228,
            "solid_ids": [
                1,
                2
            ],
            "preferred_normal": [
                0.8648817720018727,
                -0.32485829380235065,
                0.38268343236508984
            ]
        },
        "2": {
            "type": "line",
            "start": [
                70.430074405329,
                172.46560154786,
                5.0
            ],
            "end": [
                55.014852541657625,
                178.255713948571,
                5.0
            ],
            "length": 16.466768557281643,
            "solid_ids": [
                1,
                2
            ],
            "preferred_normal": [
                0.32485829380235065,
                0.8648817720018727,
                0.38268343236508984
            ]
        },
        "3": {
            "type": "line",
            "start": [
                -8.290927391884,
                -37.11611708748,
                5.0
            ],
            "end": [
                -23.706149255553616,
                -31.32600468676963,
                5.0
            ],
            "length": 16.46676855727977,
            "solid_ids": [
                1,
                2
            ],
            "preferred_normal": [
                -0.32485829380235065,
                -0.8648817720018727,
                0.38268343236508984
            ]
        },
        "4": {
            "type": "line",
            "start": [
                55.014852541661,
                178.25571394858,
                5.0
            ],
            "end": [
                -23.70614925545518,
                -31.326004686795645,
                5.0
            ],
            "length": 223.87829932822726,
            "solid_ids": [
                1,
                2
            ],
            "preferred_normal": [
                -0.8648817720018727,
                0.32485829380235065,
                0.38268343236508984
            ]
        },
        "5": {
            "type": "line",
            "start": [
                5.196636088376641,
                74.06236982074839,
                5.0
            ],
            "end": [
                -59.73494802020351,
                98.45132598821806,
                5.0
            ],
            "length": 69.36088088965116,
            "solid_ids": [
                1,
                3
            ],
            "preferred_normal": [
                0.32485829380235065,
                0.8648817720018727,
                0.38268343236508984
            ]
        },
        "6": {
            "type": "line",
            "start": [
                5.196636088413827,
                74.06236982073851,
                5.0
            ],
            "end": [
                2.4413551177515607,
                66.72688744663212,
                5.0
            ],
            "length": 7.835871035699805,
            "solid_ids": [
                1,
                3
            ],
            "preferred_normal": [
                0.8648817720018727,
                -0.32485829380235065,
                0.3826834323650899
            ]
        },
        "7": {
            "type": "line",
            "start": [
                -59.73494802019,
                98.451325988254,
                5.0
            ],
            "end": [
                -62.490228990852756,
                91.11584361414629,
                5.0
            ],
            "length": 7.835871035701216,
            "solid_ids": [
                1,
                3
            ],
            "preferred_normal": [
                -0.8648817720018727,
                0.32485829380235065,
                0.38268343236508984
            ]
        },
        "8": {
            "type": "line",
            "start": [
                2.4413551177104353,
                66.72688744664283,
                5.0
            ],
            "end": [
                -62.49022899087322,
                91.11584361411383,
                5.0
            ],
            "length": 69.3608808896549,
            "solid_ids": [
                1,
                3
            ],
            "preferred_normal": [
                -0.32485829380235065,
                -0.8648817720018727,
                0.38268343236508984
            ]
        },
        "9": {
            "type": "line",
            "start": [
                14.558048930275,
                70.546128986629,
                15.0
            ],
            "end": [
                14.558048930275,
                70.546128986629,
                61.564844874404
            ],
            "length": 46.564844874404,
            "solid_ids": [
                2,
                3
            ],
            "preferred_normal": [
                -0.03338746601010015,
                0.9994424831441899,
                0.0
            ]
        },
        "10": {
            "type": "line",
            "start": [
                14.558048930309843,
                70.5461289866159,
                15.0
            ],
            "end": [
                11.802767959647367,
                63.21064661250894,
                15.0
            ],
            "length": 7.835871035700411,
            "solid_ids": [
                2,
                3
            ],
            "preferred_normal": [
                -0.3582457598124508,
                0.13456071114231724,
                -0.9238795325112867
            ]
        },
        "11": {
            "type": "line",
            "start": [
                14.558048930275,
                70.546128986629,
                61.564844874404
            ],
            "end": [
                11.802767959612526,
                63.21064661252205,
                61.564844874404
            ],
            "length": 7.8358710357004036,
            "solid_ids": [
                2,
                3
            ],
            "preferred_normal": [
                -0.3582457598124508,
                0.13456071114231724,
                0.9238795325112867
            ]
        },
        "12": {
            "type": "line",
            "start": [
                11.80276795961,
                63.210646612523,
                15.0
            ],
            "end": [
                11.80276795961,
                63.210646612523,
                61.564844874404
            ],
            "length": 46.564844874404,
            "solid_ids": [
                2,
                3
            ],
            "preferred_normal": [
                -0.6831040536148013,
                -0.7303210608595555,
                0.0
            ]
        }
    }
}