{
    "contact_edges": {
        "1": {
            "type": "line",
            "start": [
                106.82913471075,
                109.2754887144,
                5.0
            ],
            "end": [
                -148.99054105660002,
                101.57423553211945,
                5.0
            ],
            "length": 255.93556964652194,
            "solid_ids": [
                1,
                2
            ],
            "preferred_normal": [
                0.027800083433588925,
                -0.9234611772859534,
                0.38268343236508984
            ]
        },
        "2": {
            "type": "line",
            "start": [
                106.82913471075,
                109.2754887144,
                5.0
            ],
            "end": [
                106.32380159962524,
                126.06160775017986,
                5.0
            ],
            "length": 16.79372364416451,
            "solid_ids": [
                1,
                2
            ],
            "preferred_normal": [
                0.9234611772859534,
                0.027800083433588925,
                0.38268343236508984
            ]
        },
        "3": {
            "type": "line",
            "start": [
                -148.9905410566,
                101.57423553212,
                5.0
            ],
            "end": [
                -149.49587416772474,
                118.36035456789926,
                5.0
            ],
            "length": 16.79372364416391,
            "solid_ids": [
                1,
                2
            ],
            "preferred_normal": [
                -0.9234611772859534,
                -0.027800083433588925,
                0.38268343236508984
            ]
        },
        "4": {
            "type": "line",
            "start": [
                106.32380159963,
                126.06160775018,
                5.0
            ],
            "end": [
                -149.49587416770004,
                118.36035456790005,
                5.0
            ],
            "length": 255.93556964650193,
            "solid_ids": [
                1,
                2
            ],
            "preferred_normal": [
                -0.027800083433588925,
                0.9234611772859534,
                0.38268343236508984
            ]
        },
        "5": {
            "type": "line",
            "start": [
                34.51904992873,
                -66.15679298457,
                5.0
            ],
            "end": [
                -144.37344749439998,
                -71.54221305022169,
                5.0
            ],
            "length": 178.97354101533583,
            "solid_ids": [
                1,
                3
            ],
            "preferred_normal": [
                0.027800083433588925,
                -0.9234611772859534,
                0.38268343236508984
            ]
        },
        "6": {
            "type": "line",
            "start": [
                34.51904992873,
                -66.15679298457,
                5.0
            ],
            "end": [
                34.08677827723256,
                -51.797624273700016,
                5.0
            ],
            "length": 14.365673838978664,
            "solid_ids": [
                1,
                3
            ],
            "preferred_normal": [
                0.9234611772859534,
                0.027800083433588925,
                0.38268343236508984
            ]
        },
        "7": {
            "type": "line",
            "start": [
                -144.3734474944,
                -71.54221305022,
                5.0
            ],
            "end": [
                -144.80571914589746,
                -57.18304433934992,
                5.0
            ],
            "length": 14.365673838978756,
            "solid_ids": [
                1,
                3
            ],
            "preferred_normal": [
                -0.9234611772859534,
                -0.027800083433588925,
                0.38268343236508984
            ]
        },
        "8": {
            "type": "line",
            "start": [
                34.086778277233,
                -51.7976242737,
                5.0
            ],
            "end": [
                -144.80571914589999,
                -57.18304433935178,
                5.0
            ],
            "length": 178.97354101533884,
            "solid_ids": [
                1,
                3
            ],
            "preferred_normal": [
                -0.027800083433588925,
                0.9234611772859534,
                0.38268343236508984
            ]
        }
    }
}