{
    "contact_edges": {
        "1": {
            "type": "line",
            "start": [
                131.40282321495,
                -18.31365627188,
                5.0
            ],
            "end": [
                -185.85849308970012,
                -12.807329448172942,
                5.0
            ],
            "length": 317.3090960852662,
            "solid_ids": [
                1,
                2
            ],
            "preferred_normal": [
                -0.016032262278336405,
                -0.9237404165454234,
                0.38268343236508984
            ]
        },
        "2": {
            "type": "line",
            "start": [
                131.40282321495,
                -18.31365627188,
                5.0
            ],
            "end": [
                131.63062836517727,
                -5.188071079420951,
                5.0
            ],
            "length": 13.127561914954747,
            "solid_ids": [
                1,
                2
            ],
            "preferred_normal": [
                0.9237404165454234,
                -0.016032262278336405,
                0.38268343236508984
            ]
        },
        "3": {
            "type": "line",
            "start": [
                -185.8584930897,
                -12.80732944817,
                5.0
            ],
            "end": [
                -185.63068793947272,
                0.31825574428853,
                5.0
            ],
            "length": 13.127561914954228,
            "solid_ids": [
                1,
                2
            ],
            "preferred_normal": [
                -0.9237404165454234,
                0.016032262278336405,
                0.38268343236508984
            ]
        },
        "4": {
            "type": "line",
            "start": [
                131.63062836518,
                -5.188071079421,
                5.0
            ],
            "end": [
                -185.63068793950012,
                0.3182557442865786,
                5.0
            ],
            "length": 317.30909608529623,
            "solid_ids": [
                1,
                2
            ],
            "preferred_normal": [
                0.016032262278336405,
                0.9237404165454234,
                0.38268343236508984
            ]
        },
        "5": {
            "type": "line",
            "start": [
                116.28817191091113,
                5.079715672242984,
                5.0
            ],
            "end": [
                117.76550200657603,
                90.19992480134391,
                5.0
            ],
            "length": 85.13302829333298,
            "solid_ids": [
                1,
                4
            ],
            "preferred_normal": [
                0.9237404165454234,
                -0.016032262278336405,
                0.38268343236508984
            ]
        },
        "6": {
            "type": "line",
            "start": [
                116.28817191090997,
                5.079715672242341,
                5.0
            ],
            "end": [
                107.32476886782997,
                5.23528278386718,
                5.0
            ],
            "length": 8.964752937974083,
            "solid_ids": [
                1,
                4
            ],
            "preferred_normal": [
                -0.016032262278336405,
                -0.9237404165454234,
                0.3826834323650899
            ]
        },
        "7": {
            "type": "line",
            "start": [
                117.76550200656999,
                90.19992480134435,
                5.0
            ],
            "end": [
                108.80209896349999,
                90.35549191296901,
                5.0
            ],
            "length": 8.964752937964091,
            "solid_ids": [
                1,
                4
            ],
            "preferred_normal": [
                0.016032262278336405,
                0.9237404165454234,
                0.38268343236508984
            ]
        },
        "8": {
            "type": "line",
            "start": [
                107.32476886783114,
                5.235282783867984,
                5.0
            ],
            "end": [
                108.80209896349605,
                90.35549191296909,
                5.0
            ],
            "length": 85.13302829333315,
            "solid_ids": [
                1,
                4
            ],
            "preferred_normal": [
                -0.9237404165454234,
                0.016032262278336405,
                0.38268343236508984
            ]
        },
        "9": {
            "type": "line",
            "start": [
                117.93903396301,
                100.19841902098,
                15.0
            ],
            "end": [
                117.93903396301,
                100.19841902098,
                80.327934166805
            ],
            "length": 65.327934166805,
            "solid_ids": [
                3,
                4
            ],
            "preferred_normal": [
                0.9170996360742137,
                -0.39865807092362304,
                0.0
            ]
        },
        "10": {
            "type": "line",
            "start": [
                117.93903396300999,
                100.19841902098017,
                15.0
            ],
            "end": [
                108.97563091993007,
                100.35398613260502,
                15.0
            ],
            "length": 8.964752937974012,
            "solid_ids": [
                3,
                4
            ],
            "preferred_normal": [
                -0.01735319564311329,
                -0.9998494219636135,
                0.0
            ]
        },
        "11": {
            "type": "line",
            "start": [
                117.93903396301,
                100.19841902098,
                80.327934166805
            ],
            "end": [
                108.97563091993008,
                100.35398613260483,
                80.327934166805
            ],
            "length": 8.964752937974012,
            "solid_ids": [
                3,
                4
            ],
            "preferred_normal": [
                -0.006640780471209517,
                -0.38262580864528667,
                0.9238795325112867
            ]
        },
        "12": {
            "type": "line",
            "start": [
                108.97563091993,
                100.3539861326,
                15.0
            ],
            "end": [
                108.97563091993,
                100.3539861326,
                80.327934166805
            ],
            "length": 65.327934166805,
            "solid_ids": [
                3,
                4
            ],
            "preferred_normal": [
                -0.9303811970166329,
                -0.3665935463669502,
                0.0
            ]
        },
        "13": {
            "type": "line",
            "start": [
                174.83437230579,
                99.210954393052,
                5.0
            ],
            "end": [
                -135.55166865160012,
                104.59795525068813,
                5.0
            ],
            "length": 310.43278531663316,
            "solid_ids": [
                1,
                3
            ],
            "preferred_normal": [
                -0.016032262278336405,
                -0.9237404165454234,
                0.38268343236508984
            ]
        },
        "14": {
            "type": "line",
            "start": [
                174.83437230579,
                99.210954393052,
                5.0
            ],
            "end": [
                174.97453138164994,
                107.28658345087,
                5.0
            ],
            "length": 8.076845253316435,