{
    "contact_edges": {
        "1": {
            "type": "line",
            "start": [
                -39.37104000617,
                53.915097440523,
                5.0
            ],
            "end": [
                -199.36866323080002,
                49.039810501191035,
                5.0
            ],
            "length": 160.07188341576884,
            "solid_ids": [
                1,
                2
            ],
            "preferred_normal": [
                0.0281384695566385,
                -0.9234509283791336,
                0.38268343236508984
            ]
        },
        "2": {
            "type": "line",
            "start": [
                -39.37104000617,
                53.915097440523,
                5.0
            ],
            "end": [
                -39.9032682681074,
                71.38181437075309,
                5.0
            ],
            "length": 17.474823811517854,
            "solid_ids": [
                1,
                2
            ],
            "preferred_normal": [
                0.9234509283791336,
                0.0281384695566385,
                0.38268343236508984
            ]
        },
        "3": {
            "type": "line",
            "start": [
                -199.3686632308,
                49.039810501191,
                5.0
            ],
            "end": [
                -199.9008914927375,
                66.5065274314239,
                5.0
            ],
            "length": 17.47482381152067,
            "solid_ids": [
                1,
                2
            ],
            "preferred_normal": [
                -0.9234509283791336,
                -0.0281384695566385,
                0.38268343236508984
            ]
        },
        "4": {
            "type": "line",
            "start": [
                -39.90326826811,
                71.381814370753,
                5.0
            ],
            "end": [
                -199.90089149279996,
                66.50652743141922,
                5.0
            ],
            "length": 160.0718834158288,
            "solid_ids": [
                1,
                2
            ],
            "preferred_normal": [
                -0.0281384695566385,
                0.9234509283791336,
                0.38268343236508984
            ]
        },
        "5": {
            "type": "line",
            "start": [
                168.80753945616,
                -100.0391191728,
                5.0
            ],
            "end": [
                -137.14800099340226,
                -109.36188922592653,
                5.0
            ],
            "length": 306.09754453972215,
            "solid_ids": [
                1,
                3
            ],
            "preferred_normal": [
                0.0281384695566385,
                -0.9234509283791336,
                0.38268343236508984
            ]
        },
        "6": {
            "type": "line",
            "start": [
                168.80753945616,
                -100.0391191728,
                5.0
            ],
            "end": [
                168.32297283163226,
                -84.13656632140993,
                5.0
            ],
            "length": 15.909933752371838,
            "solid_ids": [
                1,
                3
            ],
            "preferred_normal": [
                0.9234509283791336,
                0.0281384695566385,
                0.38268343236508984
            ]
        },
        "7": {
            "type": "line",
            "start": [
                -137.1480009934,
                -109.361889226,
                5.0
            ],
            "end": [
                -137.63256761792982,
                -93.45933637454091,
                5.0
            ],
            "length": 15.909933752440892,
            "solid_ids": [
                1,
                3
            ],
            "preferred_normal": [
                -0.9234509283791336,
                -0.0281384695566385,
                0.38268343236508984
            ]
        },
        "8": {
            "type": "line",
            "start": [
                168.32297283163,
                -84.13656632141,
                5.0
            ],
            "end": [
                -137.6325676179002,
                -93.45933637453557,
                5.0
            ],
            "length": 306.0975445396901,
            "solid_ids": [
                1,
                3
            ],
            "preferred_normal": [
                -0.0281384695566385,
                0.9234509283791336,
                0.38268343236508984
            ]
        }
    }
}