{
    "contact_edges": {
        "1": {
            "type": "line",
            "start": [
                -35.92891596217,
                -148.6023123294,
                5.0
            ],
            "end": [
                -131.52132111040027,
                95.21420356138248,
                5.0
            ],
            "length": 261.88623740690076,
            "solid_ids": [
                1,
                2
            ],
            "preferred_normal": [
                -0.8601333577133262,
                -0.3372298882692235,
                0.38268343236508984
            ]
        },
        "2": {
            "type": "line",
            "start": [
                -35.92891596217,
                -148.6023123294,
                5.0
            ],
            "end": [
                -25.50409592255866,
                -144.51508461562892,
                5.0
            ],
            "length": 11.19742395564715,
            "solid_ids": [
                1,
                2
            ],
            "preferred_normal": [
                0.3372298882692235,
                -0.8601333577133262,
                0.38268343236508984
            ]
        },
        "3": {
            "type": "line",
            "start": [
                -131.5213211102,
                95.214203561461,
                5.0
            ],
            "end": [
                -121.09650107060192,
                99.3014312752269,
                5.0
            ],
            "length": 11.197423955632916,
            "solid_ids": [
                1,
                2
            ],
            "preferred_normal": [
                -0.3372298882692235,
                0.8601333577133262,
                0.38268343236508984
            ]
        },
        "4": {
            "type": "line",
            "start": [
                -25.50409592257,
                -144.5150846156,
                5.0
            ],
            "end": [
                -121.09650107078701,
                99.30143127514869,
                5.0
            ],
            "length": 261.88623740686444,
            "solid_ids": [
                1,
                2
            ],
            "preferred_normal": [
                0.8601333577133262,
                0.3372298882692235,
                0.38268343236508984
            ]
        },
        "5": {
            "type": "line",
            "start": [
                104.66775751533,
                -21.03809956718,
                15.0
            ],
            "end": [
                104.66775751533,
                -21.03809956718,
                57.641712502469
            ],
            "length": 42.641712502469,
            "solid_ids": [
                3,
                5
            ],
            "preferred_normal": [
                -0.019049013945145042,
                -0.999818551072002,
                0.0
            ]
        },
        "6": {
            "type": "line",
            "start": [
                104.66775751526939,
                -21.038099567203762,
                15.0
            ],
            "end": [
                101.52040157633122,
                -13.010501996976986,
                15.0
            ],
            "length": 8.622538614345554,
            "solid_ids": [
                3,
                5
            ],
            "preferred_normal": [
                -0.35627890221436803,
                -0.1396851933586757,
                -0.9238795325112871
            ]
        },
        "7": {
            "type": "line",
            "start": [
                104.66775751533,
                -21.03809956718,
                57.641712502469
            ],
            "end": [
                101.52040157639182,
                -13.010501996953208,
                57.641712502469
            ],
            "length": 8.622538614345576,
            "solid_ids": [
                3,
                5
            ],
            "preferred_normal": [
                -0.35627890221436853,
                -0.13968519335867594,
                0.9238795325112867
            ]
        },
        "8": {
            "type": "line",
            "start": [
                101.5204015764,
                -13.01050199695,
                15.0
            ],
            "end": [
                101.5204015764,
                -13.01050199695,
                57.641712502469
            ],
            "length": 42.641712502469,
            "solid_ids": [
                3,
                5
            ],
            "preferred_normal": [
                -0.693508790483592,
                0.7204481643546503,
                0.0
            ]
        },
        "9": {
            "type": "line",
            "start": [
                -40.811638815063404,
                -78.07576719155134,
                5.0
            ],
            "end": [
                95.35774113929969,
                -24.688249574772513,
                5.0
            ],
            "length": 146.26116051241206,
            "solid_ids": [
                1,
                5
            ],
            "preferred_normal": [
                0.3372298882692235,
                -0.8601333577133262,
                0.38268343236508984
            ]
        },
        "10": {
            "type": "line",
            "start": [
                -40.8116388151274,
                -78.07576719158644,
                5.0
            ],
            "end": [
                -43.958994754068975,
                -70.04816962135098,
                5.0
            ],
            "length": 8.622538614354882,
            "solid_ids": [
                1,
                5
            ],
            "preferred_normal": [
                -0.8601333577133262,
                -0.3372298882692235,
                0.38268343236508984
            ]
        },
        "11": {
            "type": "line",
            "start": [
                95.35774113926314,
                -24.688249574887784,
                5.0
            ],
            "end": [
                92.21038520032076,
                -16.660652004650267,
                5.0
            ],
            "length": 8.622538614357095,
            "solid_ids": [
                1,
                5
            ],
            "preferred_normal": [
                0.8601333577133262,
                0.3372298882692236,
                0.38268343236508984
            ]
        },
        "12": {
            "type": "line",
            "start": [
                -43.958994753991334,
                -70.0481696213166,
                5.0
            ],
            "end": [
                92.21038520036657,
                -16.660652004539816,
                5.0
            ],
            "length": 146.26116051240652,
            "solid_ids": [
                1,
                5
            ],
            "preferred_normal": [
                -0.3372298882692235,
                0.8601333577133262,
                0.38268343236508984
            ]
        },
        "13": {
            "type": "line",
            "start": [
                -89.9816366165417,
                47.33647169650333,
                5.0
            ],
            "end": [
                46.18774333782261,
                100.72398931328263,
                5.0
            ],
            "length": 146.2611605124134,
            "solid_ids": [
                1,
                4
            ],
            "preferred_normal": [
                0.3372298882692235,
                -0.8601333577133262,
                0.38268343236508984
            ]
        },
        "14": {
            "type": "line",
            "start": [
                -89.9816366166188,
                47.33647169646813,
                5.0
            ],
            "end": [
                -93.53748727466088,
                56.40596960404136,
                5.0
            ],
            "length": 9.74165623483879,