{
    "contact_edges": {
        "1": {
            "type": "line",
            "start": [
                119.74948680047,
                51.310577983151,
                5.0
            ],
            "end": [
                119.39446771414742,
                36.815021617455066,
                5.0
            ],
            "length": 14.49990320321902,
            "solid_ids": [
                1,
                2
            ],
            "preferred_normal": [
                0.9236025683024608,
                -0.02262048669617748,
                0.38268343236508984
            ]
        },
        "2": {
            "type": "line",
            "start": [
                119.74948680047,
                51.310577983151,
                5.0
            ],
            "end": [
                13.478311528278986,
                53.913327032290184,
                5.0
            ],
            "length": 106.3030432130028,
            "solid_ids": [
                1,
                2
            ],
            "preferred_normal": [
                0.02262048669617748,
                0.9236025683024608,
                0.38268343236508984
            ]
        },
        "3": {
            "type": "line",
            "start": [
                119.39446771415,
                36.815021617455,
                5.0
            ],
            "end": [
                13.123292441955977,
                39.417770666594265,
                5.0
            ],
            "length": 106.3030432130058,
            "solid_ids": [
                1,
                2
            ],
            "preferred_normal": [
                -0.02262048669617748,
                -0.9236025683024608,
                0.38268343236508984
            ]
        },
        "4": {
            "type": "line",
            "start": [
                13.478311528279,
                53.913327032291,
                5.0
            ],
            "end": [
                13.123292441956432,
                39.41777066659498,
                5.0
            ],
            "length": 14.499903203219105,
            "solid_ids": [
                1,
                2
            ],
            "preferred_normal": [
                -0.9236025683024608,
                0.02262048669617748,
                0.38268343236508984
            ]
        },
        "5": {
            "type": "line",
            "start": [
                145.14604283752,
                127.65898706287,
                5.0
            ],
            "end": [
                144.89100943858182,
                117.24588210071995,
                5.0
            ],
            "length": 10.416227579470787,
            "solid_ids": [
                1,
                3
            ],
            "preferred_normal": [
                0.9236025683024608,
                -0.02262048669617748,
                0.38268343236508984
            ]
        },
        "6": {
            "type": "line",
            "start": [
                145.14604283752,
                127.65898706287,
                5.0
            ],
            "end": [
                -72.49937170379994,
                132.9894672640724,
                5.0
            ],
            "length": 217.7106806981192,
            "solid_ids": [
                1,
                3
            ],
            "preferred_normal": [
                0.02262048669617748,
                0.9236025683024608,
                0.38268343236508984
            ]
        },
        "7": {
            "type": "line",
            "start": [
                144.89100943858,
                117.24588210072,
                5.0
            ],
            "end": [
                -72.75440510274021,
                122.5763623019224,
                5.0
            ],
            "length": 217.71068069811946,
            "solid_ids": [
                1,
                3
            ],
            "preferred_normal": [
                -0.02262048669617748,
                -0.9236025683024608,
                0.38268343236508984
            ]
        },
        "8": {
            "type": "line",
            "start": [
                -72.4993717038,
                132.98946726407,
                5.0
            ],
            "end": [
                -72.75440510273793,
                122.57636230192995,
                5.0
            ],
            "length": 10.416227579460779,
            "solid_ids": [
                1,
                3
            ],
            "preferred_normal": [
                -0.9236025683024608,
                0.02262048669617748,
                0.38268343236508984
            ]
        },
        "9": {
            "type": "line",
            "start": [
                140.15601335618,
                -102.2982045686,
                5.0
            ],
            "end": [
                139.80047828667549,
                -116.81482871229989,
                5.0
            ],
            "length": 14.520977298897552,
            "solid_ids": [
                1,
                4
            ],
            "preferred_normal": [
                0.9236025683024608,
                -0.02262048669617748,
                0.38268343236508984
            ]
        },
        "10": {
            "type": "line",
            "start": [
                140.15601335618,
                -102.2982045686,
                5.0
            ],
            "end": [
                -116.16772413039904,
                -96.02043110551142,
                5.0
            ],
            "length": 256.40060225893103,
            "solid_ids": [
                1,
                4
            ],
            "preferred_normal": [
                0.02262048669617748,
                0.9236025683024608,
                0.38268343236508984
            ]
        },
        "11": {
            "type": "line",
            "start": [
                139.80047828668,
                -116.8148287123,
                5.0
            ],
            "end": [
                -116.5232591999003,
                -110.53705524921138,
                5.0
            ],
            "length": 256.4006022589323,
            "solid_ids": [
                1,
                4
            ],
            "preferred_normal": [
                -0.02262048669617748,
                -0.9236025683024608,
                0.38268343236508984
            ]
        },
        "12": {
            "type": "line",
            "start": [
                -116.1677241304,
                -96.02043110555,
                5.0
            ],
            "end": [
                -116.52325919990331,
                -110.53705524919991,
                5.0
            ],
            "length": 14.520977298847557,
            "solid_ids": [
                1,
                4
            ],
            "preferred_normal": [
                -0.9236025683024608,
                0.02262048669617748,
                0.38268343236508984
            ]
        }
    }
}