{
    "contact_edges": {
        "1": {
            "type": "line",
            "start": [
                135.71487277804,
                58.119715969356,
                5.0
            ],
            "end": [
                92.3837001785174,
                -72.82890194590867,
                5.0
            ],
            "length": 137.93161730643047,
            "solid_ids": [
                1,
                2
            ],
            "preferred_normal": [
                0.8771067161039777,
                -0.2902364538760936,
                0.38268343236508984
            ]
        },
        "2": {
            "type": "line",
            "start": [
                135.71487277804,
                58.119715969356,
                5.0
            ],
            "end": [
                126.3648240354385,
                61.21366672904849,
                5.0
            ],
            "length": 9.84865182613465,
            "solid_ids": [
                1,
                2
            ],
            "preferred_normal": [
                0.2902364538760936,
                0.8771067161039777,
                0.38268343236508984
            ]
        },
        "3": {
            "type": "line",
            "start": [
                92.383700178461,
                -72.82890194589,
                5.0
            ],
            "end": [
                83.03365143586069,
                -69.7349511861979,
                5.0
            ],
            "length": 9.848651826133406,
            "solid_ids": [
                1,
                2
            ],
            "preferred_normal": [
                -0.2902364538760936,
                -0.8771067161039777,
                0.38268343236508984
            ]
        },
        "4": {
            "type": "line",
            "start": [
                126.36482403544,
                61.213666729053,
                5.0
            ],
            "end": [
                83.03365143591522,
                -69.73495118621831,
                5.0
            ],
            "length": 137.9316173064375,
            "solid_ids": [
                1,
                2
            ],
            "preferred_normal": [
                -0.8771067161039777,
                0.2902364538760936,
                0.38268343236508984
            ]
        },
        "5": {
            "type": "line",
            "start": [
                94.60338188204753,
                -2.93878087733849,
                5.0
            ],
            "end": [
                32.78429584340816,
                17.517284484255253,
                5.0
            ],
            "length": 65.11566638475331,
            "solid_ids": [
                1,
                3
            ],
            "preferred_normal": [
                0.2902364538760936,
                0.8771067161039777,
                0.38268343236508984
            ]
        },
        "6": {
            "type": "line",
            "start": [
                94.60338188208036,
                -2.938780877341057,
                5.0
            ],
            "end": [
                92.85168190129527,
                -8.232491564702679,
                5.0
            ],
            "length": 5.576004453384981,
            "solid_ids": [
                1,
                3
            ],
            "preferred_normal": [
                0.8771067161039777,
                -0.2902364538760936,
                0.38268343236508984
            ]
        },
        "7": {
            "type": "line",
            "start": [
                32.78429584342,
                17.517284484291,
                5.0
            ],
            "end": [
                31.032595862635098,
                12.223573796929973,
                5.0
            ],
            "length": 5.576004453384357,
            "solid_ids": [
                1,
                3
            ],
            "preferred_normal": [
                -0.8771067161039777,
                0.2902364538760936,
                0.38268343236508984
            ]
        },
        "8": {
            "type": "line",
            "start": [
                92.8516819012633,
                -8.232491564691092,
                5.0
            ],
            "end": [
                31.032595862622745,
                12.223573796903045,
                5.0
            ],
            "length": 65.11566638475456,
            "solid_ids": [
                1,
                3
            ],
            "preferred_normal": [
                -0.2902364538760936,
                -0.8771067161039777,
                0.38268343236508984
            ]
        },
        "9": {
            "type": "line",
            "start": [
                104.09711656539,
                -6.080277616496,
                15.0
            ],
            "end": [
                104.09711656539,
                -6.080277616496,
                70.031799721557
            ],
            "length": 55.03179972155699,
            "solid_ids": [
                2,
                3
            ],
            "preferred_normal": [
                -0.07307304358270221,
                0.997326591594529,
                0.0
            ]
        },
        "10": {
            "type": "line",
            "start": [
                104.09711656542908,
                -6.0802776165089405,
                15.0
            ],
            "end": [
                102.34541658464676,
                -11.373988303862172,
                15.0
            ],
            "length": 5.576004453376145,
            "solid_ids": [
                2,
                3
            ],
            "preferred_normal": [
                -0.3633094974587957,
                0.12021987549055127,
                -0.9238795325112866
            ]
        },
        "11": {
            "type": "line",
            "start": [
                104.09711656539,
                -6.080277616496,
                70.031799721557
            ],
            "end": [
                102.34541658460768,
                -11.37398830384923,
                70.031799721557
            ],
            "length": 5.576004453376145,
            "solid_ids": [
                2,
                3
            ],
            "preferred_normal": [
                -0.3633094974587957,
                0.12021987549055127,
                0.9238795325112866
            ]
        },
        "12": {
            "type": "line",
            "start": [
                102.34541658461,
                -11.37398830385,
                15.0
            ],
            "end": [
                102.34541658461,
                -11.37398830385,
                70.031799721557
            ],
            "length": 55.03179972155699,
            "solid_ids": [
                2,
                3
            ],
            "preferred_normal": [
                -0.6535459513348894,
                -0.7568868406134266,
                0.0
            ]
        }
    }
}