{
    "contact_edges": {
        "1": {
            "type": "line",
            "start": [
                -193.1169014626,
                -133.3804362766,
                5.0
            ],
            "end": [
                -193.4979613976323,
                -124.81284481270144,
                5.0
            ],
            "length": 8.576061460038295,
            "solid_ids": [
                1,
                2
            ],
            "preferred_normal": [
                -0.9229670791537145,
                -0.04105071731084232,
                0.38268343236508984
            ]
        },
        "2": {
            "type": "line",
            "start": [
                -193.1169014626,
                -133.3804362766,
                5.0
            ],
            "end": [
                70.61550570829237,
                -121.65043556800788,
                5.0
            ],
            "length": 263.9931353440406,
            "solid_ids": [
                1,
                2
            ],
            "preferred_normal": [
                0.04105071731084232,
                -0.9229670791537145,
                0.38268343236508984
            ]
        },
        "3": {
            "type": "line",
            "start": [
                -193.4979613976,
                -124.8128448127,
                5.0
            ],
            "end": [
                70.2344457732624,
                -113.08284410410923,
                5.0
            ],
            "length": 263.9931353440106,
            "solid_ids": [
                1,
                2
            ],
            "preferred_normal": [
                -0.04105071731084232,
                0.9229670791537145,
                0.38268343236508984
            ]
        },
        "4": {
            "type": "line",
            "start": [
                70.615505708292,
                -121.650435568,
                5.0
            ],
            "end": [
                70.23444577325962,
                -113.0828441041001,
                5.0
            ],
            "length": 8.576061460039647,
            "solid_ids": [
                1,
                2
            ],
            "preferred_normal": [
                0.9229670791537145,
                0.04105071731084232,
                0.38268343236508984
            ]
        },
        "5": {
            "type": "line",
            "start": [
                -3.675952981382,
                124.64136407357,
                15.0
            ],
            "end": [
                -3.675952981382,
                124.64136407357,
                46.930935623233
            ],
            "length": 31.930935623232998,
            "solid_ids": [
                3,
                5
            ],
            "preferred_normal": [
                -0.9059633152984197,
                -0.42335619912019296,
                0.0
            ]
        },
        "6": {
            "type": "line",
            "start": [
                -3.675952981381504,
                124.64136407355942,
                15.0
            ],
            "end": [
                5.801176821303501,
                125.06287745711899,
                15.0
            ],
            "length": 9.486498976411696,
            "solid_ids": [
                3,
                5
            ],
            "preferred_normal": [
                0.044432976233663685,
                -0.9990123676026332,
                0.0
            ]
        },
        "7": {
            "type": "line",
            "start": [
                -3.675952981382,
                124.64136407357,
                46.930935623233
            ],
            "end": [
                5.801176821303018,
                125.06287745712957,
                46.930935623233
            ],
            "length": 9.48649897641171,
            "solid_ids": [
                3,
                5
            ],
            "preferred_normal": [
                0.017003763855294878,
                -0.38230548180935053,
                0.9238795325112867
            ]
        },
        "8": {
            "type": "line",
            "start": [
                5.801176821303,
                125.06287745713,
                15.0
            ],
            "end": [
                5.801176821303,
                125.06287745713,
                46.930935623233
            ],
            "length": 31.930935623232998,
            "solid_ids": [
                3,
                5
            ],
            "preferred_normal": [
                0.9399708430090092,
                -0.3412547644985082,
                0.0
            ]
        },
        "9": {
            "type": "line",
            "start": [
                6.577999705871531,
                -105.90419959749993,
                5.0
            ],
            "end": [
                -3.2316232190399194,
                114.65124039754023,
                5.0
            ],
            "length": 220.77348303936935,
            "solid_ids": [
                1,
                5
            ],
            "preferred_normal": [
                -0.9229670791537145,
                -0.04105071731084232,
                0.38268343236508984
            ]
        },
        "10": {
            "type": "line",
            "start": [
                6.577999705869289,
                -105.90419959748277,
                5.0
            ],
            "end": [
                16.05512950855608,
                -105.48268621392312,
                5.0
            ],
            "length": 9.486498976413486,
            "solid_ids": [
                1,
                5
            ],
            "preferred_normal": [
                0.04105071731084232,
                -0.9229670791537146,
                0.3826834323650898
            ]
        },
        "11": {
            "type": "line",
            "start": [
                -3.2316232190448195,
                114.6512403975366,
                5.0
            ],
            "end": [
                6.245506583640213,
                115.07275378109617,
                5.0
            ],
            "length": 9.486498976411724,
            "solid_ids": [
                1,
                5
            ],
            "preferred_normal": [
                -0.04105071731084232,
                0.9229670791537145,
                0.38268343236508984
            ]
        },
        "12": {
            "type": "line",
            "start": [
                16.05512950855653,
                -105.48268621389992,
                5.0
            ],
            "end": [
                6.245506583646853,
                115.07275378110036,
                5.0
            ],
            "length": 220.77348303932945,
            "solid_ids": [
                1,
                5
            ],
            "preferred_normal": [
                0.9229670791537145,
                0.04105071731084232,
                0.38268343236508984
            ]
        },
        "13": {
            "type": "line",
            "start": [
                -82.71687265206546,
                -109.87575897950025,
                5.0
            ],
            "end": [
                -92.52649557697781,
                110.6796810155601,
                5.0
            ],
            "length": 220.77348303938956,
            "solid_ids": [
                1,
                4
            ],
            "preferred_normal": [
                -0.9229670791537145,
                -0.04105071731084232,
                0.38268343236508984
            ]
        },
        "14": {
            "type": "line",
            "start": [
                -82.71687265206089,
                -109.87575897947967,
                5.0
            ],
            "end": [
                -75.82208591613093,
                -109.56910021817832,
                5.0
            ],
            "length": 6.901602982629363,