{
    "contact_edges": {
        "1": {
            "type": "line",
            "start": [
                -120.7602672954,
                -70.39298021694,
                5.0
            ],
            "end": [
                -130.59619181239222,
                -66.19556755348174,
                5.0
            ],
            "length": 10.694095762210496,
            "solid_ids": [
                1,
                2
            ],
            "preferred_normal": [
                -0.3626209953136991,
                -0.8497407865643357,
                0.3826834323650898
            ]
        },
        "2": {
            "type": "line",
            "start": [
                -120.7602672954,
                -70.39298021694,
                5.0
            ],
            "end": [
                -58.671302796489385,
                75.1019751554807,
                5.0
            ],
            "length": 158.1891954318299,
            "solid_ids": [
                1,
                2
            ],
            "preferred_normal": [
                0.8497407865643357,
                -0.362620995313699,
                0.3826834323650898
            ]
        },
        "3": {
            "type": "line",
            "start": [
                -130.5961918124,
                -66.1955675535,
                5.0
            ],
            "end": [
                -68.5072273134816,
                79.29938781893897,
                5.0
            ],
            "length": 158.18919543184975,
            "solid_ids": [
                1,
                2
            ],
            "preferred_normal": [
                -0.8497407865643357,
                0.362620995313699,
                0.3826834323650898
            ]
        },
        "4": {
            "type": "line",
            "start": [
                -58.67130279653,
                75.101975155498,
                5.0
            ],
            "end": [
                -68.50722731347,
                79.29938781893398,
                5.0
            ],
            "length": 10.694095762153715,
            "solid_ids": [
                1,
                2
            ],
            "preferred_normal": [
                0.3626209953136991,
                0.8497407865643357,
                0.3826834323650898
            ]
        }
    }
}