{
    "contact_edges": {
        "1": {
            "type": "line",
            "start": [
                80.475054151265,
                49.719443181314,
                5.0
            ],
            "end": [
                -93.96873007197249,
                86.94043363469542,
                5.0
            ],
            "length": 178.3705020020243,
            "solid_ids": [
                1,
                2
            ],
            "preferred_normal": [
                -0.19278810606972915,
                -0.9035408882564865,
                0.38268343236508984
            ]
        },
        "2": {
            "type": "line",
            "start": [
                80.475054151265,
                49.719443181314,
                5.0
            ],
            "end": [
                82.34090662035972,
                58.4641423832017,
                5.0
            ],
            "length": 8.941541789195094,
            "solid_ids": [
                1,
                2
            ],
            "preferred_normal": [
                0.9035408882564865,
                -0.19278810606972915,
                0.38268343236508984
            ]
        },
        "3": {
            "type": "line",
            "start": [
                -93.96873007196,
                86.940433634754,
                5.0
            ],
            "end": [
                -92.10287760286519,
                95.68513283664211,
                5.0
            ],
            "length": 8.941541789195515,
            "solid_ids": [
                1,
                2
            ],
            "preferred_normal": [
                -0.9035408882564865,
                0.19278810606972915,
                0.38268343236508984
            ]
        },
        "4": {
            "type": "line",
            "start": [
                82.340906620363,
                58.464142383201,
                5.0
            ],
            "end": [
                -92.1028776028726,
                95.68513283658203,
                5.0
            ],
            "length": 178.37050200202233,
            "solid_ids": [
                1,
                2
            ],
            "preferred_normal": [
                0.19278810606972915,
                0.9035408882564865,
                0.38268343236508984
            ]
        },
        "5": {
            "type": "line",
            "start": [
                139.6643299935,
                87.233202128383,
                5.0
            ],
            "end": [
                -8.235390356820124,
                118.79049781380724,
                5.0
            ],
            "length": 151.2289330474833,
            "solid_ids": [
                1,
                3
            ],
            "preferred_normal": [
                -0.19278810606972915,
                -0.9035408882564865,
                0.38268343236508984
            ]
        },
        "6": {
            "type": "line",
            "start": [
                139.6643299935,
                87.233202128383,
                5.0
            ],
            "end": [
                141.94371325919647,
                97.91599798415776,
                5.0
            ],
            "length": 10.923264867616068,
            "solid_ids": [
                1,
                3
            ],
            "preferred_normal": [
                0.9035408882564865,
                -0.19278810606972915,
                0.38268343236508984
            ]
        },
        "7": {
            "type": "line",
            "start": [
                -8.235390356811,
                118.79049781385,
                5.0
            ],
            "end": [
                -5.956007091113294,
                129.4732936696305,
                5.0
            ],
            "length": 10.923264867621938,
            "solid_ids": [
                1,
                3
            ],
            "preferred_normal": [
                -0.9035408882564865,
                0.19278810606972915,
                0.38268343236508984
            ]
        },
        "8": {
            "type": "line",
            "start": [
                141.9437132592,
                97.915997984157,
                5.0
            ],
            "end": [
                -5.956007091121342,
                129.4732936695815,
                5.0
            ],
            "length": 151.22893304748456,
            "solid_ids": [
                1,
                3
            ],
            "preferred_normal": [
                0.19278810606972915,
                0.9035408882564865,
                0.38268343236508984
            ]
        }
    }
}