{
    "contact_edges": {
        "1": {
            "type": "line",
            "start": [
                133.90057170555,
                -63.36283569191,
                5.0
            ],
            "end": [
                126.41142422126671,
                -74.92583854404435,
                5.0
            ],
            "length": 13.776442392715682,
            "solid_ids": [
                1,
                2
            ],
            "preferred_normal": [
                0.7754412470889523,
                -0.50223924867179,
                0.3826834323650899
            ]
        },
        "2": {
            "type": "line",
            "start": [
                133.90057170555,
                -63.36283569191,
                5.0
            ],
            "end": [
                -23.95658365969729,
                38.87838426606476,
                5.0
            ],
            "length": 188.0748482878633,
            "solid_ids": [
                1,
                2
            ],
            "preferred_normal": [
                0.50223924867179,
                0.7754412470889523,
                0.3826834323650899
            ]
        },
        "3": {
            "type": "line",
            "start": [
                126.41142422126,
                -74.92583854404,
                5.0
            ],
            "end": [
                -31.445731143980694,
                27.315381413930485,
                5.0
            ],
            "length": 188.07484828785547,
            "solid_ids": [
                1,
                2
            ],
            "preferred_normal": [
                -0.50223924867179,
                -0.7754412470889523,
                0.3826834323650899
            ]
        },
        "4": {
            "type": "line",
            "start": [
                -23.95658365969,
                38.878384266076,
                5.0
            ],
            "end": [
                -31.445731143969873,
                27.315381413946916,
                5.0
            ],
            "length": 13.776442392709404,
            "solid_ids": [
                1,
                2
            ],
            "preferred_normal": [
                -0.7754412470889523,
                0.50223924867179,
                0.3826834323650899
            ]
        }
    }
}