{
    "contact_edges": {
        "1": {
            "type": "line",
            "start": [
                48.919373679158,
                -128.3687330924,
                5.0
            ],
            "end": [
                -138.980127341061,
                89.78051390174768,
                5.0
            ],
            "length": 287.9154675382359,
            "solid_ids": [
                1,
                2
            ],
            "preferred_normal": [
                -0.7000097148440867,
                -0.6029426089746636,
                0.38268343236508984
            ]
        },
        "2": {
            "type": "line",
            "start": [
                48.919373679158,
                -128.3687330924,
                5.0
            ],
            "end": [
                56.953873445423405,
                -121.4483402061993,
                5.0
            ],
            "length": 10.604009816738946,
            "solid_ids": [
                1,
                2
            ],
            "preferred_normal": [
                0.6029426089746636,
                -0.7000097148440867,
                0.38268343236508984
            ]
        },
        "3": {
            "type": "line",
            "start": [
                -138.9801273411,
                89.780513901714,
                5.0
            ],
            "end": [
                -130.94562757487,
                96.7009067878842,
                5.0
            ],
            "length": 10.604009816692216,
            "solid_ids": [
                1,
                2
            ],
            "preferred_normal": [
                -0.6029426089746636,
                0.7000097148440867,
                0.38268343236508984
            ]
        },
        "4": {
            "type": "line",
            "start": [
                56.953873445424,
                -121.4483402062,
                5.0
            ],
            "end": [
                -130.94562757482552,
                96.70090678798313,
                5.0
            ],
            "length": 287.9154675382826,
            "solid_ids": [
                1,
                2
            ],
            "preferred_normal": [
                0.7000097148440867,
                0.6029426089746636,
                0.38268343236508984
            ]
        },
        "5": {
            "type": "line",
            "start": [
                39.88387533597595,
                -86.30741714207574,
                5.0
            ],
            "end": [
                115.3965866751617,
                -21.26570383422517,
                5.0
            ],
            "length": 99.66240035146564,
            "solid_ids": [
                1,
                4
            ],
            "preferred_normal": [
                0.6029426089746636,
                -0.7000097148440867,
                0.38268343236508984
            ]
        },
        "6": {
            "type": "line",
            "start": [
                39.8838753360083,
                -86.30741714203785,
                5.0
            ],
            "end": [
                35.19509764644161,
                -80.86379799058587,
                5.0
            ],
            "length": 7.1845407430282675,
            "solid_ids": [
                1,
                4
            ],
            "preferred_normal": [
                -0.7000097148440867,
                -0.6029426089746636,
                0.38268343236508984
            ]
        },
        "7": {
            "type": "line",
            "start": [
                115.39658667519271,
                -21.26570383415458,
                5.0
            ],
            "end": [
                110.70780898562558,
                -15.822084682702096,
                5.0
            ],
            "length": 7.184540743028934,
            "solid_ids": [
                1,
                4
            ],
            "preferred_normal": [
                0.7000097148440868,
                0.6029426089746636,
                0.3826834323650898
            ]
        },
        "8": {
            "type": "line",
            "start": [
                35.195097646402004,
                -80.86379799062,
                5.0
            ],
            "end": [
                110.70780898558718,
                -15.82208468276993,
                5.0
            ],
            "length": 99.66240035146488,
            "solid_ids": [
                1,
                4
            ],
            "preferred_normal": [
                -0.6029426089746636,
                0.7000097148440867,
                0.38268343236508984
            ]
        },
        "9": {
            "type": "line",
            "start": [
                122.9734372299,
                -14.73950006242,
                15.0
            ],
            "end": [
                122.9734372299,
                -14.73950006242,
                48.403789759703
            ],
            "length": 33.403789759703,
            "solid_ids": [
                3,
                4
            ],
            "preferred_normal": [
                0.3129890912933198,
                -0.9497567208140103,
                0.0
            ]
        },
        "10": {
            "type": "line",
            "start": [
                122.9734372299626,
                -14.739500062366059,
                15.0
            ],
            "end": [
                118.28465954039497,
                -9.295880910913006,
                15.0
            ],
            "length": 7.18454074302969,
            "solid_ids": [
                3,
                4
            ],
            "preferred_normal": [
                -0.7576850554761424,
                -0.6526203771781227,
                0.0
            ]
        },
        "11": {
            "type": "line",
            "start": [
                122.9734372299,
                -14.73950006242,
                48.403789759703
            ],
            "end": [
                118.28465954033238,
                -9.295880910966948,
                48.403789759703
            ],
            "length": 7.18454074302968,
            "solid_ids": [
                3,
                4
            ],
            "preferred_normal": [
                -0.2899535176813437,
                -0.24974700596992355,
                0.9238795325112866
            ]
        },
        "12": {
            "type": "line",
            "start": [
                118.28465954033,
                -9.295880910969,
                15.0
            ],
            "end": [
                118.28465954033,
                -9.295880910969,
                48.403789759703
            ],
            "length": 33.403789759703,
            "solid_ids": [
                3,
                4
            ],
            "preferred_normal": [
                -0.8928961266560074,
                0.45026270887416314,
                0.0
            ]
        },
        "13": {
            "type": "line",
            "start": [
                125.93522350074,
                -18.17810123609,
                5.0
            ],
            "end": [
                7.927812074721787,
                118.82720107998342,
                5.0
            ],
            "length": 180.82091144054166,
            "solid_ids": [
                1,
                3
            ],
            "preferred_normal": [
                -0.7000097148440867,
                -0.6029426089746636,
                0.38268343236508984
            ]
        },
        "14": {
            "type": "line",
            "start": [
                125.93522350074,
                -18.17810123609,
                5.0
            ],
            "end": [
                132.29160005429029,
                -12.703133986990315,
                5.0
            ],
            "length": 8.389206712749308,