{
    "contact_edges": {
        "1": {
            "type": "line",
            "start": [
                138.1538238568,
                9.96728829572,
                5.0
            ],
            "end": [
                134.12595925018553,
                0.006346193701456899,
                5.0
            ],
            "length": 10.744489790073004,
            "solid_ids": [
                1,
                2
            ],
            "preferred_normal": [
                0.8565051214518732,
                -0.34634140312700956,
                0.38268343236508984
            ]
        },
        "2": {
            "type": "line",
            "start": [
                138.1538238568,
                9.96728829572,
                5.0
            ],
            "end": [
                9.610836838740981,
                61.94567975064265,
                5.0
            ],
            "length": 138.65443624264626,
            "solid_ids": [
                1,
                2
            ],
            "preferred_normal": [
                0.3463414031270095,
                0.8565051214518731,
                0.3826834323650898
            ]
        },
        "3": {
            "type": "line",
            "start": [
                134.12595925019,
                0.006346193699662,
                5.0
            ],
            "end": [
                5.582972232130012,
                51.984737648622705,
                5.0
            ],
            "length": 138.65443624264734,
            "solid_ids": [
                1,
                2
            ],
            "preferred_normal": [
                -0.3463414031270095,
                -0.8565051214518731,
                0.3826834323650898
            ]
        },
        "4": {
            "type": "line",
            "start": [
                9.610836838725,
                61.945679750603,
                5.0
            ],
            "end": [
                5.582972232110532,
                51.9847376485844,
                5.0
            ],
            "length": 10.74448979007306,
            "solid_ids": [
                1,
                2
            ],
            "preferred_normal": [
                -0.8565051214518732,
                0.34634140312700956,
                0.38268343236508984
            ]
        },
        "5": {
            "type": "line",
            "start": [
                35.570860265588074,
                29.07204039562918,
                5.0
            ],
            "end": [
                -2.9347459830032414,
                -66.15263866023659,
                5.0
            ],
            "length": 102.71524333741412,
            "solid_ids": [
                1,
                3
            ],
            "preferred_normal": [
                0.8565051214518732,
                -0.34634140312700956,
                0.38268343236508984
            ]
        },
        "6": {
            "type": "line",
            "start": [
                35.57086026560545,
                29.072040395663823,
                5.0
            ],
            "end": [
                27.076334792922566,
                32.506936226899576,
                5.0
            ],
            "length": 9.162721886944897,
            "solid_ids": [
                1,
                3
            ],
            "preferred_normal": [
                0.3463414031270095,
                0.8565051214518731,
                0.3826834323650898
            ]
        },
        "7": {
            "type": "line",
            "start": [
                -2.93474598297,
                -66.15263866025,
                5.0
            ],
            "end": [
                -11.42927145564841,
                -62.71774282901606,
                5.0
            ],
            "length": 9.162721886940075,
            "solid_ids": [
                1,
                3
            ],
            "preferred_normal": [
                -0.3463414031270095,
                -0.8565051214518731,
                0.3826834323650898
            ]
        },
        "8": {
            "type": "line",
            "start": [
                27.076334792904074,
                32.50693622686218,
                5.0
            ],
            "end": [
                -11.429271455687726,
                -62.71774282900479,
                5.0
            ],
            "length": 102.71524333741542,
            "solid_ids": [
                1,
                3
            ],
            "preferred_normal": [
                -0.8565051214518732,
                0.34634140312700956,
                0.38268343236508984
            ]
        },
        "9": {
            "type": "line",
            "start": [
                39.319632599418,
                38.342785025329,
                15.0
            ],
            "end": [
                39.319632599418,
                38.342785025329,
                48.798436527629
            ],
            "length": 33.798436527629,
            "solid_ids": [
                2,
                3
            ],
            "preferred_normal": [
                0.7130458150653382,
                -0.7011174406743905,
                0.0
            ]
        },
        "10": {
            "type": "line",
            "start": [
                39.31963259943217,
                38.34278502536415,
                15.0
            ],
            "end": [
                30.825107126749277,
                41.77768085659991,
                15.0
            ],
            "length": 9.16272188694491,
            "solid_ids": [
                2,
                3
            ],
            "preferred_normal": [
                -0.37487723338299894,
                -0.9270744629699973,
                0.0
            ]
        },
        "11": {
            "type": "line",
            "start": [
                39.319632599418,
                38.342785025329,
                48.798436527629
            ],
            "end": [
                30.825107126735112,
                41.77768085656476,
                48.798436527629
            ],
            "length": 9.162721886944906,
            "solid_ids": [
                2,
                3
            ],
            "preferred_normal": [
                -0.1434593063865349,
                -0.35477603754738096,
                0.9238795325112866
            ]
        },
        "12": {
            "type": "line",
            "start": [
                30.825107126734,
                41.777680856562,
                15.0
            ],
            "end": [
                30.825107126734,
                41.777680856562,
                48.798436527629
            ],
            "length": 33.798436527629,
            "solid_ids": [
                2,
                3
            ],
            "preferred_normal": [
                -0.999964427838408,
                -0.008434634420371344,
                0.0
            ]
        }
    }
}