{
    "contact_edges": {
        "1": {
            "type": "line",
            "start": [
                125.69081444411,
                -25.50953270955,
                5.0
            ],
            "end": [
                123.69683885228359,
                -40.93227745410047,
                5.0
            ],
            "length": 15.551109096021372,
            "solid_ids": [
                1,
                2
            ],
            "preferred_normal": [
                0.9162535042778155,
                -0.1184605693549413,
                0.38268343236508984
            ]
        },
        "2": {
            "type": "line",
            "start": [
                125.69081444411,
                -25.50953270955,
                5.0
            ],
            "end": [
                -41.94098519651499,
                -3.836755105197346,
                5.0
            ],
            "length": 169.0270083147731,
            "solid_ids": [
                1,
                2
            ],
            "preferred_normal": [
                0.1184605693549413,
                0.9162535042778155,
                0.38268343236508984
            ]
        },
        "3": {
            "type": "line",
            "start": [
                123.69683885228,
                -40.9322774541,
                5.0
            ],
            "end": [
                -43.93496078834485,
                -19.259499849747368,
                5.0
            ],
            "length": 169.02700831477296,
            "solid_ids": [
                1,
                2
            ],
            "preferred_normal": [
                -0.1184605693549413,
                -0.9162535042778155,
                0.38268343236508984
            ]
        },
        "4": {
            "type": "line",
            "start": [
                -41.94098519651,
                -3.836755105159,
                5.0
            ],
            "end": [
                -43.93496078833653,
                -19.25949984971045,
                5.0
            ],
            "length": 15.55110909602236,
            "solid_ids": [
                1,
                2
            ],
            "preferred_normal": [
                -0.9162535042778155,
                0.1184605693549413,
                0.38268343236508984
            ]
        },
        "5": {
            "type": "line",
            "start": [
                76.55887003438598,
                -44.92113499586026,
                5.0
            ],
            "end": [
                64.6415557208605,
                -137.0976377833037,
                5.0
            ],
            "length": 92.94369288214735,
            "solid_ids": [
                1,
                3
            ],
            "preferred_normal": [
                0.9162535042778155,
                -0.1184605693549413,
                0.38268343236508984
            ]
        },
        "6": {
            "type": "line",
            "start": [
                76.55887003438146,
                -44.92113499587941,
                5.0
            ],
            "end": [
                71.87984525389699,
                -44.316193310053116,
                5.0
            ],
            "length": 4.717968560687755,
            "solid_ids": [
                1,
                3
            ],
            "preferred_normal": [
                0.1184605693549413,
                0.9162535042778155,
                0.38268343236508984
            ]
        },
        "7": {
            "type": "line",
            "start": [
                64.641555720832,
                -137.0976377833,
                5.0
            ],
            "end": [
                59.962530940351336,
                -136.4926960974742,
                5.0
            ],
            "length": 4.717968560683921,
            "solid_ids": [
                1,
                3
            ],
            "preferred_normal": [
                -0.1184605693549413,
                -0.9162535042778155,
                0.38268343236508984
            ]
        },
        "8": {
            "type": "line",
            "start": [
                71.87984525390198,
                -44.31619331003026,
                5.0
            ],
            "end": [
                59.96253094037269,
                -136.4926960975032,
                5.0
            ],
            "length": 92.94369288217709,
            "solid_ids": [
                1,
                3
            ],
            "preferred_normal": [
                -0.9162535042778155,
                0.1184605693549413,
                0.38268343236508984
            ]
        },
        "9": {
            "type": "line",
            "start": [
                77.841077997506,
                -35.00367853065,
                15.0
            ],
            "end": [
                77.841077997506,
                -35.00367853065,
                80.160180099247
            ],
            "length": 65.160180099247,
            "solid_ids": [
                2,
                3
            ],
            "preferred_normal": [
                0.8671855298445601,
                -0.4979851973986872,
                0.0
            ]
        },
        "10": {
            "type": "line",
            "start": [
                77.8410779975036,
                -35.003678530668395,
                15.0
            ],
            "end": [
                73.16205321701912,
                -34.398736844842105,
                15.0
            ],
            "length": 4.717968560687768,
            "solid_ids": [
                2,
                3
            ],
            "preferred_normal": [
                -0.049067974433255265,
                -0.37952462804374537,
                -0.9238795325112871
            ]
        },
        "11": {
            "type": "line",
            "start": [
                77.841077997506,
                -35.00367853065,
                80.160180099247
            ],
            "end": [
                73.16205321702152,
                -34.39873684482371,
                80.160180099247
            ],
            "length": 4.717968560687768,
            "solid_ids": [
                2,
                3
            ],
            "preferred_normal": [
                -0.04906797443325534,
                -0.3795246280437459,
                0.9238795325112866
            ]
        },
        "12": {
            "type": "line",
            "start": [
                73.162053217022,
                -34.39873684482,
                15.0
            ],
            "end": [
                73.162053217022,
                -34.39873684482,
                80.160180099247
            ],
            "length": 65.160180099247,
            "solid_ids": [
                2,
                3
            ],
            "preferred_normal": [
                -0.9653214787110708,
                -0.26106405868880467,
                0.0
            ]
        }
    }
}