{
    "contact_edges": {
        "1": {
            "type": "line",
            "start": [
                43.690947979341,
                -87.61253861814,
                5.0
            ],
            "end": [
                31.586727131928278,
                -85.75738356391818,
                5.0
            ],
            "length": 12.245560934401716,
            "solid_ids": [
                1,
                2
            ],
            "preferred_normal": [
                -0.13996417096871352,
                -0.9132159774326741,
                0.3826834323650899
            ]
        },
        "2": {
            "type": "line",
            "start": [
                43.690947979341,
                -87.61253861814,
                5.0
            ],
            "end": [
                73.8315968554132,
                109.04437674322064,
                5.0
            ],
            "length": 198.95326354226017,
            "solid_ids": [
                1,
                2
            ],
            "preferred_normal": [
                0.9132159774326742,
                -0.13996417096871355,
                0.38268343236508984
            ]
        },
        "3": {
            "type": "line",
            "start": [
                31.586727131928,
                -85.75738356392,
                5.0
            ],
            "end": [
                61.7273760079987,
                110.89953179743085,
                5.0
            ],
            "length": 198.95326354225028,
            "solid_ids": [
                1,
                2
            ],
            "preferred_normal": [
                -0.9132159774326742,
                0.13996417096871355,
                0.38268343236508984
            ]
        },
        "4": {
            "type": "line",
            "start": [
                73.831596855352,
                109.04437674323,
                5.0
            ],
            "end": [
                61.72737600794077,
                110.89953179745159,
                5.0
            ],
            "length": 12.245560934400213,
            "solid_ids": [
                1,
                2
            ],
            "preferred_normal": [
                0.13996417096871352,
                0.9132159774326741,
                0.3826834323650899
            ]
        },
        "5": {
            "type": "line",
            "start": [
                -91.07180406051,
                -31.93261948777,
                15.0
            ],
            "end": [
                -91.07180406051,
                -31.93261948777,
                58.62059249913
            ],
            "length": 43.62059249913,
            "solid_ids": [
                3,
                5
            ],
            "preferred_normal": [
                0.23830227225970257,
                -0.9711910352942218,
                0.0
            ]
        },
        "6": {
            "type": "line",
            "start": [
                -91.07180406042139,
                -31.93261948778359,
                15.0
            ],
            "end": [
                -89.95768551002352,
                -24.66339584336326,
                15.0
            ],
            "length": 7.3541058285110505,
            "solid_ids": [
                3,
                5
            ],
            "preferred_normal": [
                0.3782664432284159,
                -0.057975057861547746,
                -0.9238795325112868
            ]
        },
        "7": {
            "type": "line",
            "start": [
                -91.07180406051,
                -31.93261948777,
                58.62059249913
            ],
            "end": [
                -89.95768551011214,
                -24.663395843349672,
                58.62059249913
            ],
            "length": 7.3541058285110505,
            "solid_ids": [
                3,
                5
            ],
            "preferred_normal": [
                0.37826644322841607,
                -0.05797505786154779,
                0.9238795325112866
            ]
        },
        "8": {
            "type": "line",
            "start": [
                -89.95768551011,
                -24.66339584335,
                15.0
            ],
            "end": [
                -89.95768551011,
                -24.66339584335,
                58.62059249913
            ],
            "length": 43.62059249913,
            "solid_ids": [
                3,
                5
            ],
            "preferred_normal": [
                0.5182306141971296,
                0.8552409195711265,
                0.0
            ]
        },
        "9": {
            "type": "line",
            "start": [
                26.947129092121905,
                -50.0208073266706,
                5.0
            ],
            "end": [
                -81.18722554894465,
                -33.44758075750499,
                5.0
            ],
            "length": 109.39703146133742,
            "solid_ids": [
                1,
                5
            ],
            "preferred_normal": [
                -0.13996417096871352,
                -0.9132159774326741,
                0.3826834323650899
            ]
        },
        "10": {
            "type": "line",
            "start": [
                26.947129092159802,
                -50.02080732667579,
                5.0
            ],
            "end": [
                28.061247642557547,
                -42.751583682256246,
                5.0
            ],
            "length": 7.35410582851026,
            "solid_ids": [
                1,
                5
            ],
            "preferred_normal": [
                0.9132159774326742,
                -0.13996417096871355,
                0.38268343236508984
            ]
        },
        "11": {
            "type": "line",
            "start": [
                -81.1872255489305,
                -33.447580757543,
                5.0
            ],
            "end": [
                -80.07310699853286,
                -26.178357113124164,
                5.0
            ],
            "length": 7.354105828509541,
            "solid_ids": [
                1,
                5
            ],
            "preferred_normal": [
                -0.9132159774326742,
                0.13996417096871355,
                0.3826834323650897
            ]
        },
        "12": {
            "type": "line",
            "start": [
                28.061247642516904,
                -42.7515836822506,
                5.0
            ],
            "end": [
                -80.07310699855454,
                -26.178357113084235,
                5.0
            ],
            "length": 109.39703146134237,
            "solid_ids": [
                1,
                5
            ],
            "preferred_normal": [
                0.13996417096871352,
                0.9132159774326741,
                0.3826834323650899
            ]
        },
        "13": {
            "type": "line",
            "start": [
                36.739501387646335,
                13.870907069710183,
                5.0
            ],
            "end": [
                -71.3948532534246,
                30.44413363887647,
                5.0
            ],
            "length": 109.39703146134184,
            "solid_ids": [
                1,
                4
            ],
            "preferred_normal": [
                -0.13996417096871352,
                -0.9132159774326741,
                0.3826834323650899
            ]
        },
        "14": {
            "type": "line",
            "start": [
                36.739501387680505,
                13.87090706970272,
                5.0
            ],
            "end": [
                37.842481799903645,
                21.067458360408406,
                5.0
            ],
            "length": 7.280584885124655,