{
    "contact_edges": {
        "1": {
            "type": "line",
            "start": [
                147.95478681866,
                22.902183186971,
                5.0
            ],
            "end": [
                146.85793180388026,
                13.927473116322968,
                5.0
            ],
            "length": 9.041488360642772,
            "solid_ids": [
                1,
                2
            ],
            "preferred_normal": [
                0.9170559772644761,
                -0.1120791022303915,
                0.38268343236508984
            ]
        },
        "2": {
            "type": "line",
            "start": [
                147.95478681866,
                22.902183186971,
                5.0
            ],
            "end": [
                -38.75473027656024,
                45.72111199034018,
                5.0
            ],
            "length": 188.0987700269823,
            "solid_ids": [
                1,
                2
            ],
            "preferred_normal": [
                0.1120791022303915,
                0.9170559772644761,
                0.38268343236508984
            ]
        },
        "3": {
            "type": "line",
            "start": [
                146.85793180388,
                13.927473116323,
                5.0
            ],
            "end": [
                -39.85158529134024,
                36.746401919692175,
                5.0
            ],
            "length": 188.0987700269823,
            "solid_ids": [
                1,
                2
            ],
            "preferred_normal": [
                -0.1120791022303915,
                -0.9170559772644761,
                0.38268343236508984
            ]
        },
        "4": {
            "type": "line",
            "start": [
                -38.75473027655,
                45.721111990424,
                5.0
            ],
            "end": [
                -39.85158529132975,
                36.74640191977597,
                5.0
            ],
            "length": 9.041488360642768,
            "solid_ids": [
                1,
                2
            ],
            "preferred_normal": [
                -0.9170559772644761,
                0.1120791022303915,
                0.38268343236508984
            ]
        },
        "5": {
            "type": "line",
            "start": [
                124.57434717052,
                -118.1883930151,
                15.0
            ],
            "end": [
                124.57434717052,
                -118.1883930151,
                85.316622200518
            ],
            "length": 70.316622200518,
            "solid_ids": [
                3,
                5
            ],
            "preferred_normal": [
                0.9634806614669048,
                0.2677779210078672,
                0.0
            ]
        },
        "6": {
            "type": "line",
            "start": [
                124.57434717051832,
                -118.18839301511372,
                15.0
            ],
            "end": [
                116.02673739696678,
                -117.14373657822634,
                15.0
            ],
            "length": 8.611210130524286,
            "solid_ids": [
                3,
                5
            ],
            "preferred_normal": [
                0.04642468420242877,
                0.37985702323825876,
                -0.9238795325112867
            ]
        },
        "7": {
            "type": "line",
            "start": [
                124.57434717052,
                -118.1883930151,
                85.316622200518
            ],
            "end": [
                116.02673739696846,
                -117.14373657821262,
                85.316622200518
            ],
            "length": 8.611210130524286,
            "solid_ids": [
                3,
                5
            ],
            "preferred_normal": [
                0.04642468420242877,
                0.37985702323825876,
                0.9238795325112867
            ]
        },
        "8": {
            "type": "line",
            "start": [
                116.02673739697,
                -117.1437365782,
                15.0
            ],
            "end": [
                116.02673739697,
                -117.1437365782,
                85.316622200518
            ],
            "length": 70.316622200518,
            "solid_ids": [
                3,
                5
            ],
            "preferred_normal": [
                -0.8706312930620472,
                0.4919361254686501,
                0.0
            ]
        },
        "9": {
            "type": "line",
            "start": [
                139.5982280087906,
                4.740319387245925,
                5.0
            ],
            "end": [
                125.78748263127264,
                -108.26225064490644,
                5.0
            ],
            "length": 113.84339032967235,
            "solid_ids": [
                1,
                5
            ],
            "preferred_normal": [
                0.9170559772644761,
                -0.1120791022303915,
                0.38268343236508984
            ]
        },
        "10": {
            "type": "line",
            "start": [
                139.59822800878277,
                4.7403193871869655,
                5.0
            ],
            "end": [
                131.0506182352323,
                5.784975824074209,
                5.0
            ],
            "length": 8.611210130523212,
            "solid_ids": [
                1,
                5
            ],
            "preferred_normal": [
                0.1120791022303915,
                0.9170559772644761,
                0.3826834323650898
            ]
        },
        "11": {
            "type": "line",
            "start": [
                125.78748263121831,
                -108.2622506449137,
                5.0
            ],
            "end": [
                117.23987285766674,
                -107.21759420802633,
                5.0
            ],
            "length": 8.611210130524315,
            "solid_ids": [
                1,
                5
            ],
            "preferred_normal": [
                -0.1120791022303915,
                -0.9170559772644761,
                0.38268343236508984
            ]
        },
        "12": {
            "type": "line",
            "start": [
                131.05061823525045,
                5.784975824135722,
                5.0
            ],
            "end": [
                117.23987285773356,
                -107.21759420800777,
                5.0
            ],
            "length": 113.8433903296634,
            "solid_ids": [
                1,
                5
            ],
            "preferred_normal": [
                -0.9170559772644761,
                0.1120791022303915,
                0.38268343236508984
            ]
        },
        "13": {
            "type": "line",
            "start": [
                43.091548384212544,
                16.53499962461144,
                5.0
            ],
            "end": [
                29.280803006695088,
                -96.46757040753675,
                5.0
            ],
            "length": 113.84339032966814,
            "solid_ids": [
                1,
                4
            ],
            "preferred_normal": [
                0.9170559772644761,
                -0.1120791022303915,
                0.38268343236508984
            ]
        },
        "14": {
            "type": "line",
            "start": [
                43.0915483842007,
                16.53499962455222,
                5.0
            ],
            "end": [
                38.11772292945045,
                17.142881700935337,
                5.0
            ],
            "length": 5.0108342891288435,