{
    "contact_edges": {
        "1": {
            "type": "line",
            "start": [
                -102.6209074328,
                -81.67888671055,
                5.0
            ],
            "end": [
                -107.81777351236143,
                -74.06611934490367,
                5.0
            ],
            "length": 9.217464077084653,
            "solid_ids": [
                1,
                2
            ],
            "preferred_normal": [
                -0.7630384991003987,
                -0.5208892775666288,
                0.38268343236508984
            ]
        },
        "2": {
            "type": "line",
            "start": [
                -102.6209074328,
                -81.67888671055,
                5.0
            ],
            "end": [
                87.3365130078562,
                47.99580679234573,
                5.0
            ],
            "length": 229.99858198592915,
            "solid_ids": [
                1,
                2
            ],
            "preferred_normal": [
                0.5208892775666288,
                -0.7630384991003987,
                0.38268343236508984
            ]
        },
        "3": {
            "type": "line",
            "start": [
                -107.8177735124,
                -74.06611934493,
                5.0
            ],
            "end": [
                82.13964692829427,
                55.608574157991725,
                5.0
            ],
            "length": 229.99858198597525,
            "solid_ids": [
                1,
                2
            ],
            "preferred_normal": [
                -0.5208892775666288,
                0.7630384991003987,
                0.38268343236508984
            ]
        },
        "4": {
            "type": "line",
            "start": [
                87.336513007813,
                47.995806792409,
                5.0
            ],
            "end": [
                82.13964692826453,
                55.608574158036355,
                5.0
            ],
            "length": 9.21746407706167,
            "solid_ids": [
                1,
                2
            ],
            "preferred_normal": [
                0.7630384991003987,
                0.5208892775666288,
                0.38268343236508984
            ]
        }
    }
}