{
    "contact_edges": {
        "1": {
            "type": "line",
            "start": [
                -41.57893557247,
                -144.296751528,
                5.0
            ],
            "end": [
                -57.131707171364674,
                -136.32999221987006,
                5.0
            ],
            "length": 17.474494507168426,
            "solid_ids": [
                1,
                2
            ],
            "preferred_normal": [
                -0.4212039359539495,
                -0.8222777115611092,
                0.38268343236508984
            ]
        },
        "2": {
            "type": "line",
            "start": [
                -41.57893557247,
                -144.296751528,
                5.0
            ],
            "end": [
                48.6169757658675,
                31.78443204281423,
                5.0
            ],
            "length": 197.83802877569323,
            "solid_ids": [
                1,
                2
            ],
            "preferred_normal": [
                0.8222777115611094,
                -0.4212039359539496,
                0.3826834323650899
            ]
        },
        "3": {
            "type": "line",
            "start": [
                -57.13170717138,
                -136.3299922199,
                5.0
            ],
            "end": [
                33.064204166969304,
                39.75119135093727,
                5.0
            ],
            "length": 197.8380287757191,
            "solid_ids": [
                1,
                2
            ],
            "preferred_normal": [
                -0.8222777115611094,
                0.4212039359539496,
                0.3826834323650899
            ]
        },
        "4": {
            "type": "line",
            "start": [
                48.616975765825,
                31.784432042836,
                5.0
            ],
            "end": [
                33.064204166922536,
                39.75119135096991,
                5.0
            ],
            "length": 17.474494507177184,
            "solid_ids": [
                1,
                2
            ],
            "preferred_normal": [
                0.4212039359539495,
                0.8222777115611092,
                0.38268343236508984
            ]
        }
    }
}