{
    "contact_edges": {
        "1": {
            "type": "line",
            "start": [
                93.359604114409,
                -70.05763584234,
                5.0
            ],
            "end": [
                84.74721143015894,
                -77.77719954400217,
                5.0
            ],
            "length": 11.565680762140374,
            "solid_ids": [
                1,
                2
            ],
            "preferred_normal": [
                0.6166473941792321,
                -0.6879675732512663,
                0.3826834323650899
            ]
        },
        "2": {
            "type": "line",
            "start": [
                93.359604114409,
                -70.05763584234,
                5.0
            ],
            "end": [
                -1.1325877711782386,
                35.363330104084845,
                5.0
            ],
            "length": 141.57102241779532,
            "solid_ids": [
                1,
                2
            ],
            "preferred_normal": [
                0.6879675732512663,
                0.6166473941792321,
                0.3826834323650899
            ]
        },
        "3": {
            "type": "line",
            "start": [
                84.747211430157,
                -77.777199544,
                5.0
            ],
            "end": [
                -9.744980455429745,
                27.643766402424305,
                5.0
            ],
            "length": 141.57102241779458,
            "solid_ids": [
                1,
                2
            ],
            "preferred_normal": [
                -0.6879675732512663,
                -0.6166473941792321,
                0.3826834323650899
            ]
        },
        "4": {
            "type": "line",
            "start": [
                -1.132587771168,
                35.363330104094,
                5.0
            ],
            "end": [
                -9.744980455418558,
                27.64376640243139,
                5.0
            ],
            "length": 11.565680762141044,
            "solid_ids": [
                1,
                2
            ],
            "preferred_normal": [
                -0.6166473941792321,
                0.6879675732512663,
                0.3826834323650899
            ]
        },
        "5": {
            "type": "line",
            "start": [
                -43.61250156882,
                -138.1105747745,
                5.0
            ],
            "end": [
                -54.72931489081123,
                -148.07493099289863,
                5.0
            ],
            "length": 14.928895916414614,
            "solid_ids": [
                1,
                3
            ],
            "preferred_normal": [
                0.6166473941792321,
                -0.6879675732512663,
                0.3826834323650899
            ]
        },
        "6": {
            "type": "line",
            "start": [
                -43.61250156882,
                -138.1105747745,
                5.0
            ],
            "end": [
                -124.19607827947472,
                -48.20686604752733,
                5.0
            ],
            "length": 120.73271999895603,
            "solid_ids": [
                1,
                3
            ],
            "preferred_normal": [
                0.6879675732512663,
                0.6166473941792321,
                0.3826834323650899
            ]
        },
        "7": {
            "type": "line",
            "start": [
                -54.72931489081,
                -148.0749309929,
                5.0
            ],
            "end": [
                -135.31289160142958,
                -58.171222265966506,
                5.0
            ],
            "length": 120.73271999890339,
            "solid_ids": [
                1,
                3
            ],
            "preferred_normal": [
                -0.6879675732512663,
                -0.6166473941792321,
                0.3826834323650899
            ]
        },
        "8": {
            "type": "line",
            "start": [
                -124.1960782795,
                -48.20686604755,
                5.0
            ],
            "end": [
                -135.31289160143635,
                -58.17122226589944,
                5.0
            ],
            "length": 14.928895916340919,
            "solid_ids": [
                1,
                3
            ],
            "preferred_normal": [
                -0.6166473941792321,
                0.6879675732512663,
                0.3826834323650899
            ]
        }
    }
}