{
    "contact_edges": {
        "1": {
            "type": "line",
            "start": [
                -128.1337675555,
                -97.05507923259,
                5.0
            ],
            "end": [
                -128.78396882010583,
                -81.11636208661022,
                5.0
            ],
            "length": 15.951973731925616,
            "solid_ids": [
                1,
                2
            ],
            "preferred_normal": [
                -0.9231117599063317,
                -0.03765726113127111,
                0.3826834323650898
            ]
        },
        "2": {
            "type": "line",
            "start": [
                -128.1337675555,
                -97.05507923259,
                5.0
            ],
            "end": [
                125.4295376844505,
                -86.71126170859063,
                5.0
            ],
            "length": 253.7741994868235,
            "solid_ids": [
                1,
                2
            ],
            "preferred_normal": [
                0.03765726113127111,
                -0.9231117599063317,
                0.3826834323650898
            ]
        },
        "3": {
            "type": "line",
            "start": [
                -128.7839688201,
                -81.11636208661,
                5.0
            ],
            "end": [
                124.77933641984012,
                -70.77254456261105,
                5.0
            ],
            "length": 253.77419948681313,
            "solid_ids": [
                1,
                2
            ],
            "preferred_normal": [
                -0.03765726113127111,
                0.9231117599063317,
                0.3826834323650898
            ]
        },
        "4": {
            "type": "line",
            "start": [
                125.42953768445,
                -86.71126170858,
                5.0
            ],
            "end": [
                124.77933641984454,
                -70.77254456260981,
                5.0
            ],
            "length": 15.951973731916016,
            "solid_ids": [
                1,
                2
            ],
            "preferred_normal": [
                0.9231117599063317,
                0.03765726113127111,
                0.3826834323650898
            ]
        },
        "5": {
            "type": "line",
            "start": [
                -123.25663045612882,
                -70.88256358077709,
                5.0
            ],
            "end": [
                -125.97609230669633,
                -4.219000181290819,
                5.0
            ],
            "length": 66.71900896951345,
            "solid_ids": [
                1,
                3
            ],
            "preferred_normal": [
                -0.9231117599063317,
                -0.03765726113127111,
                0.3826834323650898
            ]
        },
        "6": {
            "type": "line",
            "start": [
                -123.25663045619991,
                -70.88256358078164,
                5.0
            ],
            "end": [
                -119.15294848970002,
                -70.7151586899287,
                5.0
            ],
            "length": 4.107095090165055,
            "solid_ids": [
                1,
                3
            ],
            "preferred_normal": [
                0.03765726113127111,
                -0.9231117599063317,
                0.3826834323650898
            ]
        },
        "7": {
            "type": "line",
            "start": [
                -125.9760923067,
                -4.219000181291,
                5.0
            ],
            "end": [
                -121.87241034020005,
                -4.051595290438069,
                5.0
            ],
            "length": 4.107095090165112,
            "solid_ids": [
                1,
                3
            ],
            "preferred_normal": [
                -0.03765726113127111,
                0.9231117599063317,
                0.3826834323650898
            ]
        },
        "8": {
            "type": "line",
            "start": [
                -119.15294848962881,
                -70.7151586899271,
                5.0
            ],
            "end": [
                -121.87241034019641,
                -4.051595290438823,
                5.0
            ],
            "length": 66.71900896951546,
            "solid_ids": [
                1,
                3
            ],
            "preferred_normal": [
                0.9231117599063317,
                0.03765726113127111,
                0.3826834323650898
            ]
        },
        "9": {
            "type": "line",
            "start": [
                -122.8490311988,
                -80.87425326999,
                15.0
            ],
            "end": [
                -122.8490311988,
                -80.87425326999,
                70.910392088462
            ],
            "length": 55.910392088462004,
            "solid_ids": [
                2,
                3
            ],
            "preferred_normal": [
                -0.9387099081887293,
                0.34470814940802774,
                0.0
            ]
        },
        "10": {
            "type": "line",
            "start": [
                -122.84903119879992,
                -80.87425326999163,
                15.0
            ],
            "end": [
                -118.74534923230003,
                -80.70684837913869,
                15.0
            ],
            "length": 4.107095090165055,
            "solid_ids": [
                2,
                3
            ],
            "preferred_normal": [
                -0.015598148282397674,
                0.3823654105392984,
                -0.9238795325112871
            ]
        },
        "11": {
            "type": "line",
            "start": [
                -122.8490311988,
                -80.87425326999,
                70.910392088462
            ],
            "end": [
                -118.74534923230011,
                -80.70684837913707,
                70.910392088462
            ],
            "length": 4.107095090165055,
            "solid_ids": [
                2,
                3
            ],
            "preferred_normal": [
                -0.015598148282397698,
                0.382365410539299,
                0.9238795325112867
            ]
        },
        "12": {
            "type": "line",
            "start": [
                -118.7453492323,
                -80.70684837914,
                15.0
            ],
            "end": [
                -118.7453492323,
                -80.70684837914,
                70.910392088462
            ],
            "length": 55.910392088462004,
            "solid_ids": [
                2,
                3
            ],
            "preferred_normal": [
                0.907513611623934,
                0.42002267167057006,
                0.0
            ]
        }
    }
}