{
  "welds": [
    {
      "start": {
        "xyz": [
          -37.966163132,
          -114.9922069978,
          5.0
        ],
        "pose": [
          0.2880598963191847,
          -0.763994870924699,
          0.5773502691896258
        ]
      },
      "end": {
        "xyz": [
          -46.08356686443945,
          -111.32000621553246,
          5.0
        ],
        "pose": [
          -0.7639948709246989,
          -0.28805989631918466,
          0.5773502691896257
        ]
      }
    },
    {
      "start": {
        "xyz": [
          -46.08356686443945,
          -111.32000621553246,
          5.0
        ],
        "pose": [
          -0.7639948709246989,
          -0.28805989631918466,
          0.5773502691896257
        ]
      },
      "end": {
        "xyz": [
          57.19393059667148,
          116.97501169744814,
          5.0
        ],
        "pose": [
          -0.2880598963191847,
          0.763994870924699,
          0.5773502691896258
        ]
      }
    },
    {
      "start": {
        "xyz": [
          57.19393059667148,
          116.97501169744814,
          5.0
        ],
        "pose": [
          -0.2880598963191847,
          0.763994870924699,
          0.5773502691896258
        ]
      },
      "end": {
        "xyz": [
          65.31133432911193,
          113.30281091518283,
          5.0
        ],
        "pose": [
          0.7639948709246989,
          0.28805989631918466,
          0.5773502691896257
        ]
      }
    },
    {
      "start": {
        "xyz": [
          65.31133432911193,
          113.30281091518283,
          5.0
        ],
        "pose": [
          0.7639948709246989,
          0.28805989631918466,
          0.5773502691896257
        ]
      },
      "end": {
        "xyz": [
          -37.966163132,
          -114.9922069978,
          5.0
        ],
        "pose": [
          0.2880598963191847,
          -0.763994870924699,
          0.5773502691896258
        ]
      }
    }
  ]
}