{
  "welds": [
    {
      "start": {
        "xyz": [
          26.09788536488308,
          -51.96577133356883,
          5.0
        ],
        "pose": [
          0.46766893584643593,
          -0.6692924869673416,
          0.5773502691896258
        ]
      },
      "end": {
        "xyz": [
          12.750327855108377,
          -49.5987763855335,
          5.0
        ],
        "pose": [
          -0.6692924869673416,
          -0.46766893584643593,
          0.5773502691896258
        ]
      }
    },
    {
      "start": {
        "xyz": [
          12.750327855108377,
          -49.5987763855335,
          5.0
        ],
        "pose": [
          -0.6692924869673416,
          -0.46766893584643593,
          0.5773502691896258
        ]
      },
      "end": {
        "xyz": [
          46.771242583112375,
          142.2462109664465,
          5.0
        ],
        "pose": [
          -0.46766893584643593,
          0.6692924869673416,
          0.5773502691896258
        ]
      }
    },
    {
      "start": {
        "xyz": [
          46.771242583112375,
          142.2462109664465,
          5.0
        ],
        "pose": [
          -0.46766893584643593,
          0.6692924869673416,
          0.5773502691896258
        ]
      },
      "end": {
        "xyz": [
          60.11880009295,
          139.8792160184,
          5.0
        ],
        "pose": [
          0.6692924869673416,
          0.46766893584643593,
          0.5773502691896258
        ]
      }
    },
    {
      "start": {
        "xyz": [
          60.11880009295,
          139.8792160184,
          5.0
        ],
        "pose": [
          0.6692924869673416,
          0.46766893584643593,
          0.5773502691896258
        ]
      },
      "end": {
        "xyz": [
          26.09788536488308,
          -51.96577133356883,
          5.0
        ],
        "pose": [
          0.46766893584643593,
          -0.6692924869673416,
          0.5773502691896258
        ]
      }
    }
  ]
}