{
  "welds": [
    {
      "start": {
        "xyz": [
          70.92498719920408,
          96.16060869253165,
          5.0
        ],
        "pose": [
          0.5947104647810874,
          -0.5594516330716442,
          0.5773502691896257
        ]
      },
      "end": {
        "xyz": [
          70.52019995106897,
          109.41090874051179,
          5.0
        ],
        "pose": [
          0.5594516330716442,
          0.5947104647810874,
          0.5773502691896257
        ]
      }
    },
    {
      "start": {
        "xyz": [
          70.52019995106897,
          109.41090874051179,
          5.0
        ],
        "pose": [
          0.5594516330716442,
          0.5947104647810874,
          0.5773502691896257
        ]
      },
      "end": {
        "xyz": [
          -58.88263037809485,
          105.45774425366015,
          5.0
        ],
        "pose": [
          -0.5947104647810874,
          0.5594516330716442,
          0.5773502691896257
        ]
      }
    },
    {
      "start": {
        "xyz": [
          -58.88263037809485,
          105.45774425366015,
          5.0
        ],
        "pose": [
          -0.5947104647810874,
          0.5594516330716442,
          0.5773502691896257
        ]
      },
      "end": {
        "xyz": [
          -58.47784312996,
          92.20744420568,
          5.0
        ],
        "pose": [
          -0.5594516330716442,
          -0.5947104647810874,
          0.5773502691896257
        ]
      }
    },
    {
      "start": {
        "xyz": [
          -58.47784312996,
          92.20744420568,
          5.0
        ],
        "pose": [
          -0.5594516330716442,
          -0.5947104647810874,
          0.5773502691896257
        ]
      },
      "end": {
        "xyz": [
          70.92498719920408,
          96.16060869253165,
          5.0
        ],
        "pose": [
          0.5947104647810874,
          -0.5594516330716442,
          0.5773502691896257
        ]
      }
    }
  ]
}