{
    "contact_edges": {
        "1": {
            "type": "line",
            "start": [
                93.15721114079,
                -13.91812555255,
                5.0
            ],
            "end": [
                89.44025524114802,
                -28.78541560057926,
                5.0
            ],
            "length": 15.324884160479424,
            "solid_ids": [
                1,
                2
            ],
            "preferred_normal": [
                0.8962929073685915,
                -0.2240812682801291,
                0.38268343236508984
            ]
        },
        "2": {
            "type": "line",
            "start": [
                93.15721114079,
                -13.91812555255,
                5.0
            ],
            "end": [
                -64.1085182282101,
                25.399717759929615,
                5.0
            ],
            "length": 162.1061455858731,
            "solid_ids": [
                1,
                2
            ],
            "preferred_normal": [
                0.2240812682801291,
                0.8962929073685915,
                0.38268343236508984
            ]
        },
        "3": {
            "type": "line",
            "start": [
                89.440255241151,
                -28.78541560058,
                5.0
            ],
            "end": [
                -67.82547412784938,
                10.532427711899686,
                5.0
            ],
            "length": 162.10614558587338,
            "solid_ids": [
                1,
                2
            ],
            "preferred_normal": [
                -0.2240812682801291,
                -0.8962929073685915,
                0.38268343236508984
            ]
        },
        "4": {
            "type": "line",
            "start": [
                -64.10851822822,
                25.39971775989,
                5.0
            ],
            "end": [
                -67.82547412786273,
                10.532427711857682,
                5.0
            ],
            "length": 15.324884160482572,
            "solid_ids": [
                1,
                2
            ],
            "preferred_normal": [
                -0.8962929073685915,
                0.2240812682801291,
                0.38268343236508984
            ]
        }
    }
}