{
    "contact_edges": {
        "1": {
            "type": "line",
            "start": [
                -15.41740817743,
                1.268859426574,
                5.0
            ],
            "end": [
                -30.267328470239992,
                1.4439914812397068,
                5.0
            ],
            "length": 14.85095296401485,
            "solid_ids": [
                1,
                2
            ],
            "preferred_normal": [
                -0.010894985741612132,
                -0.923815289914041,
                0.38268343236508984
            ]
        },
        "2": {
            "type": "line",
            "start": [
                -15.41740817743,
                1.268859426574,
                5.0
            ],
            "end": [
                -13.902947684155556,
                129.68405820137008,
                5.0
            ],
            "length": 128.42412883471732,
            "solid_ids": [
                1,
                2
            ],
            "preferred_normal": [
                0.923815289914041,
                -0.010894985741612132,
                0.38268343236508984
            ]
        },
        "3": {
            "type": "line",
            "start": [
                -30.26732847024,
                1.443991481239,
                5.0
            ],
            "end": [
                -28.752867976965497,
                129.85919025604008,
                5.0
            ],
            "length": 128.42412883472232,
            "solid_ids": [
                1,
                2
            ],
            "preferred_normal": [
                -0.923815289914041,
                0.010894985741612132,
                0.38268343236508984
            ]
        },
        "4": {
            "type": "line",
            "start": [
                -13.90294768415,
                129.68405820137,
                5.0
            ],
            "end": [
                -28.752867976960054,
                129.8591902560357,
                5.0
            ],
            "length": 14.850952964014912,
            "solid_ids": [
                1,
                2
            ],
            "preferred_normal": [
                0.010894985741612132,
                0.923815289914041,
                0.38268343236508984
            ]
        },
        "5": {
            "type": "line",
            "start": [
                54.047472357489,
                -133.6640327577,
                5.0
            ],
            "end": [
                44.74330258762636,
                -133.55430433245428,
                5.0
            ],
            "length": 9.304816786682728,
            "solid_ids": [
                1,
                3
            ],
            "preferred_normal": [
                -0.010894985741612132,
                -0.923815289914041,
                0.38268343236508984
            ]
        },
        "6": {
            "type": "line",
            "start": [
                54.047472357489,
                -133.6640327577,
                5.0
            ],
            "end": [
                56.85168742046907,
                104.11294215781999,
                5.0
            ],
            "length": 237.79351005041173,
            "solid_ids": [
                1,
                3
            ],
            "preferred_normal": [
                0.923815289914041,
                -0.010894985741612132,
                0.38268343236508984
            ]
        },
        "7": {
            "type": "line",
            "start": [
                44.743302587627,
                -133.5543043324,
                5.0
            ],
            "end": [
                47.547517650606366,
                104.22267058306001,
                5.0
            ],
            "length": 237.79351005035176,
            "solid_ids": [
                1,
                3
            ],
            "preferred_normal": [
                -0.923815289914041,
                0.010894985741612132,
                0.38268343236508984
            ]
        },
        "8": {
            "type": "line",
            "start": [
                56.851687420469,
                104.11294215782,
                5.0
            ],
            "end": [
                47.54751765060707,
                104.22267058306572,
                5.0
            ],
            "length": 9.304816786682018,
            "solid_ids": [
                1,
                3
            ],
            "preferred_normal": [
                0.010894985741612132,
                0.923815289914041,
                0.38268343236508984
            ]
        },
        "9": {
            "type": "line",
            "start": [
                146.68970654998,
                -89.20517743105,
                5.0
            ],
            "end": [
                135.96877001005996,
                -89.07874041272568,
                5.0
            ],
            "length": 10.7216820794405,
            "solid_ids": [
                1,
                4
            ],
            "preferred_normal": [
                -0.010894985741612132,
                -0.923815289914041,
                0.38268343236508984
            ]
        },
        "10": {
            "type": "line",
            "start": [
                146.68970654998,
                -89.20517743105,
                5.0
            ],
            "end": [
                148.54990129367954,
                68.52576294860005,
                5.0
            ],
            "length": 157.74190907153752,
            "solid_ids": [
                1,
                4
            ],
            "preferred_normal": [
                0.923815289914041,
                -0.010894985741612132,
                0.38268343236508984
            ]
        },
        "11": {
            "type": "line",
            "start": [
                135.96877001006,
                -89.07874041272,
                5.0
            ],
            "end": [
                137.8289647537595,
                68.65219996692505,
                5.0
            ],
            "length": 157.74190907153252,
            "solid_ids": [
                1,
                4
            ],
            "preferred_normal": [
                -0.923815289914041,
                0.010894985741612132,
                0.38268343236508984
            ]
        },
        "12": {
            "type": "line",
            "start": [
                148.54990129368,
                68.5257629486,
                5.0
            ],
            "end": [
                137.82896475376,
                68.65219996692433,
                5.0
            ],
            "length": 10.721682079440443,
            "solid_ids": [
                1,
                4
            ],
            "preferred_normal": [
                0.010894985741612132,
                0.923815289914041,
                0.38268343236508984
            ]
        }
    }
}