{
    "contact_edges": {
        "1": {
            "type": "line",
            "start": [
                -185.6708074616,
                -144.6624501707,
                5.0
            ],
            "end": [
                -198.7658792364558,
                119.23046473310724,
                5.0
            ],
            "length": 264.21762136772156,
            "solid_ids": [
                1,
                2
            ],
            "preferred_normal": [
                -0.9227441439837099,
                -0.04578903075021591,
                0.3826834323650898
            ]
        },
        "2": {
            "type": "line",
            "start": [
                -185.6708074616,
                -144.6624501707,
                5.0
            ],
            "end": [
                -168.49759655269705,
                -143.8102695445593,
                5.0
            ],
            "length": 17.194341648962098,
            "solid_ids": [
                1,
                2
            ],
            "preferred_normal": [
                0.04578903075021591,
                -0.9227441439837099,
                0.3826834323650898
            ]
        },
        "3": {
            "type": "line",
            "start": [
                -198.7658792364,
                119.23046473311,
                5.0
            ],
            "end": [
                -181.59266832749955,
                120.08264535925058,
                5.0
            ],
            "length": 17.194341648959593,
            "solid_ids": [
                1,
                2
            ],
            "preferred_normal": [
                -0.04578903075021591,
                0.9227441439837099,
                0.3826834323650898
            ]
        },
        "4": {
            "type": "line",
            "start": [
                -168.4975965527,
                -143.8102695445,
                5.0
            ],
            "end": [
                -181.59266832755333,
                120.0826453592574,
                5.0
            ],
            "length": 264.21762136767165,
            "solid_ids": [
                1,
                2
            ],
            "preferred_normal": [
                0.9227441439837099,
                0.04578903075021591,
                0.3826834323650898
            ]
        },
        "5": {
            "type": "line",
            "start": [
                -86.65450095036,
                -114.1090350651,
                15.0
            ],
            "end": [
                -86.65450095036,
                -114.1090350651,
                52.461703419635
            ],
            "length": 37.461703419635,
            "solid_ids": [
                3,
                5
            ],
            "preferred_normal": [
                -0.3364241082881887,
                -0.941710581528368,
                0.0
            ]
        },
        "6": {
            "type": "line",
            "start": [
                -86.65450095036293,
                -114.10903506510016,
                15.0
            ],
            "end": [
                -86.8980553189593,
                -109.20090830020048,
                15.0
            ],
            "length": 4.914165958816098,
            "solid_ids": [
                3,
                5
            ],
            "preferred_normal": [
                -0.9987710643134494,
                -0.0495616897429823,
                0.0
            ]
        },
        "7": {
            "type": "line",
            "start": [
                -86.65450095036,
                -114.1090350651,
                52.461703419635
            ],
            "end": [
                -86.89805531895637,
                -109.20090830020031,
                52.461703419635
            ],
            "length": 4.914165958816112,
            "solid_ids": [
                3,
                5
            ],
            "preferred_normal": [
                -0.3822131390384047,
                -0.018966437544658134,
                0.9238795325112867
            ]
        },
        "8": {
            "type": "line",
            "start": [
                -86.89805531895,
                -109.2009083002,
                15.0
            ],
            "end": [
                -86.89805531895,
                -109.2009083002,
                52.461703419635
            ],
            "length": 37.461703419635,
            "solid_ids": [
                3,
                5
            ],
            "preferred_normal": [
                -0.4280021697886205,
                0.9037777064390518,
                0.0
            ]
        },
        "9": {
            "type": "line",
            "start": [
                -159.77908403560164,
                -117.737672326367,
                5.0
            ],
            "end": [
                -96.64221159349913,
                -114.60465196251745,
                5.0
            ],
            "length": 63.21455906965277,
            "solid_ids": [
                1,
                5
            ],
            "preferred_normal": [
                0.04578903075021591,
                -0.9227441439837099,
                0.3826834323650898
            ]
        },
        "10": {
            "type": "line",
            "start": [
                -159.7790840356528,
                -117.73767232640263,
                5.0
            ],
            "end": [
                -160.02263840424922,
                -112.82954556150244,
                5.0
            ],
            "length": 4.9141659588166124,
            "solid_ids": [
                1,
                5
            ],
            "preferred_normal": [
                -0.9227441439837099,
                -0.04578903075021592,
                0.38268343236508984
            ]
        },
        "11": {
            "type": "line",
            "start": [
                -96.6422115934979,
                -114.60465196249989,
                5.0
            ],
            "end": [
                -96.88576596208932,
                -109.69652519769998,
                5.0
            ],
            "length": 4.914165958716201,
            "solid_ids": [
                1,
                5
            ],
            "preferred_normal": [
                0.9227441439837099,
                0.04578903075021591,
                0.3826834323650898
            ]
        },
        "12": {
            "type": "line",
            "start": [
                -160.02263840419667,
                -112.82954556156676,
                5.0
            ],
            "end": [
                -96.88576596208915,
                -109.69652519771695,
                5.0
            ],
            "length": 63.21455906965778,
            "solid_ids": [
                1,
                5
            ],
            "preferred_normal": [
                -0.04578903075021591,
                0.9227441439837099,
                0.3826834323650898
            ]
        },
        "13": {
            "type": "line",
            "start": [
                -170.09813207879992,
                90.21259430522213,
                5.0
            ],
            "end": [
                -106.96125963660002,
                93.34561466907651,
                5.0
            ],
            "length": 63.21455906975028,
            "solid_ids": [
                1,
                4
            ],
            "preferred_normal": [
                0.04578903075021591,
                -0.9227441439837099,
                0.3826834323650898
            ]
        },
        "14": {
            "type": "line",
            "start": [
                -170.09813207875666,
                90.21259430522615,
                5.0
            ],
            "end": [
                -170.56605329759807,
                99.64217945820708,
                5.0
            ],
            "length": 9.441187765549444,