{
    "contact_edges": {
        "1": {
            "type": "line",
            "start": [
                -43.65408540604,
                -40.08919726703,
                5.0
            ],
            "end": [
                -53.510942301007944,
                -34.1347062780266,
                5.0
            ],
            "length": 11.515797444640988,
            "solid_ids": [
                1,
                2
            ],
            "preferred_normal": [
                -0.4777118022185425,
                -0.7907874712047389,
                0.3826834323650898
            ]
        },
        "2": {
            "type": "line",
            "start": [
                -43.65408540604,
                -40.08919726703,
                5.0
            ],
            "end": [
                55.11621220409375,
                123.41171167958473,
                5.0
            ],
            "length": 191.0186349976452,
            "solid_ids": [
                1,
                2
            ],
            "preferred_normal": [
                0.7907874712047389,
                -0.4777118022185424,
                0.3826834323650898
            ]
        },
        "3": {
            "type": "line",
            "start": [
                -53.51094230101,
                -34.13470627803,
                5.0
            ],
            "end": [
                45.25935530912815,
                129.36620266859202,
                5.0
            ],
            "length": 191.0186349976537,
            "solid_ids": [
                1,
                2
            ],
            "preferred_normal": [
                -0.7907874712047389,
                0.4777118022185424,
                0.3826834323650898
            ]
        },
        "4": {
            "type": "line",
            "start": [
                55.116212204118,
                123.41171167957,
                5.0
            ],
            "end": [
                45.259355309145626,
                129.36620266857608,
                5.0
            ],
            "length": 11.515797444646157,
            "solid_ids": [
                1,
                2
            ],
            "preferred_normal": [
                0.4777118022185425,
                0.7907874712047389,
                0.3826834323650898
            ]
        },
        "5": {
            "type": "line",
            "start": [
                -14.180534200470978,
                50.31116485396838,
                5.0
            ],
            "end": [
                -56.23368488407548,
                75.71531847747896,
                5.0
            ],
            "length": 49.130830480919734,
            "solid_ids": [
                1,
                3
            ],
            "preferred_normal": [
                -0.4777118022185425,
                -0.7907874712047389,
                0.3826834323650898
            ]
        },
        "6": {
            "type": "line",
            "start": [
                -14.180534200471854,
                50.31116485397113,
                5.0
            ],
            "end": [
                -9.830732072369727,
                57.51167572506168,
                5.0
            ],
            "length": 8.412379886710715,
            "solid_ids": [
                1,
                3
            ],
            "preferred_normal": [
                0.7907874712047389,
                -0.4777118022185424,
                0.3826834323650898
            ]
        },
        "7": {
            "type": "line",
            "start": [
                -56.23368488407,
                75.715318477488,
                5.0
            ],
            "end": [
                -51.883882755966006,
                82.91582934858164,
                5.0
            ],
            "length": 8.412379886714326,
            "solid_ids": [
                1,
                3
            ],
            "preferred_normal": [
                -0.7907874712047389,
                0.4777118022185424,
                0.3826834323650898
            ]
        },
        "8": {
            "type": "line",
            "start": [
                -9.830732072367711,
                57.51167572505883,
                5.0
            ],
            "end": [
                -51.883882755967086,
                82.9158293485663,
                5.0
            ],
            "length": 49.130830480913744,
            "solid_ids": [
                1,
                3
            ],
            "preferred_normal": [
                0.4777118022185425,
                0.7907874712047389,
                0.3826834323650898
            ]
        },
        "9": {
            "type": "line",
            "start": [
                -5.621112291262,
                45.140449566879,
                15.0
            ],
            "end": [
                -5.621112291262,
                45.140449566879,
                51.845849429563
            ],
            "length": 36.845849429563,
            "solid_ids": [
                2,
                3
            ],
            "preferred_normal": [
                -0.8052666977462688,
                -0.5929127638201249,
                0.0
            ]
        },
        "10": {
            "type": "line",
            "start": [
                -5.621112291269713,
                45.140449566883674,
                15.0
            ],
            "end": [
                -1.2713101631673274,
                52.34096043797465,
                15.0
            ],
            "length": 8.412379886711214,
            "solid_ids": [
                2,
                3
            ],
            "preferred_normal": [
                -0.8559421909209557,
                0.5170715287089732,
                0.0
            ]
        },
        "11": {
            "type": "line",
            "start": [
                -5.621112291262,
                45.140449566879,
                51.845849429563
            ],
            "end": [
                -1.271310163159612,
                52.34096043796998,
                51.845849429563
            ],
            "length": 8.412379886711221,
            "solid_ids": [
                2,
                3
            ],
            "preferred_normal": [
                -0.3275548955277263,
                0.19787470738461396,
                0.9238795325112867
            ]
        },
        "12": {
            "type": "line",
            "start": [
                -1.271310163158,
                52.340960437969,
                15.0
            ],
            "end": [
                -1.271310163158,
                52.340960437969,
                51.845849429563
            ],
            "length": 36.845849429563,
            "solid_ids": [
                2,
                3
            ],
            "preferred_normal": [
                0.1501569066908161,
                0.9886621785893528,
                0.0
            ]
        }
    }
}