{
  "welds": [
    {
      "start": {
        "xyz": [
          -69.84628901812071,
          -84.66971521923759,
          5.0
        ],
        "pose": [
          0.43362358467023665,
          -0.6918361464135859,
          0.5773502691896257
        ]
      },
      "end": {
        "xyz": [
          -79.7025533132493,
          -82.40840707770697,
          5.0
        ],
        "pose": [
          -0.6918361464135859,
          -0.43362358467023665,
          0.5773502691896257
        ]
      }
    },
    {
      "start": {
        "xyz": [
          -79.7025533132493,
          -82.40840707770697,
          5.0
        ],
        "pose": [
          -0.6918361464135859,
          -0.43362358467023665,
          0.5773502691896257
        ]
      },
      "end": {
        "xyz": [
          -34.618230919251495,
          114.09864515507353,
          5.0
        ],
        "pose": [
          -0.43362358467023665,
          0.6918361464135859,
          0.5773502691896257
        ]
      }
    },
    {
      "start": {
        "xyz": [
          -34.618230919251495,
          114.09864515507353,
          5.0
        ],
        "pose": [
          -0.43362358467023665,
          0.6918361464135859,
          0.5773502691896257
        ]
      },
      "end": {
        "xyz": [
          -24.76196662411,
          111.83733701354,
          5.0
        ],
        "pose": [
          0.6918361464135859,
          0.43362358467023665,
          0.5773502691896257
        ]
      }
    },
    {
      "start": {
        "xyz": [
          -24.76196662411,
          111.83733701354,
          5.0
        ],
        "pose": [
          0.6918361464135859,
          0.43362358467023665,
          0.5773502691896257
        ]
      },
      "end": {
        "xyz": [
          -69.84628901812071,
          -84.66971521923759,
          5.0
        ],
        "pose": [
          0.43362358467023665,
          -0.6918361464135859,
          0.5773502691896257
        ]
      }
    }
  ]
}