{
    "contact_edges": {
        "1": {
            "type": "line",
            "start": [
                -11.34604258696,
                82.411909255504,
                5.0
            ],
            "end": [
                -129.73979784410378,
                3.459476782786645,
                5.0
            ],
            "length": 142.3044900108477,
            "solid_ids": [
                1,
                2
            ],
            "preferred_normal": [
                0.5125807091396956,
                -0.7686445259098126,
                0.3826834323650898
            ]
        },
        "2": {
            "type": "line",
            "start": [
                -11.34604258696,
                82.411909255504,
                5.0
            ],
            "end": [
                -16.80057974310668,
                90.59130432770755,
                5.0
            ],
            "length": 9.831300999103446,
            "solid_ids": [
                1,
                2
            ],
            "preferred_normal": [
                0.7686445259098125,
                0.5125807091396956,
                0.38268343236508984
            ]
        },
        "3": {
            "type": "line",
            "start": [
                -129.7397978441,
                3.459476782781,
                5.0
            ],
            "end": [
                -135.1943350002647,
                11.638871855011546,
                5.0
            ],
            "length": 9.8313009991359,
            "solid_ids": [
                1,
                2
            ],
            "preferred_normal": [
                -0.7686445259098125,
                -0.5125807091396956,
                0.38268343236508984
            ]
        },
        "4": {
            "type": "line",
            "start": [
                -16.8005797431,
                90.591304327712,
                5.0
            ],
            "end": [
                -135.19433500028575,
                11.63887185496665,
                5.0
            ],
            "length": 142.30449001089815,
            "solid_ids": [
                1,
                2
            ],
            "preferred_normal": [
                -0.5125807091396956,
                0.7686445259098126,
                0.3826834323650898
            ]
        },
        "5": {
            "type": "line",
            "start": [
                52.290142521646,
                -95.45058054812,
                5.0
            ],
            "end": [
                46.89755921364476,
                -99.04669563504964,
                5.0
            ],
            "length": 6.481666332986953,
            "solid_ids": [
                1,
                3
            ],
            "preferred_normal": [
                0.5125807091396956,
                -0.7686445259098126,
                0.3826834323650898
            ]
        },
        "6": {
            "type": "line",
            "start": [
                52.290142521646,
                -95.45058054812,
                5.0
            ],
            "end": [
                -43.84975998272306,
                48.71678366173133,
                5.0
            ],
            "length": 173.2833222118202,
            "solid_ids": [
                1,
                3
            ],
            "preferred_normal": [
                0.7686445259098125,
                0.5125807091396956,
                0.38268343236508984
            ]
        },
        "7": {
            "type": "line",
            "start": [
                46.897559213645,
                -99.04669563505,
                5.0
            ],
            "end": [
                -49.24234329072514,
                45.120668574802956,
                5.0
            ],
            "length": 173.2833222118222,
            "solid_ids": [
                1,
                3
            ],
            "preferred_normal": [
                -0.7686445259098125,
                -0.5125807091396956,
                0.38268343236508984
            ]
        },
        "8": {
            "type": "line",
            "start": [
                -43.84975998264931,
                48.71678366171394,
                5.0
            ],
            "end": [
                -49.24234329064846,
                45.12066857478569,
                5.0
            ],
            "length": 6.481666332984449,
            "solid_ids": [
                1,
                3
            ],
            "preferred_normal": [
                -0.5125807091396956,
                0.7686445259098126,
                0.3826834323650898
            ]
        },
        "9": {
            "type": "line",
            "start": [
                -49.39789359861,
                57.036532058184,
                15.0
            ],
            "end": [
                -49.39789359861,
                57.036532058184,
                70.47045530136
            ],
            "length": 55.470455301360005,
            "solid_ids": [
                2,
                3
            ],
            "preferred_normal": [
                0.9809624074462933,
                0.19419772186401335,
                0.0
            ]
        },
        "10": {
            "type": "line",
            "start": [
                -49.39789359857744,
                57.03653205813517,
                15.0
            ],
            "end": [
                -54.790476906576615,
                53.4404169712069,
                15.0
            ],
            "length": 6.481666332984478,
            "solid_ids": [
                2,
                3
            ],
            "preferred_normal": [
                0.21231788153648046,
                -0.318382987275682,
                -0.9238795325112868
            ]
        },
        "11": {
            "type": "line",
            "start": [
                -49.39789359861,
                57.036532058184,
                70.47045530136
            ],
            "end": [
                -54.790476906609165,
                53.440416971255736,
                70.47045530136
            ],
            "length": 6.481666332984468,
            "solid_ids": [
                2,
                3
            ],
            "preferred_normal": [
                0.21231788153648068,
                -0.31838298727568226,
                0.9238795325112867
            ]
        },
        "12": {
            "type": "line",
            "start": [
                -54.79047690661,
                53.440416971257,
                15.0
            ],
            "end": [
                -54.79047690661,
                53.440416971257,
                70.47045530136
            ],
            "length": 55.470455301360005,
            "solid_ids": [
                2,
                3
            ],
            "preferred_normal": [
                -0.556326644373332,
                -0.8309636964153777,
                0.0
            ]
        }
    }
}