{
    "contact_edges": {
        "1": {
            "type": "line",
            "start": [
                149.50589059278,
                100.65948778107,
                5.0
            ],
            "end": [
                38.631261486783195,
                -135.55668259883817,
                5.0
            ],
            "length": 260.94302544490847,
            "solid_ids": [
                1,
                2
            ],
            "preferred_normal": [
                0.8363330834005023,
                -0.3925561924146432,
                0.38268343236508984
            ]
        },
        "2": {
            "type": "line",
            "start": [
                149.50589059278,
                100.65948778107,
                5.0
            ],
            "end": [
                134.58252167094776,
                107.66418602657524,
                5.0
            ],
            "length": 16.485531155764814,
            "solid_ids": [
                1,
                2
            ],
            "preferred_normal": [
                0.3925561924146431,
                0.8363330834005022,
                0.3826834323650898
            ]
        },
        "3": {
            "type": "line",
            "start": [
                38.631261486702,
                -135.5566825988,
                5.0
            ],
            "end": [
                23.707892564872797,
                -128.55198435329618,
                5.0
            ],
            "length": 16.485531155761468,
            "solid_ids": [
                1,
                2
            ],
            "preferred_normal": [
                -0.3925561924146431,
                -0.8363330834005022,
                0.3826834323650898
            ]
        },
        "4": {
            "type": "line",
            "start": [
                134.58252167095,
                107.66418602658,
                5.0
            ],
            "end": [
                23.707892564949194,
                -128.5519843533367,
                5.0
            ],
            "length": 260.9430254449179,
            "solid_ids": [
                1,
                2
            ],
            "preferred_normal": [
                -0.8363330834005023,
                0.3925561924146432,
                0.38268343236508984
            ]
        },
        "5": {
            "type": "line",
            "start": [
                63.058304330511,
                130.67939689129,
                15.0
            ],
            "end": [
                63.058304330511,
                130.67939689129,
                45.68857203478
            ],
            "length": 30.68857203478,
            "solid_ids": [
                3,
                5
            ],
            "preferred_normal": [
                0.73897669822044,
                0.6737309845088145,
                0.0
            ]
        },
        "6": {
            "type": "line",
            "start": [
                63.05830433052854,
                130.67939689128175,
                15.0
            ],
            "end": [
                59.64684724222982,
                123.41135608419208,
                15.0
            ],
            "length": 8.028851514309153,
            "solid_ids": [
                3,
                5
            ],
            "preferred_normal": [
                0.9052404063191919,
                -0.42489976084609005,
                0.0
            ]
        },
        "7": {
            "type": "line",
            "start": [
                63.058304330511,
                130.67939689129,
                45.68857203478
            ],
            "end": [
                59.646847242212274,
                123.41135608420034,
                45.68857203478
            ],
            "length": 8.028851514309139,
            "solid_ids": [
                3,
                5
            ],
            "preferred_normal": [
                0.3464205058057969,
                -0.16260209889168756,
                0.9238795325112867
            ]
        },
        "8": {
            "type": "line",
            "start": [
                59.646847242213,
                123.4113560842,
                15.0
            ],
            "end": [
                59.646847242213,
                123.4113560842,
                45.68857203478
            ],
            "length": 30.68857203478,
            "solid_ids": [
                3,
                5
            ],
            "preferred_normal": [
                -0.04613568660884627,
                -0.9989351822921897,
                0.0
            ]
        },
        "9": {
            "type": "line",
            "start": [
                121.46963782219885,
                103.26241300713754,
                5.0
            ],
            "end": [
                72.11070839369435,
                126.43039928281375,
                5.0
            ],
            "length": 54.52576915916004,
            "solid_ids": [
                1,
                5
            ],
            "preferred_normal": [
                0.3925561924146431,
                0.8363330834005022,
                0.3826834323650898
            ]
        },
        "10": {
            "type": "line",
            "start": [
                121.46963782221592,
                103.26241300713252,
                5.0
            ],
            "end": [
                118.05818073391914,
                95.994372200047,
                5.0
            ],
            "length": 8.028851514304565,
            "solid_ids": [
                1,
                5
            ],
            "preferred_normal": [
                0.8363330834005023,
                -0.3925561924146432,
                0.38268343236508984
            ]
        },
        "11": {
            "type": "line",
            "start": [
                72.11070839371627,
                126.43039928282327,
                5.0
            ],
            "end": [
                68.69925130541756,
                119.16235847573363,
                5.0
            ],
            "length": 8.028851514309117,
            "solid_ids": [
                1,
                5
            ],
            "preferred_normal": [
                -0.8363330834005023,
                0.39255619241464323,
                0.3826834323650898
            ]
        },
        "12": {
            "type": "line",
            "start": [
                118.05818073389885,
                95.99437220005355,
                5.0
            ],
            "end": [
                68.6992513053983,
                119.1623584757279,
                5.0
            ],
            "length": 54.52576915915568,
            "solid_ids": [
                1,
                5
            ],
            "preferred_normal": [
                -0.3925561924146431,
                -0.8363330834005022,
                0.3826834323650898
            ]
        },
        "13": {
            "type": "line",
            "start": [
                23.599102514430797,
                -105.24879672423239,
                5.0
            ],
            "end": [
                -25.759826914041284,
                -82.0808104485714,
                5.0
            ],
            "length": 54.52576915912423,
            "solid_ids": [
                1,
                4
            ],
            "preferred_normal": [
                0.3925561924146431,
                0.8363330834005022,
                0.3826834323650898
            ]
        },
        "14": {
            "type": "line",
            "start": [
                23.59910251449432,
                -105.2487967242227,
                5.0
            ],
            "end": [
                21.145457813086377,
                -110.47623747881991,
                5.0
            ],
            "length": 5.774643639530592,