{
    "contact_edges": {
        "1": {
            "type": "line",
            "start": [
                114.46886616327,
                -49.07995652371,
                5.0
            ],
            "end": [
                -74.16163221726056,
                -146.81160912013752,
                5.0
            ],
            "length": 212.44514783472025,
            "solid_ids": [
                1,
                2
            ],
            "preferred_normal": [
                0.4250145246084379,
                -0.8203146009093932,
                0.38268343236508984
            ]
        },
        "2": {
            "type": "line",
            "start": [
                114.46886616327,
                -49.07995652371,
                5.0
            ],
            "end": [
                108.09861735053425,
                -36.78482821644297,
                5.0
            ],
            "length": 13.847391452122679,
            "solid_ids": [
                1,
                2
            ],
            "preferred_normal": [
                0.8203146009093932,
                0.42501452460843797,
                0.38268343236508984
            ]
        },
        "3": {
            "type": "line",
            "start": [
                -74.16163221728,
                -146.8116091201,
                5.0
            ],
            "end": [
                -80.53188103003009,
                -134.51648081280524,
                5.0
            ],
            "length": 13.847391452153898,
            "solid_ids": [
                1,
                2
            ],
            "preferred_normal": [
                -0.8203146009093932,
                -0.42501452460843797,
                0.38268343236508984
            ]
        },
        "4": {
            "type": "line",
            "start": [
                108.09861735054,
                -36.78482821644,
                5.0
            ],
            "end": [
                -80.5318810299862,
                -134.51648081286527,
                5.0
            ],
            "length": 212.44514783471536,
            "solid_ids": [
                1,
                2
            ],
            "preferred_normal": [
                -0.4250145246084379,
                0.8203146009093932,
                0.38268343236508984
            ]
        },
        "5": {
            "type": "line",
            "start": [
                91.08875307115592,
                -34.33533390958211,
                5.0
            ],
            "end": [
                65.04569784065683,
                15.930003439888822,
                5.0
            ],
            "length": 56.61134925608949,
            "solid_ids": [
                1,
                4
            ],
            "preferred_normal": [
                0.8203146009093932,
                0.42501452460843797,
                0.38268343236508984
            ]
        },
        "6": {
            "type": "line",
            "start": [
                91.08875307116604,
                -34.33533390959166,
                5.0
            ],
            "end": [
                83.51917610381483,
                -38.25721967475934,
                5.0
            ],
            "length": 8.525238027156709,
            "solid_ids": [
                1,
                4
            ],
            "preferred_normal": [
                0.4250145246084379,
                -0.8203146009093932,
                0.38268343236508984
            ]
        },
        "7": {
            "type": "line",
            "start": [
                65.04569784066683,
                15.930003439884578,
                5.0
            ],
            "end": [
                57.476120873317676,
                12.00811767471796,
                5.0
            ],
            "length": 8.525238027154398,
            "solid_ids": [
                1,
                4
            ],
            "preferred_normal": [
                -0.4250145246084379,
                0.8203146009093932,
                0.38268343236508984
            ]
        },
        "8": {
            "type": "line",
            "start": [
                83.51917610381078,
                -38.25721967474959,
                5.0
            ],
            "end": [
                57.47612087330965,
                12.00811767472529,
                5.0
            ],
            "length": 56.61134925609393,
            "solid_ids": [
                1,
                4
            ],
            "preferred_normal": [
                -0.8203146009093932,
                -0.42501452460843797,
                0.38268343236508984
            ]
        },
        "9": {
            "type": "line",
            "start": [
                60.445373776192,
                24.809024697996,
                15.0
            ],
            "end": [
                60.445373776192,
                24.809024697996,
                45.105781268962
            ],
            "length": 30.105781268961998,
            "solid_ids": [
                3,
                4
            ],
            "preferred_normal": [
                0.9963613812077619,
                0.08522909149909416,
                0.0
            ]
        },
        "10": {
            "type": "line",
            "start": [
                60.44537377619606,
                24.80902469798817,
                15.0
            ],
            "end": [
                52.87579680884729,
                20.887138932821752,
                15.0
            ],
            "length": 8.525238027153959,
            "solid_ids": [
                3,
                4
            ],
            "preferred_normal": [
                0.46003240644715304,
                -0.8879021258102954,
                0.0
            ]
        },
        "11": {
            "type": "line",
            "start": [
                60.445373776192,
                24.809024697996,
                45.105781268962
            ],
            "end": [
                52.87579680884322,
                20.88713893282958,
                45.105781268962
            ],
            "length": 8.525238027153973,
            "solid_ids": [
                3,
                4
            ],
            "preferred_normal": [
                0.17604678029836862,
                -0.33978543310934367,
                0.9238795325112866
            ]
        },
        "12": {
            "type": "line",
            "start": [
                52.875796808843,
                20.88713893283,
                15.0
            ],
            "end": [
                52.875796808843,
                20.88713893283,
                45.105781268962
            ],
            "length": 30.105781268961998,
            "solid_ids": [
                3,
                4
            ],
            "preferred_normal": [
                -0.6442678206110246,
                -0.7647999577177816,
                0.0
            ]
        },
        "13": {
            "type": "line",
            "start": [
                122.12035206122,
                56.76354744693,
                5.0
            ],
            "end": [
                -83.12190587298905,
                -49.57485075879112,
                5.0
            ],
            "length": 231.15414635020267,
            "solid_ids": [
                1,
                3
            ],
            "preferred_normal": [
                0.4250145246084379,
                -0.8203146009093932,
                0.38268343236508984
            ]
        },
        "14": {
            "type": "line",
            "start": [
                122.12035206122,
                56.76354744693,
                5.0
            ],
            "end": [
                115.63740920262728,
                69.27618495894059,
                5.0
            ],
            "length": 14.092361250505643,