{
    "contact_edges": {
        "1": {
            "type": "line",
            "start": [
                11.123005511049,
                -147.0610899538,
                5.0
            ],
            "end": [
                -118.95649853061713,
                -26.668181197378466,
                5.0
            ],
            "length": 177.24313766845214,
            "solid_ids": [
                1,
                2
            ],
            "preferred_normal": [
                -0.6275478177757091,
                -0.6780391780702786,
                0.3826834323650898
            ]
        },
        "2": {
            "type": "line",
            "start": [
                11.123005511049,
                -147.0610899538,
                5.0
            ],
            "end": [
                22.801228342660558,
                -134.44325847422735,
                5.0
            ],
            "length": 17.192747300872778,
            "solid_ids": [
                1,
                2
            ],
            "preferred_normal": [
                0.6780391780702786,
                -0.6275478177757091,
                0.3826834323650898
            ]
        },
        "3": {
            "type": "line",
            "start": [
                -118.9564985306,
                -26.66818119736,
                5.0
            ],
            "end": [
                -107.27827569901005,
                -14.050349717810695,
                5.0
            ],
            "length": 17.19274730084096,
            "solid_ids": [
                1,
                2
            ],
            "preferred_normal": [
                -0.6780391780702786,
                0.6275478177757091,
                0.3826834323650898
            ]
        },
        "4": {
            "type": "line",
            "start": [
                22.801228342631,
                -134.4432584742,
                5.0
            ],
            "end": [
                -107.27827569899553,
                -14.05034971781511,
                5.0
            ],
            "length": 177.2431376683982,
            "solid_ids": [
                1,
                2
            ],
            "preferred_normal": [
                0.6275478177757091,
                0.6780391780702786,
                0.3826834323650898
            ]
        }
    }
}