{
  "welds": [
    {
      "start": {
        "xyz": [
          130.21675050215,
          -108.9871043396,
          5.0
        ],
        "pose": [
          0.5429269994336776,
          -0.6098335346244991,
          0.5773502691896258
        ]
      },
      "end": {
        "xyz": [
          118.18973438249411,
          -108.28905305012921,
          5.0
        ],
        "pose": [
          -0.6098335346244991,
          -0.5429269994336776,
          0.5773502691896258
        ]
      }
    },
    {
      "start": {
        "xyz": [
          118.18973438249411,
          -108.28905305012921,
          5.0
        ],
        "pose": [
          -0.6098335346244991,
          -0.5429269994336776,
          0.5773502691896258
        ]
      },
      "end": {
        "xyz": [
          125.88630242760486,
          24.3183202773437,
          5.0
        ],
        "pose": [
          -0.5429269994336776,
          0.6098335346244991,
          0.5773502691896258
        ]
      }
    },
    {
      "start": {
        "xyz": [
          125.88630242760486,
          24.3183202773437,
          5.0
        ],
        "pose": [
          -0.5429269994336776,
          0.6098335346244991,
          0.5773502691896258
        ]
      },
      "end": {
        "xyz": [
          137.91331854726076,
          23.62026898787294,
          5.0
        ],
        "pose": [
          0.6098335346244991,
          0.5429269994336776,
          0.5773502691896258
        ]
      }
    },
    {
      "start": {
        "xyz": [
          137.91331854726076,
          23.62026898787294,
          5.0
        ],
        "pose": [
          0.6098335346244991,
          0.5429269994336776,
          0.5773502691896258
        ]
      },
      "end": {
        "xyz": [
          130.21675050215,
          -108.9871043396,
          5.0
        ],
        "pose": [
          0.5429269994336776,
          -0.6098335346244991,
          0.5773502691896258
        ]
      }
    }
  ]
}