{
    "contact_edges": {
        "1": {
            "type": "line",
            "start": [
                40.925539029628,
                -22.37336083996,
                5.0
            ],
            "end": [
                -22.725732884060186,
                101.2112270767645,
                5.0
            ],
            "length": 139.01307415770964,
            "solid_ids": [
                1,
                2
            ],
            "preferred_normal": [
                -0.8213419637103335,
                -0.42302573118159953,
                0.3826834323650899
            ]
        },
        "2": {
            "type": "line",
            "start": [
                40.925539029628,
                -22.37336083996,
                5.0
            ],
            "end": [
                51.15107383373371,
                -17.106779405731388,
                5.0
            ],
            "length": 11.502105982529407,
            "solid_ids": [
                1,
                2
            ],
            "preferred_normal": [
                0.4230257311815995,
                -0.8213419637103334,
                0.3826834323650898
            ]
        },
        "3": {
            "type": "line",
            "start": [
                -22.72573288403,
                101.21122707678,
                5.0
            ],
            "end": [
                -12.500198079920338,
                106.47780851101065,
                5.0
            ],
            "length": 11.502105982533847,
            "solid_ids": [
                1,
                2
            ],
            "preferred_normal": [
                -0.4230257311815995,
                0.8213419637103334,
                0.3826834323650898
            ]
        },
        "4": {
            "type": "line",
            "start": [
                51.151073833733,
                -17.10677940573,
                5.0
            ],
            "end": [
                -12.500198079954128,
                106.47780851099245,
                5.0
            ],
            "length": 139.0130741577073,
            "solid_ids": [
                1,
                2
            ],
            "preferred_normal": [
                0.8213419637103335,
                0.42302573118159953,
                0.3826834323650899
            ]
        },
        "5": {
            "type": "line",
            "start": [
                -37.01838002004,
                -12.35887061556,
                5.0
            ],
            "end": [
                -40.97973088301301,
                -4.667556690868401,
                5.0
            ],
            "length": 8.651509148566621,
            "solid_ids": [
                1,
                3
            ],
            "preferred_normal": [
                -0.8213419637103335,
                -0.42302573118159953,
                0.3826834323650899
            ]
        },
        "6": {
            "type": "line",
            "start": [
                -37.01838002004,
                -12.35887061556,
                5.0
            ],
            "end": [
                11.617639488336875,
                12.690729457655902,
                5.0
            ],
            "length": 54.707813495398206,
            "solid_ids": [
                1,
                3
            ],
            "preferred_normal": [
                0.4230257311815995,
                -0.8213419637103334,
                0.3826834323650898
            ]
        },
        "7": {
            "type": "line",
            "start": [
                -40.97973088302,
                -4.667556690872,
                5.0
            ],
            "end": [
                7.656288625365613,
                20.382043382348403,
                5.0
            ],
            "length": 54.70781349540803,
            "solid_ids": [
                1,
                3
            ],
            "preferred_normal": [
                -0.4230257311815995,
                0.8213419637103334,
                0.3826834323650898
            ]
        },
        "8": {
            "type": "line",
            "start": [
                11.61763948832862,
                12.69072945763662,
                5.0
            ],
            "end": [
                7.656288625355866,
                20.38204338232771,
                5.0
            ],
            "length": 8.65150914856605,
            "solid_ids": [
                1,
                3
            ],
            "preferred_normal": [
                0.8213419637103334,
                0.4230257311815995,
                0.3826834323650898
            ]
        },
        "9": {
            "type": "line",
            "start": [
                20.507780841274,
                17.269526977181,
                15.0
            ],
            "end": [
                20.507780841274,
                17.269526977181,
                55.276343591306
            ],
            "length": 40.276343591306,
            "solid_ids": [
                2,
                3
            ],
            "preferred_normal": [
                0.08281475046662883,
                -0.9965649587985471,
                0.0
            ]
        },
        "10": {
            "type": "line",
            "start": [
                20.50778084126084,
                17.269526977174248,
                15.0
            ],
            "end": [
                16.54642997828768,
                24.96084090186612,
                15.0
            ],
            "length": 8.65150914856693,
            "solid_ids": [
                2,
                3
            ],
            "preferred_normal": [
                -0.3402109807149702,
                -0.17522299508821343,
                -0.923879532511287
            ]
        },
        "11": {
            "type": "line",
            "start": [
                20.507780841274,
                17.269526977181,
                55.276343591306
            ],
            "end": [
                16.546429978300832,
                24.96084090187289,
                55.276343591306
            ],
            "length": 8.65150914856695,
            "solid_ids": [
                2,
                3
            ],
            "preferred_normal": [
                -0.34021098071497075,
                -0.1752229950882137,
                0.9238795325112867
            ]
        },
        "12": {
            "type": "line",
            "start": [
                16.546429978303,
                24.960840901874,
                15.0
            ],
            "end": [
                16.546429978303,
                24.960840901874,
                55.276343591306
            ],
            "length": 40.276343591306,
            "solid_ids": [
                2,
                3
            ],
            "preferred_normal": [
                -0.7632367118965702,
                0.6461189686221198,
                0.0
            ]
        }
    }
}