{
    "contact_edges": {
        "1": {
            "type": "line",
            "start": [
                123.44478869001,
                -94.31325361904,
                5.0
            ],
            "end": [
                19.818587041932236,
                88.25377014193654,
                5.0
            ],
            "length": 209.92643433581455,
            "solid_ids": [
                1,
                2
            ],
            "preferred_normal": [
                -0.8034716404245239,
                -0.45605560365683306,
                0.3826834323650899
            ]
        },
        "2": {
            "type": "line",
            "start": [
                123.44478869001,
                -94.31325361904,
                5.0
            ],
            "end": [
                138.4720535897229,
                -85.78368266675511,
                5.0
            ],
            "length": 17.279243935896186,
            "solid_ids": [
                1,
                2
            ],
            "preferred_normal": [
                0.45605560365683306,
                -0.8034716404245239,
                0.3826834323650899
            ]
        },
        "3": {
            "type": "line",
            "start": [
                19.818587041956,
                88.25377014195,
                5.0
            ],
            "end": [
                34.845851941666986,
                96.78334109423379,
                5.0
            ],
            "length": 17.27924393589399,
            "solid_ids": [
                1,
                2
            ],
            "preferred_normal": [
                -0.45605560365683306,
                0.8034716404245239,
                0.3826834323650899
            ]
        },
        "4": {
            "type": "line",
            "start": [
                138.47205358972,
                -85.78368266675,
                5.0
            ],
            "end": [
                34.84585194164616,
                96.78334109421962,
                5.0
            ],
            "length": 209.92643433580656,
            "solid_ids": [
                1,
                2
            ],
            "preferred_normal": [
                0.8034716404245239,
                0.45605560365683306,
                0.3826834323650899
            ]
        },
        "5": {
            "type": "line",
            "start": [
                -19.74228884973,
                -121.8901199209,
                5.0
            ],
            "end": [
                -110.11751174583625,
                37.33153641183544,
                5.0
            ],
            "length": 183.08254083571322,
            "solid_ids": [
                1,
                4
            ],
            "preferred_normal": [
                -0.8034716404245239,
                -0.45605560365683306,
                0.3826834323650899
            ]
        },
        "6": {
            "type": "line",
            "start": [
                -19.74228884973,
                -121.8901199209,
                5.0
            ],
            "end": [
                -8.49329263996999,
                -115.50511826201763,
                5.0
            ],
            "length": 12.93476563031297,
            "solid_ids": [
                1,
                4
            ],
            "preferred_normal": [
                0.45605560365683306,
                -0.8034716404245239,
                0.3826834323650899
            ]
        },
        "7": {
            "type": "line",
            "start": [
                -110.1175117458,
                37.331536411856,
                5.0
            ],
            "end": [
                -98.86851553607883,
                43.716538070716325,
                5.0
            ],
            "length": 12.934765630268311,
            "solid_ids": [
                1,
                4
            ],
            "preferred_normal": [
                -0.45605560365683306,
                0.8034716404245239,
                0.3826834323650899
            ]
        },
        "8": {
            "type": "line",
            "start": [
                -8.49329263998,
                -115.505118262,
                5.0
            ],
            "end": [
                -98.8685155360874,
                43.71653807073747,
                5.0
            ],
            "length": 183.08254083571555,
            "solid_ids": [
                1,
                4
            ],
            "preferred_normal": [
                0.8034716404245239,
                0.45605560365683306,
                0.3826834323650899
            ]
        },
        "9": {
            "type": "line",
            "start": [
                57.945008822401,
                -121.4837137194,
                5.0
            ],
            "end": [
                -36.806747375692716,
                45.448450637629826,
                5.0
            ],
            "length": 191.94854206152598,
            "solid_ids": [
                1,
                3
            ],
            "preferred_normal": [
                -0.8034716404245239,
                -0.45605560365683306,
                0.3826834323650899
            ]
        },
        "10": {
            "type": "line",
            "start": [
                57.945008822401,
                -121.4837137194,
                5.0
            ],
            "end": [
                68.19188996607654,
                -115.66751893359566,
                5.0
            ],
            "length": 11.782474059340467,
            "solid_ids": [
                1,
                3
            ],
            "preferred_normal": [
                0.45605560365683306,
                -0.8034716404245239,
                0.3826834323650899
            ]
        },
        "11": {
            "type": "line",
            "start": [
                -36.80674737568,
                45.448450637637,
                5.0
            ],
            "end": [
                -26.55986623200879,
                51.26464542343887,
                5.0
            ],
            "length": 11.782474059335476,
            "solid_ids": [
                1,
                3
            ],
            "preferred_normal": [
                -0.45605560365683306,
                0.8034716404245239,
                0.3826834323650899
            ]
        },
        "12": {
            "type": "line",
            "start": [
                68.191889966079,
                -115.6675189336,
                5.0
            ],
            "end": [
                -26.559866232018365,
                51.264645423436264,
                5.0
            ],
            "length": 191.94854206153337,
            "solid_ids": [
                1,
                3
            ],
            "preferred_normal": [
                0.8034716404245239,
                0.45605560365683306,
                0.3826834323650899
            ]
        }
    }
}