{
    "contact_edges": {
        "1": {
            "type": "line",
            "start": [
                127.43854354647,
                -38.79216789866,
                5.0
            ],
            "end": [
                54.29837815955354,
                54.90347075829978,
                5.0
            ],
            "length": 118.86276328674623,
            "solid_ids": [
                1,
                2
            ],
            "preferred_normal": [
                -0.7282640958961341,
                -0.5684934451881218,
                0.38268343236508984
            ]
        },
        "2": {
            "type": "line",
            "start": [
                127.43854354647,
                -38.79216789866,
                5.0
            ],
            "end": [
                135.2362106527893,
                -32.70519661628912,
                5.0
            ],
            "length": 9.89216011260341,
            "solid_ids": [
                1,
                2
            ],
            "preferred_normal": [
                0.5684934451881218,
                -0.7282640958961341,
                0.38268343236508984
            ]
        },
        "3": {
            "type": "line",
            "start": [
                54.298378159509,
                54.903470758265,
                5.0
            ],
            "end": [
                62.09604526582936,
                60.990442040636694,
                5.0
            ],
            "length": 9.89216011260474,
            "solid_ids": [
                1,
                2
            ],
            "preferred_normal": [
                -0.5684934451881218,
                0.7282640958961341,
                0.38268343236508984
            ]
        },
        "4": {
            "type": "line",
            "start": [
                135.23621065279,
                -32.70519661629,
                5.0
            ],
            "end": [
                62.09604526586949,
                60.99044204067495,
                5.0
            ],
            "length": 118.8627632867528,
            "solid_ids": [
                1,
                2
            ],
            "preferred_normal": [
                0.7282640958961341,
                0.5684934451881218,
                0.38268343236508984
            ]
        }
    }
}