{
    "contact_edges": {
        "1": {
            "type": "line",
            "start": [
                -8.071943412707,
                -148.6058822262,
                5.0
            ],
            "end": [
                -139.09848136789,
                23.5349269774678,
                5.0
            ],
            "length": 216.3340283954759,
            "solid_ids": [
                1,
                2
            ],
            "preferred_normal": [
                -0.7351472697696277,
                -0.5595640109438205,
                0.38268343236508984
            ]
        },
        "2": {
            "type": "line",
            "start": [
                -8.071943412707,
                -148.6058822262,
                5.0
            ],
            "end": [
                4.186068578726926,
                -139.27558523921172,
                5.0
            ],
            "length": 15.404976463712647,
            "solid_ids": [
                1,
                2
            ],
            "preferred_normal": [
                0.5595640109438205,
                -0.7351472697696277,
                0.38268343236508984
            ]
        },
        "3": {
            "type": "line",
            "start": [
                -139.098481368,
                23.534926977384,
                5.0
            ],
            "end": [
                -126.84046937652195,
                32.86522396440586,
                5.0
            ],
            "length": 15.404976463768085,
            "solid_ids": [
                1,
                2
            ],
            "preferred_normal": [
                -0.5595640109438205,
                0.7351472697696277,
                0.38268343236508984
            ]
        },
        "4": {
            "type": "line",
            "start": [
                4.186068578718,
                -139.2755852392,
                5.0
            ],
            "end": [
                -126.84046937643411,
                32.86522396442722,
                5.0
            ],
            "length": 216.33402839542492,
            "solid_ids": [
                1,
                2
            ],
            "preferred_normal": [
                0.7351472697696277,
                0.5595640109438205,
                0.38268343236508984
            ]
        },
        "5": {
            "type": "line",
            "start": [
                23.51887501654,
                23.453524791211,
                15.0
            ],
            "end": [
                23.51887501654,
                23.453524791211,
                56.055697277371
            ],
            "length": 41.055697277371,
            "solid_ids": [
                3,
                5
            ],
            "preferred_normal": [
                0.25505604146368804,
                -0.9669262721184452,
                0.0
            ]
        },
        "6": {
            "type": "line",
            "start": [
                23.518875016596873,
                23.4535247912543,
                15.0
            ],
            "end": [
                19.00414765583553,
                29.384909633928107,
                15.0
            ],
            "length": 7.454132363589183,
            "solid_ids": [
                3,
                5
            ],
            "preferred_normal": [
                -0.3045079694801321,
                -0.23177900234881732,
                -0.9238795325112868
            ]
        },
        "7": {
            "type": "line",
            "start": [
                23.51887501654,
                23.453524791211,
                56.055697277371
            ],
            "end": [
                19.00414765577867,
                29.384909633884792,
                56.055697277371
            ],
            "length": 7.454132363589165,
            "solid_ids": [
                3,
                5
            ],
            "preferred_normal": [
                -0.3045079694801323,
                -0.2317790023488175,
                0.9238795325112866
            ]
        },
        "8": {
            "type": "line",
            "start": [
                19.004147655775,
                29.384909633882,
                15.0
            ],
            "end": [
                19.004147655775,
                29.384909633882,
                56.055697277371
            ],
            "length": 41.055697277371,
            "solid_ids": [
                3,
                5
            ],
            "preferred_normal": [
                -0.8640719804239527,
                0.5033682674208102,
                0.0
            ]
        },
        "9": {
            "type": "line",
            "start": [
                -59.19058582226633,
                -39.50153136308482,
                5.0
            ],
            "end": [
                15.561698307931154,
                17.39684758105954,
                5.0
            ],
            "length": 93.94322492417015,
            "solid_ids": [
                1,
                5
            ],
            "preferred_normal": [
                0.5595640109438205,
                -0.7351472697696277,
                0.38268343236508984
            ]
        },
        "10": {
            "type": "line",
            "start": [
                -59.190585822169275,
                -39.50153136300331,
                5.0
            ],
            "end": [
                -63.705313182933104,
                -33.57014652032623,
                5.0
            ],
            "length": 7.45413236359329,
            "solid_ids": [
                1,
                5
            ],
            "preferred_normal": [
                -0.7351472697696276,
                -0.5595640109438204,
                0.3826834323650899
            ]
        },
        "11": {
            "type": "line",
            "start": [
                15.561698307948971,
                17.396847581148112,
                5.0
            ],
            "end": [
                11.046970947187157,
                23.32823242382254,
                5.0
            ],
            "length": 7.454132363589964,
            "solid_ids": [
                1,
                5
            ],
            "preferred_normal": [
                0.7351472697696277,
                0.5595640109438205,
                0.38268343236508984
            ]
        },
        "12": {
            "type": "line",
            "start": [
                -63.70531318302518,
                -33.57014652040633,
                5.0
            ],
            "end": [
                11.046970947165285,
                23.328232423732686,
                5.0
            ],
            "length": 93.94322492416134,
            "solid_ids": [
                1,
                5
            ],
            "preferred_normal": [
                -0.5595640109438205,
                0.7351472697696277,
                0.38268343236508984
            ]
        },
        "13": {
            "type": "line",
            "start": [
                -18.537431099009996,
                -92.91107007139,
                5.0
            ],
            "end": [
                56.21485303118259,
                -36.01269112724937,
                5.0
            ],
            "length": 93.943224924164,
            "solid_ids": [
                1,
                4
            ],
            "preferred_normal": [
                0.5595640109438205,
                -0.7351472697696277,
                0.38268343236508984
            ]
        },
        "14": {
            "type": "line",
            "start": [
                -18.53743109895836,
                -92.91107007135066,
                5.0
            ],
            "end": [
                -23.642119305224753,
                -86.2046030283179,
                5.0
            ],
            "length": 8.428199207569774,