{
    "contact_edges": {
        "1": {
            "type": "line",
            "start": [
                -23.23954901503,
                -16.01431410944,
                5.0
            ],
            "end": [
                -26.973008152975183,
                -7.377376136618914,
                5.0
            ],
            "length": 9.409325941908124,
            "solid_ids": [
                1,
                2
            ],
            "preferred_normal": [
                -0.8480405786687797,
                -0.36657955142696497,
                0.3826834323650898
            ]
        },
        "2": {
            "type": "line",
            "start": [
                -23.23954901503,
                -16.01431410944,
                5.0
            ],
            "end": [
                112.47565650422379,
                42.65082575823313,
                5.0
            ],
            "length": 147.85200588705908,
            "solid_ids": [
                1,
                2
            ],
            "preferred_normal": [
                0.366579551426965,
                -0.8480405786687798,
                0.38268343236508984
            ]
        },
        "3": {
            "type": "line",
            "start": [
                -26.97300815298,
                -7.377376136621,
                5.0
            ],
            "end": [
                108.74219736627705,
                51.287763731053545,
                5.0
            ],
            "length": 147.8520058870626,
            "solid_ids": [
                1,
                2
            ],
            "preferred_normal": [
                -0.366579551426965,
                0.8480405786687798,
                0.38268343236508984
            ]
        },
        "4": {
            "type": "line",
            "start": [
                112.47565650421,
                42.650825758265,
                5.0
            ],
            "end": [
                108.74219736626154,
                51.28776373109367,
                5.0
            ],
            "length": 9.409325941916384,
            "solid_ids": [
                1,
                2
            ],
            "preferred_normal": [
                0.8480405786687797,
                0.36657955142696497,
                0.3826834323650898
            ]
        },
        "5": {
            "type": "line",
            "start": [
                57.202525978342,
                -102.2049234009,
                5.0
            ],
            "end": [
                17.11417654244281,
                -9.465034006743615,
                5.0
            ],
            "length": 101.03347388531743,
            "solid_ids": [
                1,
                3
            ],
            "preferred_normal": [
                -0.8480405786687797,
                -0.36657955142696497,
                0.3826834323650898
            ]
        },
        "6": {
            "type": "line",
            "start": [
                57.202525978342,
                -102.2049234009,
                5.0
            ],
            "end": [
                60.43226700736313,
                -100.808814479435,
                5.0
            ],
            "length": 3.518571760691633,
            "solid_ids": [
                1,
                3
            ],
            "preferred_normal": [
                0.366579551426965,
                -0.8480405786687798,
                0.38268343236508984
            ]
        },
        "7": {
            "type": "line",
            "start": [
                17.11417654240884,
                -9.465034006788002,
                5.0
            ],
            "end": [
                20.34391757141454,
                -8.068925085329663,
                5.0
            ],
            "length": 3.5185717606748304,
            "solid_ids": [
                1,
                3
            ],
            "preferred_normal": [
                -0.366579551426965,
                0.8480405786687798,
                0.38268343236508984
            ]
        },
        "8": {
            "type": "line",
            "start": [
                60.432267007348,
                -100.8088144794,
                5.0
            ],
            "end": [
                20.343917571463223,
                -8.068925085276954,
                5.0
            ],
            "length": 101.0334738852811,
            "solid_ids": [
                1,
                3
            ],
            "preferred_normal": [
                0.8480405786687797,
                0.36657955142696497,
                0.3826834323650898
            ]
        },
        "9": {
            "type": "line",
            "start": [
                13.146348069883,
                -0.285908927938,
                15.0
            ],
            "end": [
                13.146348069883,
                -0.285908927938,
                47.729557926034
            ],
            "length": 32.729557926034,
            "solid_ids": [
                2,
                3
            ],
            "preferred_normal": [
                -0.6961983567790851,
                -0.7178494605543013,
                0.0
            ]
        },
        "10": {
            "type": "line",
            "start": [
                13.146348069892804,
                -0.28590892796060796,
                15.0
            ],
            "end": [
                16.376089098898156,
                1.1101999934975781,
                15.0
            ],
            "length": 3.5185717606744484,
            "solid_ids": [
                2,
                3
            ],
            "preferred_normal": [
                0.39678284725123153,
                -0.9179125078825356,
                0.0
            ]
        },
        "11": {
            "type": "line",
            "start": [
                13.146348069883,
                -0.285908927938,
                47.729557926034
            ],
            "end": [
                16.37608909888835,
                1.1101999935201858,
                47.729557926034
            ],
            "length": 3.5185717606744467,
            "solid_ids": [
                2,
                3
            ],
            "preferred_normal": [
                0.15184222188969443,
                -0.3512699091273363,
                0.9238795325112867
            ]
        },
        "12": {
            "type": "line",
            "start": [
                16.376089098888,
                1.110199993521,
                15.0
            ],
            "end": [
                16.376089098888,
                1.110199993521,
                47.729557926034
            ],
            "length": 32.729557926034,
            "solid_ids": [
                2,
                3
            ],
            "preferred_normal": [
                0.9998828005584742,
                0.015309642299628777,
                0.0
            ]
        }
    }
}