{
    "contact_edges": {
        "1": {
            "type": "line",
            "start": [
                83.338455323367,
                3.170174156352,
                5.0
            ],
            "end": [
                82.87313250652487,
                -11.108086707589997,
                5.0
            ],
            "length": 14.285841194086249,
            "solid_ids": [
                1,
                2
            ],
            "preferred_normal": [
                0.9233893050353681,
                -0.03009288852160163,
                0.38268343236508984
            ]
        },
        "2": {
            "type": "line",
            "start": [
                83.338455323367,
                3.170174156352,
                5.0
            ],
            "end": [
                -137.55685044450013,
                10.369063915166047,
                5.0
            ],
            "length": 221.01257910815633,
            "solid_ids": [
                1,
                2
            ],
            "preferred_normal": [
                0.03009288852160163,
                0.9233893050353681,
                0.38268343236508984
            ]
        },
        "3": {
            "type": "line",
            "start": [
                82.873132506525,
                -11.10808670759,
                5.0
            ],
            "end": [
                -138.0221732614,
                -3.909196948774066,
                5.0
            ],
            "length": 221.01257910821425,
            "solid_ids": [
                1,
                2
            ],
            "preferred_normal": [
                -0.03009288852160163,
                -0.9233893050353681,
                0.38268343236508984
            ]
        },
        "4": {
            "type": "line",
            "start": [
                -137.5568504445,
                10.369063915169,
                5.0
            ],
            "end": [
                -138.02217326134223,
                -3.9091969487768847,
                5.0
            ],
            "length": 14.285841194090136,
            "solid_ids": [
                1,
                2
            ],
            "preferred_normal": [
                -0.9233893050353681,
                0.03009288852160163,
                0.38268343236508984
            ]
        },
        "5": {
            "type": "line",
            "start": [
                91.905957452718,
                -52.91400953359,
                5.0
            ],
            "end": [
                91.621092035129,
                -61.65500094049,
                5.0
            ],
            "length": 8.745632000126568,
            "solid_ids": [
                1,
                3
            ],
            "preferred_normal": [
                0.9233893050353681,
                -0.03009288852160163,
                0.38268343236508984
            ]
        },
        "6": {
            "type": "line",
            "start": [
                91.905957452718,
                -52.91400953359,
                5.0
            ],
            "end": [
                -107.10421730570016,
                -46.428347450423296,
                5.0
            ],
            "length": 199.11582928042952,
            "solid_ids": [
                1,
                3
            ],
            "preferred_normal": [
                0.03009288852160163,
                0.9233893050353681,
                0.38268343236508984
            ]
        },
        "7": {
            "type": "line",
            "start": [
                91.621092035129,
                -61.65500094049,
                5.0
            ],
            "end": [
                -107.38908272330013,
                -55.16933885732294,
                5.0
            ],
            "length": 199.1158292804405,
            "solid_ids": [
                1,
                3
            ],
            "preferred_normal": [
                -0.03009288852160163,
                -0.9233893050353681,
                0.38268343236508984
            ]
        },
        "8": {
            "type": "line",
            "start": [
                -107.1042173057,
                -46.42834745042,
                5.0
            ],
            "end": [
                -107.38908272328902,
                -55.169338857320355,
                5.0
            ],
            "length": 8.745632000126923,
            "solid_ids": [
                1,
                3
            ],
            "preferred_normal": [
                -0.9233893050353681,
                0.03009288852160163,
                0.38268343236508984
            ]
        }
    }
}