{
  "welds": [
    {
      "start": {
        "xyz": [
          116.55910767767,
          75.324585486355,
          5.0
        ],
        "pose": [
          0.4097615968014717,
          -0.7062309115674383,
          0.5773502691896258
        ]
      },
      "end": {
        "xyz": [
          119.40727581138103,
          86.04587818508072,
          5.0
        ],
        "pose": [
          0.7062309115674383,
          0.4097615968014717,
          0.5773502691896258
        ]
      }
    },
    {
      "start": {
        "xyz": [
          119.40727581138103,
          86.04587818508072,
          5.0
        ],
        "pose": [
          0.7062309115674383,
          0.4097615968014717,
          0.5773502691896258
        ]
      },
      "end": {
        "xyz": [
          -100.85119735238452,
          144.55870700837247,
          5.0
        ],
        "pose": [
          -0.4097615968014717,
          0.7062309115674383,
          0.5773502691896258
        ]
      }
    },
    {
      "start": {
        "xyz": [
          -100.85119735238452,
          144.55870700837247,
          5.0
        ],
        "pose": [
          -0.4097615968014717,
          0.7062309115674383,
          0.5773502691896258
        ]
      },
      "end": {
        "xyz": [
          -103.69936548609698,
          133.83741430964142,
          5.0
        ],
        "pose": [
          -0.7062309115674383,
          -0.4097615968014717,
          0.5773502691896258
        ]
      }
    },
    {
      "start": {
        "xyz": [
          -103.69936548609698,
          133.83741430964142,
          5.0
        ],
        "pose": [
          -0.7062309115674383,
          -0.4097615968014717,
          0.5773502691896258
        ]
      },
      "end": {
        "xyz": [
          116.55910767767,
          75.324585486355,
          5.0
        ],
        "pose": [
          0.4097615968014717,
          -0.7062309115674383,
          0.5773502691896258
        ]
      }
    }
  ]
}