{
    "contact_edges": {
        "1": {
            "type": "line",
            "start": [
                95.279447348044,
                -95.13739318537,
                5.0
            ],
            "end": [
                81.29087448416554,
                -104.40260142023554,
                5.0
            ],
            "length": 16.778684525416676,
            "solid_ids": [
                1,
                2
            ],
            "preferred_normal": [
                0.5101673042174757,
                -0.7702484743904056,
                0.3826834323650898
            ]
        },
        "2": {
            "type": "line",
            "start": [
                95.279447348044,
                -95.13739318537,
                5.0
            ],
            "end": [
                -41.956461036297895,
                112.06081060144159,
                5.0
            ],
            "length": 248.52523051504565,
            "solid_ids": [
                1,
                2
            ],
            "preferred_normal": [
                0.7702484743904056,
                0.5101673042174757,
                0.3826834323650898
            ]
        },
        "3": {
            "type": "line",
            "start": [
                81.290874484142,
                -104.4026014202,
                5.0
            ],
            "end": [
                -55.94503390017931,
                102.79560236658051,
                5.0
            ],
            "length": 248.5252305150084,
            "solid_ids": [
                1,
                2
            ],
            "preferred_normal": [
                -0.7702484743904056,
                -0.5101673042174757,
                0.3826834323650898
            ]
        },
        "4": {
            "type": "line",
            "start": [
                -41.95646103627,
                112.06081060146,
                5.0
            ],
            "end": [
                -55.945033900177044,
                102.79560236657554,
                5.0
            ],
            "length": 16.77868452545096,
            "solid_ids": [
                1,
                2
            ],
            "preferred_normal": [
                -0.5101673042174757,
                0.7702484743904056,
                0.3826834323650898
            ]
        }
    }
}