{
    "contact_edges": {
        "1": {
            "type": "line",
            "start": [
                108.14129712484,
                -39.72459587864,
                5.0
            ],
            "end": [
                101.39331677477078,
                -49.10449797209057,
                5.0
            ],
            "length": 11.55499035428583,
            "solid_ids": [
                1,
                2
            ],
            "preferred_normal": [
                0.7499702981478047,
                -0.5395349316674192,
                0.38268343236508984
            ]
        },
        "2": {
            "type": "line",
            "start": [
                108.14129712484,
                -39.72459587864,
                5.0
            ],
            "end": [
                -80.44846132310076,
                95.94846035929076,
                5.0
            ],
            "length": 232.32149099984997,
            "solid_ids": [
                1,
                2
            ],
            "preferred_normal": [
                0.5395349316674192,
                0.7499702981478047,
                0.38268343236508984
            ]
        },
        "3": {
            "type": "line",
            "start": [
                101.39331677477,
                -49.10449797209,
                5.0
            ],
            "end": [
                -87.19644167317026,
                86.56855826584041,
                5.0
            ],
            "length": 232.32149099984935,
            "solid_ids": [
                1,
                2
            ],
            "preferred_normal": [
                -0.5395349316674192,
                -0.7499702981478047,
                0.38268343236508984
            ]
        },
        "4": {
            "type": "line",
            "start": [
                -80.44846132312,
                95.948460359264,
                5.0
            ],
            "end": [
                -87.19644167318968,
                86.56855826581277,
                5.0
            ],
            "length": 11.554990354286646,
            "solid_ids": [
                1,
                2
            ],
            "preferred_normal": [
                -0.7499702981478047,
                0.5395349316674192,
                0.38268343236508984
            ]
        }
    }
}