{
    "contact_edges": {
        "1": {
            "type": "line",
            "start": [
                89.752100943952,
                -130.8563676425,
                5.0
            ],
            "end": [
                -142.1825108827035,
                -60.94838881612152,
                5.0
            ],
            "length": 242.24118078223353,
            "solid_ids": [
                1,
                2
            ],
            "preferred_normal": [
                -0.26662085524997736,
                -0.8845714839056504,
                0.38268343236508984
            ]
        },
        "2": {
            "type": "line",
            "start": [
                89.752100943952,
                -130.8563676425,
                5.0
            ],
            "end": [
                93.84183697149902,
                -117.28779715960272,
                5.0
            ],
            "length": 14.171522350275836,
            "solid_ids": [
                1,
                2
            ],
            "preferred_normal": [
                0.8845714839056504,
                -0.26662085524997736,
                0.38268343236508984
            ]
        },
        "3": {
            "type": "line",
            "start": [
                -142.1825108827,
                -60.94838881611,
                5.0
            ],
            "end": [
                -138.0927748551672,
                -47.379818333259884,
                5.0
            ],
            "length": 14.171522350226569,
            "solid_ids": [
                1,
                2
            ],
            "preferred_normal": [
                -0.8845714839056504,
                0.26662085524997736,
                0.38268343236508984
            ]
        },
        "4": {
            "type": "line",
            "start": [
                93.84183697149,
                -117.2877971596,
                5.0
            ],
            "end": [
                -138.0927748551893,
                -47.37981833321435,
                5.0
            ],
            "length": 242.2411807822584,
            "solid_ids": [
                1,
                2
            ],
            "preferred_normal": [
                0.26662085524997736,
                0.8845714839056504,
                0.38268343236508984
            ]
        }
    }
}