{
    "contact_edges": {
        "1": {
            "type": "line",
            "start": [
                100.90551766907,
                12.846352318668,
                5.0
            ],
            "end": [
                -146.70751539899473,
                -48.90917140385106,
                5.0
            ],
            "length": 255.1978817612112,
            "solid_ids": [
                1,
                2
            ],
            "preferred_normal": [
                0.2235702898197904,
                -0.8964205018311265,
                0.38268343236508984
            ]
        },
        "2": {
            "type": "line",
            "start": [
                100.90551766907,
                12.846352318668,
                5.0
            ],
            "end": [
                97.35352396167625,
                27.088316151382315,
                5.0
            ],
            "length": 14.678221728455645,
            "solid_ids": [
                1,
                2
            ],
            "preferred_normal": [
                0.8964205018311265,
                0.2235702898197904,
                0.38268343236508984
            ]
        },
        "3": {
            "type": "line",
            "start": [
                -146.707515399,
                -48.90917140383,
                5.0
            ],
            "end": [
                -150.25950910639546,
                -34.66720757110886,
                5.0
            ],
            "length": 14.678221728462683,
            "solid_ids": [
                1,
                2
            ],
            "preferred_normal": [
                -0.8964205018311265,
                -0.2235702898197904,
                0.38268343236508984
            ]
        },
        "4": {
            "type": "line",
            "start": [
                97.353523961679,
                27.088316151383,
                5.0
            ],
            "end": [
                -150.25950910639307,
                -34.667207571137894,
                5.0
            ],
            "length": 255.19788176121875,
            "solid_ids": [
                1,
                2
            ],
            "preferred_normal": [
                -0.2235702898197904,
                0.8964205018311265,
                0.38268343236508984
            ]
        },
        "5": {
            "type": "line",
            "start": [
                27.68826102746853,
                20.019883773372882,
                5.0
            ],
            "end": [
                -3.3740899312210635,
                144.56652302891797,
                5.0
            ],
            "length": 128.3617349404864,
            "solid_ids": [
                1,
                4
            ],
            "preferred_normal": [
                0.8964205018311265,
                0.2235702898197904,
                0.38268343236508984
            ]
        },
        "6": {
            "type": "line",
            "start": [
                27.688261027471686,
                20.019883773362107,
                5.0
            ],
            "end": [
                17.989019790477922,
                17.600860368657262,
                5.0
            ],
            "length": 9.996347073101761,
            "solid_ids": [
                1,
                4
            ],
            "preferred_normal": [
                0.22357028981979038,
                -0.8964205018311264,
                0.3826834323650899
            ]
        },
        "7": {
            "type": "line",
            "start": [
                -3.3740899312104227,
                144.5665230289096,
                5.0
            ],
            "end": [
                -13.073331168196685,
                142.1474996242066,
                5.0
            ],
            "length": 9.996347073094032,
            "solid_ids": [
                1,
                4
            ],
            "preferred_normal": [
                -0.2235702898197904,
                0.8964205018311265,
                0.38268343236508984
            ]
        },
        "8": {
            "type": "line",
            "start": [
                17.989019790474533,
                17.600860368668883,
                5.0
            ],
            "end": [
                -13.073331168215597,
                142.14749962421612,
                5.0
            ],
            "length": 128.36173494048862,
            "solid_ids": [
                1,
                4
            ],
            "preferred_normal": [
                -0.8964205018311265,
                -0.2235702898197904,
                0.38268343236508984
            ]
        },
        "9": {
            "type": "line",
            "start": [
                -5.793997310392,
                154.26930862257,
                15.0
            ],
            "end": [
                -5.793997310392,
                154.26930862257,
                61.031263336505
            ],
            "length": 46.031263336505,
            "solid_ids": [
                3,
                4
            ],
            "preferred_normal": [
                0.9890263480181672,
                -0.1477392396279582,
                0.0
            ]
        },
        "10": {
            "type": "line",
            "start": [
                -5.79399731038713,
                154.2693086225504,
                15.0
            ],
            "end": [
                -15.493238547376674,
                151.8502852178466,
                15.0
            ],
            "length": 9.996347073097414,
            "solid_ids": [
                3,
                4
            ],
            "preferred_normal": [
                0.24199073791805115,
                -0.970278559364205,
                0.0
            ]
        },
        "11": {
            "type": "line",
            "start": [
                -5.793997310392,
                154.26930862257,
                61.031263336505
            ],
            "end": [
                -15.49323854738155,
                151.8502852178662,
                61.031263336505
            ],
            "length": 9.996347073097422,
            "solid_ids": [
                3,
                4
            ],
            "preferred_normal": [
                0.09260584618704071,
                -0.3713095294477486,
                0.9238795325112867
            ]
        },
        "12": {
            "type": "line",
            "start": [
                -15.49323854738,
                151.85028521786,
                15.0
            ],
            "end": [
                -15.49323854738,
                151.85028521786,
                61.031263336505
            ],
            "length": 46.031263336505,
            "solid_ids": [
                3,
                4
            ],
            "preferred_normal": [
                -0.8038146556440857,
                -0.594879819267539,
                0.0
            ]
        },
        "13": {
            "type": "line",
            "start": [
                44.254994517136,
                166.75169561082,
                5.0
            ],
            "end": [
                -193.22361543039943,
                107.52373111924763,
                5.0
            ],
            "length": 244.75302237240837,
            "solid_ids": [
                1,
                3
            ],
            "preferred_normal": [
                0.2235702898197904,
                -0.8964205018311265,
                0.38268343236508984
            ]
        },
        "14": {
            "type": "line",
            "start": [
                44.254994517136,
                166.75169561082,
                5.0
            ],
            "end": [
                41.49311360536123,
                177.82564767719956,
                5.0
            ],
            "length": 11.413167857317164,