{
    "contact_edges": {
        "1": {
            "type": "line",
            "start": [
                97.856299940626,
                -131.4686842619,
                5.0
            ],
            "end": [
                -65.54598074534994,
                100.61718754060648,
                5.0
            ],
            "length": 283.83825891466415,
            "solid_ids": [
                1,
                2
            ],
            "preferred_normal": [
                -0.7554280651356419,
                -0.5318663638534535,
                0.38268343236508984
            ]
        },
        "2": {
            "type": "line",
            "start": [
                97.856299940626,
                -131.4686842619,
                5.0
            ],
            "end": [
                107.18721203649174,
                -124.89916624038828,
                5.0
            ],
            "length": 11.411594436175024,
            "solid_ids": [
                1,
                2
            ],
            "preferred_normal": [
                0.5318663638534535,
                -0.7554280651356419,
                0.38268343236508984
            ]
        },
        "3": {
            "type": "line",
            "start": [
                -65.54598074543,
                100.61718754055,
                5.0
            ],
            "end": [
                -56.21506864955082,
                107.18670556207117,
                5.0
            ],
            "length": 11.41159443619145,
            "solid_ids": [
                1,
                2
            ],
            "preferred_normal": [
                -0.5318663638534535,
                0.7554280651356419,
                0.38268343236508984
            ]
        },
        "4": {
            "type": "line",
            "start": [
                107.1872120365,
                -124.8991662404,
                5.0
            ],
            "end": [
                -56.21506864948334,
                107.18670556211697,
                5.0
            ],
            "length": 283.838258914677,
            "solid_ids": [
                1,
                2
            ],
            "preferred_normal": [
                0.7554280651356419,
                0.5318663638534535,
                0.38268343236508984
            ]
        },
        "5": {
            "type": "line",
            "start": [
                -144.4136417443,
                -55.16219327341,
                5.0
            ],
            "end": [
                -149.2795839097382,
                -48.25092848037689,
                5.0
            ],
            "length": 8.452394583596305,
            "solid_ids": [
                1,
                3
            ],
            "preferred_normal": [
                -0.7554280651356419,
                -0.5318663638534535,
                0.38268343236508984
            ]
        },
        "6": {
            "type": "line",
            "start": [
                -144.4136417443,
                -55.16219327341,
                5.0
            ],
            "end": [
                -26.531875220653475,
                27.833593379414367,
                5.0
            ],
            "length": 144.16799742264803,
            "solid_ids": [
                1,
                3
            ],
            "preferred_normal": [
                0.5318663638534535,
                -0.7554280651356419,
                0.38268343236508984
            ]
        },
        "7": {
            "type": "line",
            "start": [
                -149.2795839097,
                -48.25092848035,
                5.0
            ],
            "end": [
                -31.39781738609218,
                34.74485817244711,
                5.0
            ],
            "length": 144.16799742260068,
            "solid_ids": [
                1,
                3
            ],
            "preferred_normal": [
                -0.5318663638534535,
                0.7554280651356419,
                0.38268343236508984
            ]
        },
        "8": {
            "type": "line",
            "start": [
                -26.53187522065237,
                27.83359337947149,
                5.0
            ],
            "end": [
                -31.397817386111853,
                34.74485817253483,
                5.0
            ],
            "length": 8.452394583633291,
            "solid_ids": [
                1,
                3
            ],
            "preferred_normal": [
                0.7554280651356419,
                0.5318663638534535,
                0.38268343236508984
            ]
        },
        "9": {
            "type": "line",
            "start": [
                -18.35518076483,
                33.590473417782,
                15.0
            ],
            "end": [
                -18.35518076483,
                33.590473417782,
                46.352257674122
            ],
            "length": 31.352257674122,
            "solid_ids": [
                2,
                3
            ],
            "preferred_normal": [
                0.21895781387700478,
                -0.9757343264138055,
                0.0
            ]
        },
        "10": {
            "type": "line",
            "start": [
                -18.35518076480505,
                33.5904734177996,
                15.0
            ],
            "end": [
                -23.221122930267853,
                40.501738210867664,
                15.0
            ],
            "length": 8.452394583639064,
            "solid_ids": [
                2,
                3
            ],
            "preferred_normal": [
                -0.8176694455847934,
                -0.5756880038328546,
                0.0
            ]
        },
        "11": {
            "type": "line",
            "start": [
                -18.35518076483,
                33.590473417782,
                46.352257674122
            ],
            "end": [
                -23.221122930292804,
                40.501738210850064,
                46.352257674122
            ],
            "length": 8.452394583639064,
            "solid_ids": [
                2,
                3
            ],
            "preferred_normal": [
                -0.31290854997644885,
                -0.2203062612781638,
                0.9238795325112867
            ]
        },
        "12": {
            "type": "line",
            "start": [
                -23.2211229303,
                40.501738210845,
                15.0
            ],
            "end": [
                -23.2211229303,
                40.501738210845,
                46.352257674122
            ],
            "length": 31.352257674122,
            "solid_ids": [
                2,
                3
            ],
            "preferred_normal": [
                -0.8447749138299022,
                0.5351218038574781,
                0.0
            ]
        }
    }
}