{
    "contact_edges": {
        "1": {
            "type": "line",
            "start": [
                89.293874648521,
                -79.70038823553,
                5.0
            ],
            "end": [
                80.66116580572098,
                -79.67187915163504,
                5.0
            ],
            "length": 8.632755917574762,
            "solid_ids": [
                1,
                2
            ],
            "preferred_normal": [
                -0.0030510487441879433,
                -0.9238744945580185,
                0.3826834323650898
            ]
        },
        "2": {
            "type": "line",
            "start": [
                89.293874648521,
                -79.70038823553,
                5.0
            ],
            "end": [
                90.00025571037322,
                134.19571805489,
                5.0
            ],
            "length": 213.89727268108678,
            "solid_ids": [
                1,
                2
            ],
            "preferred_normal": [
                0.9238744945580186,
                -0.0030510487441879437,
                0.38268343236508984
            ]
        },
        "3": {
            "type": "line",
            "start": [
                80.661165805721,
                -79.67187915163,
                5.0
            ],
            "end": [
                81.36754686757318,
                134.22422713878,
                5.0
            ],
            "length": 213.89727268107677,
            "solid_ids": [
                1,
                2
            ],
            "preferred_normal": [
                -0.9238744945580186,
                0.0030510487441879437,
                0.38268343236508984
            ]
        },
        "4": {
            "type": "line",
            "start": [
                90.000255710373,
                134.19571805489,
                5.0
            ],
            "end": [
                81.36754686757402,
                134.22422713878495,
                5.0
            ],
            "length": 8.632755917573725,
            "solid_ids": [
                1,
                2
            ],
            "preferred_normal": [
                0.0030510487441879433,
                0.9238744945580185,
                0.3826834323650898
            ]
        }
    }
}