{
    "contact_edges": {
        "1": {
            "type": "line",
            "start": [
                156.92175581197,
                -83.46660385242,
                5.0
            ],
            "end": [
                139.77394010001015,
                -86.01189641734096,
                5.0
            ],
            "length": 17.335688562395756,
            "solid_ids": [
                1,
                2
            ],
            "preferred_normal": [
                0.13564755138048393,
                -0.9138671306036522,
                0.38268343236508984
            ]
        },
        "2": {
            "type": "line",
            "start": [
                156.92175581197,
                -83.46660385242,
                5.0
            ],
            "end": [
                119.0089498697997,
                171.9546464900989,
                5.0
            ],
            "length": 258.219666139015,
            "solid_ids": [
                1,
                2
            ],
            "preferred_normal": [
                0.9138671306036522,
                0.13564755138048393,
                0.38268343236508984
            ]
        },
        "3": {
            "type": "line",
            "start": [
                139.77394010001,
                -86.01189641734,
                5.0
            ],
            "end": [
                101.86113415784115,
                169.4093539251691,
                5.0
            ],
            "length": 258.2196661390051,
            "solid_ids": [
                1,
                2
            ],
            "preferred_normal": [
                -0.9138671306036522,
                -0.13564755138048393,
                0.38268343236508984
            ]
        },
        "4": {
            "type": "line",
            "start": [
                119.00894986974,
                171.95464649009,
                5.0
            ],
            "end": [
                101.8611341577787,
                169.4093539251688,
                5.0
            ],
            "length": 17.335688562397223,
            "solid_ids": [
                1,
                2
            ],
            "preferred_normal": [
                -0.13564755138048393,
                0.9138671306036522,
                0.38268343236508984
            ]
        },
        "5": {
            "type": "line",
            "start": [
                8.216281687286,
                -45.24470883635,
                15.0
            ],
            "end": [
                8.216281687286,
                -45.24470883635,
                79.921275703898
            ],
            "length": 64.921275703898,
            "solid_ids": [
                3,
                5
            ],
            "preferred_normal": [
                0.5141837110835014,
                -0.8576800751191543,
                0.0
            ]
        },
        "6": {
            "type": "line",
            "start": [
                8.216281687318858,
                -45.24470883634511,
                15.0
            ],
            "end": [
                6.78265551977596,
                -35.586268129104795,
                15.0
            ],
            "length": 9.764259361750923,
            "solid_ids": [
                3,
                5
            ],
            "preferred_normal": [
                0.9891626542689838,
                0.14682385160299757,
                0.0
            ]
        },
        "7": {
            "type": "line",
            "start": [
                8.216281687286,
                -45.24470883635,
                79.921275703898
            ],
            "end": [
                6.782655519743103,
                -35.58626812910969,
                79.921275703898
            ],
            "length": 9.764259361750916,
            "solid_ids": [
                3,
                5
            ],
            "preferred_normal": [
                0.37853615970301746,
                0.05618705548449772,
                0.9238795325112867
            ]
        },
        "8": {
            "type": "line",
            "start": [
                6.782655519741,
                -35.58626812911,
                15.0
            ],
            "end": [
                6.782655519741,
                -35.58626812911,
                79.921275703898
            ],
            "length": 64.921275703898,
            "solid_ids": [
                3,
                5
            ],
            "preferred_normal": [
                0.2428886083225334,
                0.9700541860881499,
                0.0
            ]
        },
        "9": {
            "type": "line",
            "start": [
                121.12556556199,
                -28.48530544733,
                5.0
            ],
            "end": [
                18.107908229971965,
                -43.77647032029294,
                5.0
            ],
            "length": 104.14632708525646,
            "solid_ids": [
                1,
                5
            ],
            "preferred_normal": [
                0.13564755138048393,
                -0.9138671306036522,
                0.38268343236508984
            ]
        },
        "10": {
            "type": "line",
            "start": [
                121.1255655620229,
                -28.485305447325114,
                5.0
            ],
            "end": [
                119.6919393944801,
                -18.826864740085504,
                5.0
            ],
            "length": 9.76425936175021,
            "solid_ids": [
                1,
                5
            ],
            "preferred_normal": [
                0.9138671306036522,
                0.13564755138048393,
                0.38268343236508984
            ]
        },
        "11": {
            "type": "line",
            "start": [
                18.107908230018044,
                -43.77647032031374,
                5.0
            ],
            "end": [
                16.674282062475147,
                -34.11802961307342,
                5.0
            ],
            "length": 9.76425936175093,
            "solid_ids": [
                1,
                5
            ],
            "preferred_normal": [
                -0.9138671306036522,
                -0.13564755138048393,
                0.3826834323650899
            ]
        },
        "12": {
            "type": "line",
            "start": [
                119.69193939445,
                -18.826864740090002,
                5.0
            ],
            "end": [
                16.67428206242708,
                -34.118029613053665,
                5.0
            ],
            "length": 104.1463270852614,
            "solid_ids": [
                1,
                5
            ],
            "preferred_normal": [
                -0.13564755138048393,
                0.9138671306036522,
                0.38268343236508984
            ]
        },
        "13": {
            "type": "line",
            "start": [
                111.76918050312972,
                34.549321271183956,
                5.0
            ],
            "end": [
                8.751523171111828,
                19.258156398221036,
                5.0
            ],
            "length": 104.14632708525632,
            "solid_ids": [
                1,
                4
            ],
            "preferred_normal": [
                0.13564755138048393,
                -0.9138671306036522,
                0.38268343236508984
            ]
        },
        "14": {
            "type": "line",
            "start": [
                111.76918050316405,
                34.54932127118706,
                5.0
            ],
            "end": [
                111.04003057877343,
                39.46165579106098,
                5.0
            ],
            "length": 4.966154452630702,