{
    "contact_edges": {
        "1": {
            "type": "line",
            "start": [
                100.8658558476,
                87.564751323762,
                5.0
            ],
            "end": [
                -85.81976172891132,
                -84.70432833502862,
                5.0
            ],
            "length": 254.02392725176537,
            "solid_ids": [
                1,
                2
            ],
            "preferred_normal": [
                0.6265389190033751,
                -0.6789715557866586,
                0.3826834323650898
            ]
        },
        "2": {
            "type": "line",
            "start": [
                100.8658558476,
                87.564751323762,
                5.0
            ],
            "end": [
                93.08508228380668,
                95.99666795590977,
                5.0
            ],
            "length": 11.473345429407905,
            "solid_ids": [
                1,
                2
            ],
            "preferred_normal": [
                0.6789715557866586,
                0.6265389190033752,
                0.3826834323650898
            ]
        },
        "3": {
            "type": "line",
            "start": [
                -85.81976172891,
                -84.70432833503,
                5.0
            ],
            "end": [
                -93.60053529270749,
                -76.27241170287769,
                5.0
            ],
            "length": 11.473345429414069,
            "solid_ids": [
                1,
                2
            ],
            "preferred_normal": [
                -0.6789715557866586,
                -0.6265389190033752,
                0.3826834323650898
            ]
        },
        "4": {
            "type": "line",
            "start": [
                93.085082283808,
                95.996667955911,
                5.0
            ],
            "end": [
                -93.60053529270714,
                -76.27241170288316,
                5.0
            ],
            "length": 254.02392725177057,
            "solid_ids": [
                1,
                2
            ],
            "preferred_normal": [
                -0.6265389190033751,
                0.6789715557866586,
                0.3826834323650898
            ]
        },
        "5": {
            "type": "line",
            "start": [
                8.859369195609,
                -109.483901404,
                5.0
            ],
            "end": [
                3.1343092271513613,
                -114.76685155602966,
                5.0
            ],
            "length": 7.790113859968062,
            "solid_ids": [
                1,
                3
            ],
            "preferred_normal": [
                0.6265389190033751,
                -0.6789715557866586,
                0.3826834323650898
            ]
        },
        "6": {
            "type": "line",
            "start": [
                8.859369195609,
                -109.483901404,
                5.0
            ],
            "end": [
                -40.252036483501314,
                -56.26255072740198,
                5.0
            ],
            "length": 72.41852204802007,
            "solid_ids": [
                1,
                3
            ],
            "preferred_normal": [
                0.6789715557866586,
                0.6265389190033752,
                0.3826834323650898
            ]
        },
        "7": {
            "type": "line",
            "start": [
                3.134309227124,
                -114.766851556,
                5.0
            ],
            "end": [
                -45.97709645195412,
                -61.54550087943688,
                5.0
            ],
            "length": 72.4185220479726,
            "solid_ids": [
                1,
                3
            ],
            "preferred_normal": [
                -0.6789715557866586,
                -0.6265389190033752,
                0.3826834323650898
            ]
        },
        "8": {
            "type": "line",
            "start": [
                -40.25203648350863,
                -56.262550727411494,
                5.0
            ],
            "end": [
                -45.97709645199347,
                -61.54550087946625,
                5.0
            ],
            "length": 7.7901138600050635,
            "solid_ids": [
                1,
                3
            ],
            "preferred_normal": [
                -0.6265389190033752,
                0.6789715557866586,
                0.3826834323650898
            ]
        },
        "9": {
            "type": "line",
            "start": [
                -47.0336448746,
                -48.91341556537,
                15.0
            ],
            "end": [
                -47.0336448746,
                -48.91341556537,
                62.1833368758
            ],
            "length": 47.1833368758,
            "solid_ids": [
                2,
                3
            ],
            "preferred_normal": [
                0.9384924733924347,
                0.3452996921309806,
                0.0
            ]
        },
        "10": {
            "type": "line",
            "start": [
                -47.03364487459719,
                -48.91341556537308,
                15.0
            ],
            "end": [
                -52.75870484308201,
                -54.19636571742783,
                15.0
            ],
            "length": 7.790113860005048,
            "solid_ids": [
                2,
                3
            ],
            "preferred_normal": [
                0.2595209176057759,
                -0.2812392268723943,
                -0.923879532511287
            ]
        },
        "11": {
            "type": "line",
            "start": [
                -47.0336448746,
                -48.91341556537,
                62.1833368758
            ],
            "end": [
                -52.75870484308483,
                -54.19636571742476,
                62.1833368758
            ],
            "length": 7.790113860005058,
            "solid_ids": [
                2,
                3
            ],
            "preferred_normal": [
                0.25952091760577617,
                -0.2812392268723946,
                0.9238795325112867
            ]
        },
        "12": {
            "type": "line",
            "start": [
                -52.75870484308,
                -54.19636571743,
                15.0
            ],
            "end": [
                -52.75870484308,
                -54.19636571743,
                62.1833368758
            ],
            "length": 47.1833368758,
            "solid_ids": [
                2,
                3
            ],
            "preferred_normal": [
                -0.4194506381808826,
                -0.9077781458757698,
                0.0
            ]
        }
    }
}