{
    "contact_edges": {
        "1": {
            "type": "line",
            "start": [
                80.545662305368,
                -11.39245315826,
                5.0
            ],
            "end": [
                -143.32591230960014,
                -17.341669265795417,
                5.0
            ],
            "length": 223.9506086012704,
            "solid_ids": [
                1,
                2
            ],
            "preferred_normal": [
                0.02454272855326038,
                -0.9235534879304148,
                0.38268343236508984
            ]
        },
        "2": {
            "type": "line",
            "start": [
                80.545662305368,
                -11.39245315826,
                5.0
            ],
            "end": [
                80.18410720099465,
                2.2130217586150187,
                5.0
            ],
            "length": 13.610278094411361,
            "solid_ids": [
                1,
                2
            ],
            "preferred_normal": [
                0.9235534879304148,
                0.02454272855326038,
                0.38268343236508984
            ]
        },
        "3": {
            "type": "line",
            "start": [
                -143.3259123096,
                -17.3416692658,
                5.0
            ],
            "end": [
                -143.68746741397337,
                -3.7361943489249474,
                5.0
            ],
            "length": 13.610278094411395,
            "solid_ids": [
                1,
                2
            ],
            "preferred_normal": [
                -0.9235534879304148,
                -0.02454272855326038,
                0.38268343236508984
            ]
        },
        "4": {
            "type": "line",
            "start": [
                80.184107200994,
                2.213021758615,
                5.0
            ],
            "end": [
                -143.68746741390018,
                -3.7361943489184517,
                5.0
            ],
            "length": 223.95060860119642,
            "solid_ids": [
                1,
                2
            ],
            "preferred_normal": [
                -0.02454272855326038,
                0.9235534879304148,
                0.38268343236508984
            ]
        },
        "5": {
            "type": "line",
            "start": [
                -7.046679619362411,
                9.898460550685016,
                5.0
            ],
            "end": [
                -8.992277109291251,
                83.11213538855203,
                5.0
            ],
            "length": 73.23952165912705,
            "solid_ids": [
                1,
                4
            ],
            "preferred_normal": [
                0.9235534879304148,
                0.02454272855326038,
                0.38268343236508984
            ]
        },
        "6": {
            "type": "line",
            "start": [
                -7.046679619363047,
                9.898460550686368,
                5.0
            ],
            "end": [
                -14.320024315170052,
                9.705176970605367,
                5.0
            ],
            "length": 7.275912424318535,
            "solid_ids": [
                1,
                4
            ],
            "preferred_normal": [
                0.02454272855326038,
                -0.9235534879304148,
                0.38268343236508984
            ]
        },
        "7": {
            "type": "line",
            "start": [
                -8.992277109292047,
                83.11213538855337,
                5.0
            ],
            "end": [
                -16.265621805100047,
                82.91885180847234,
                5.0
            ],
            "length": 7.27591242431953,
            "solid_ids": [
                1,
                4
            ],
            "preferred_normal": [
                -0.02454272855326038,
                0.9235534879304148,
                0.3826834323650898
            ]
        },
        "8": {
            "type": "line",
            "start": [
                -14.320024315169421,
                9.705176970604017,
                5.0
            ],
            "end": [
                -16.26562180509826,
                82.91885180847106,
                5.0
            ],
            "length": 73.23952165912708,
            "solid_ids": [
                1,
                4
            ],
            "preferred_normal": [
                -0.9235534879304148,
                -0.02454272855326038,
                0.38268343236508984
            ]
        },
        "9": {
            "type": "line",
            "start": [
                -9.257925688892,
                93.10860630744,
                15.0
            ],
            "end": [
                -9.257925688892,
                93.10860630744,
                53.759472200115
            ],
            "length": 38.759472200115,
            "solid_ids": [
                3,
                4
            ],
            "preferred_normal": [
                0.9337194189548165,
                -0.35800565172449395,
                0.0
            ]
        },
        "10": {
            "type": "line",
            "start": [
                -9.257925688892016,
                93.10860630744037,
                15.0
            ],
            "end": [
                -16.531270384700044,
                92.91532272735934,
                15.0
            ],
            "length": 7.275912424319558,
            "solid_ids": [
                3,
                4
            ],
            "preferred_normal": [
                0.026564857959942467,
                -0.9996470918887166,
                0.0
            ]
        },
        "11": {
            "type": "line",
            "start": [
                -9.257925688892,
                93.10860630744,
                53.759472200115
            ],
            "end": [
                -16.53127038470003,
                92.91532272735897,
                53.759472200115
            ],
            "length": 7.27591242431956,
            "solid_ids": [
                3,
                4
            ],
            "preferred_normal": [
                0.01016593102440186,
                -0.3825483802777544,
                0.9238795325112867
            ]
        },
        "12": {
            "type": "line",
            "start": [
                -16.5312703847,
                92.915322727358,
                15.0
            ],
            "end": [
                -16.5312703847,
                92.915322727358,
                53.759472200115
            ],
            "length": 38.759472200115,
            "solid_ids": [
                3,
                4
            ],
            "preferred_normal": [
                -0.9133875569060129,
                -0.4070911088310147,
                0.0
            ]
        },
        "13": {
            "type": "line",
            "start": [
                97.059580980103,
                95.933912844351,
                5.0
            ],
            "end": [
                -106.23544654020012,
                90.5315027599723,
                5.0
            ],
            "length": 203.36679731264047,
            "solid_ids": [
                1,
                3
            ],
            "preferred_normal": [
                0.02454272855326038,
                -0.9235534879304148,
                0.38268343236508984
            ]
        },
        "14": {
            "type": "line",
            "start": [
                97.059580980103,
                95.933912844351,
                5.0
            ],
            "end": [
                96.70427384232426,
                109.30427407660001,
                5.0
            ],
            "length": 13.375081406966606,