{
    "contact_edges": {
        "1": {
            "type": "line",
            "start": [
                92.854042437609,
                -58.27418905571,
                5.0
            ],
            "end": [
                -8.43821066064785,
                110.18090175147802,
                5.0
            ],
            "length": 196.56357281190043,
            "solid_ids": [
                1,
                2
            ],
            "preferred_normal": [
                -0.7917652712439345,
                -0.47608943051205466,
                0.38268343236508984
            ]
        },
        "2": {
            "type": "line",
            "start": [
                92.854042437609,
                -58.27418905571,
                5.0
            ],
            "end": [
                107.79169079501517,
                -49.292162743171964,
                5.0
            ],
            "length": 17.430150175160428,
            "solid_ids": [
                1,
                2
            ],
            "preferred_normal": [
                0.47608943051205466,
                -0.7917652712439345,
                0.38268343236508984
            ]
        },
        "3": {
            "type": "line",
            "start": [
                -8.438210660578,
                110.18090175152,
                5.0
            ],
            "end": [
                6.4994376968281795,
                119.16292806405804,
                5.0
            ],
            "length": 17.43015017516043,
            "solid_ids": [
                1,
                2
            ],
            "preferred_normal": [
                -0.47608943051205466,
                0.7917652712439345,
                0.38268343236508984
            ]
        },
        "4": {
            "type": "line",
            "start": [
                107.79169079502,
                -49.29216274318,
                5.0
            ],
            "end": [
                6.499437696763141,
                119.16292806400806,
                5.0
            ],
            "length": 196.56357281190049,
            "solid_ids": [
                1,
                2
            ],
            "preferred_normal": [
                0.7917652712439345,
                0.47608943051205466,
                0.38268343236508984
            ]
        },
        "5": {
            "type": "line",
            "start": [
                3.658520762808,
                -78.09832859605,
                5.0
            ],
            "end": [
                -125.10890448280496,
                136.04962101778696,
                5.0
            ],
            "length": 249.88075981994885,
            "solid_ids": [
                1,
                3
            ],
            "preferred_normal": [
                -0.7917652712439345,
                -0.47608943051205466,
                0.38268343236508984
            ]
        },
        "6": {
            "type": "line",
            "start": [
                3.658520762808,
                -78.09832859605,
                5.0
            ],
            "end": [
                16.080047730759272,
                -70.62924916677545,
                5.0
            ],
            "length": 14.494187791537437,
            "solid_ids": [
                1,
                3
            ],
            "preferred_normal": [
                0.47608943051205466,
                -0.7917652712439345,
                0.38268343236508984
            ]
        },
        "7": {
            "type": "line",
            "start": [
                -125.1089044827,
                136.04962101785,
                5.0
            ],
            "end": [
                -112.68737751471494,
                143.51870044714485,
                5.0
            ],
            "length": 14.494187791576858,
            "solid_ids": [
                1,
                3
            ],
            "preferred_normal": [
                -0.47608943051205466,
                0.7917652712439345,
                0.38268343236508984
            ]
        },
        "8": {
            "type": "line",
            "start": [
                16.080047730762,
                -70.62924916678,
                5.0
            ],
            "end": [
                -112.68737751483873,
                143.51870044703662,
                5.0
            ],
            "length": 249.88075981992515,
            "solid_ids": [
                1,
                3
            ],
            "preferred_normal": [
                0.7917652712439345,
                0.47608943051205466,
                0.38268343236508984
            ]
        }
    }
}