{
    "contact_edges": {
        "1": {
            "type": "line",
            "start": [
                47.117276397137,
                -84.5914622659,
                5.0
            ],
            "end": [
                42.74214669462457,
                -77.11508440466083,
                5.0
            ],
            "length": 8.662446873593723,
            "solid_ids": [
                1,
                2
            ],
            "preferred_normal": [
                -0.7973812231247558,
                -0.46662251938943344,
                0.38268343236508984
            ]
        },
        "2": {
            "type": "line",
            "start": [
                47.117276397137,
                -84.5914622659,
                5.0
            ],
            "end": [
                140.91927929525514,
                -29.699115109078775,
                5.0
            ],
            "length": 108.68295875657573,
            "solid_ids": [
                1,
                2
            ],
            "preferred_normal": [
                0.46662251938943344,
                -0.7973812231247558,
                0.38268343236508984
            ]
        },
        "3": {
            "type": "line",
            "start": [
                42.742146694626,
                -77.11508440466,
                5.0
            ],
            "end": [
                136.54414959274052,
                -22.222737247840875,
                5.0
            ],
            "length": 108.68295875657155,
            "solid_ids": [
                1,
                2
            ],
            "preferred_normal": [
                -0.46662251938943344,
                0.7973812231247558,
                0.38268343236508984
            ]
        },
        "4": {
            "type": "line",
            "start": [
                140.91927929525,
                -29.69911510907,
                5.0
            ],
            "end": [
                136.5441495927422,
                -22.222737247838726,
                5.0
            ],
            "length": 8.662446873584567,
            "solid_ids": [
                1,
                2
            ],
            "preferred_normal": [
                0.7973812231247558,
                0.46662251938943344,
                0.38268343236508984
            ]
        }
    }
}